ply
format ascii 1.0
element vertex 5393
property float x
property float y
property float z
property uchar red
property uchar green
property uchar blue
end_header
-0.15484987199306488 0.33748191595077515 0.7443819642066956 128 125 57
-0.1534467190504074 0.3374260663986206 0.7436756491661072 137 128 65
-0.14833268523216248 0.33762127161026 0.7434515357017517 131 129 67
-0.14323553442955017 0.33818358182907104 0.7438055276870728 125 82 62
-0.13968299329280853 0.3376501798629761 0.7453590035438538 143 134 49
-0.1311899721622467 0.3376891314983368 0.7454335689544678 143 134 44
-0.1233433410525322 0.33791109919548035 0.7468951940536499 154 149 59
-0.11582934856414795 0.33787021040916443 0.7488492727279663 169 167 87
-0.1098761111497879 0.3394912779331207 0.7562808394432068 153 152 70
-0.10882247239351273 0.3450852334499359 0.7583680748939514 201 194 155
-0.1062331274151802 0.34594056010246277 0.7637125253677368 171 170 100
-0.10151863098144531 0.3459453284740448 0.7629384398460388 163 164 90
-0.0977744609117508 0.34501534700393677 0.7587013840675354 167 161 105
-0.0946679562330246 0.3444364368915558 0.7557191252708435 250 242 214
-0.09221687912940979 0.33841466903686523 0.7542369365692139 131 130 41
-0.08340670168399811 0.3383273780345917 0.753654420375824 122 121 35
-0.08106019347906113 0.3440381586551666 0.7544656991958618 228 204 171
-0.04616761580109596 0.3445056676864624 0.7559015154838562 248 221 175
-0.044475007802248 0.3381982743740082 0.7549790740013123 140 87 3
-0.03435564413666725 0.33842456340789795 0.7544103860855103 161 110 5
-0.032205238938331604 0.3444812595844269 0.7556202411651611 246 210 156
-0.029894720762968063 0.3452637195587158 0.7590301632881165 169 138 93
-0.026225663721561432 0.3457321226596832 0.7621020674705505 124 85 47
-0.019116906449198723 0.3459404706954956 0.7646605968475342 173 128 24
-0.0036255677696317434 0.3466353118419647 0.767742395401001 112 78 15
0.0034762604627758265 0.3450011909008026 0.7679025530815125 116 101 20
0.005040693562477827 0.347610205411911 0.7681857943534851 126 119 43
0.012454774230718613 0.3461495041847229 0.7693362832069397 122 121 33
0.05186488479375839 0.33685824275016785 0.7404787540435791 139 118 82
0.060254767537117004 0.33629152178764343 0.7377617359161377 250 207 164
0.11073904484510422 0.3525698184967041 0.7729613184928894 235 202 171
0.11624561995267868 0.3528236448764801 0.7740952968597412 233 232 200
0.12492746859788895 0.35350391268730164 0.7784093618392944 146 146 76
0.16296954452991486 0.3571441173553467 0.791093111038208 163 118 56
0.16809949278831482 0.36107468605041504 0.7914998531341553 255 236 211
0.17251628637313843 0.3613928556442261 0.7950140237808228 179 180 121
0.18064163625240326 0.3616633415222168 0.7979586124420166 182 182 108
0.18777012825012207 0.3622554540634155 0.7992268204689026 187 188 116
0.1928177922964096 0.36187058687210083 0.799919605255127 189 151 91
0.1966065913438797 0.36194002628326416 0.8011118173599243 200 200 121
0.2045743316411972 0.36254462599754333 0.8024451732635498 146 138 70
0.2205629199743271 0.3624725937843323 0.8050307631492615 54 49 7
0.22882892191410065 0.36266571283340454 0.8061761856079102 53 48 5
0.23347492516040802 0.36822330951690674 0.8075844049453735 124 94 54
0.23698467016220093 0.3687204420566559 0.8090459704399109 130 113 70
0.24434016644954681 0.3690703511238098 0.8105713129043579 106 91 48
0.25205206871032715 0.3689175546169281 0.8109710216522217 82 70 36
0.268329918384552 0.3696233928203583 0.8138129711151123 63 49 19
0.2734392583370209 0.3698262870311737 0.8155132532119751 65 52 17
0.2777886390686035 0.3704022467136383 0.8167877197265625 60 49 19
0.28462928533554077 0.37044021487236023 0.8172745108604431 59 49 15
0.29297229647636414 0.3698576092720032 0.8182491660118103 61 52 7
0.3084021806716919 0.3705615997314453 0.821470320224762 62 58 6
0.31594398617744446 0.37061387300491333 0.823021650314331 64 60 7
0.3252468407154083 0.3763582408428192 0.825669527053833 146 132 88
0.3322073519229889 0.37700605392456055 0.8271817564964294 153 143 99
0.3638448417186737 0.37771540880203247 0.8308386206626892 75 71 39
0.37028083205223083 0.37799450755119324 0.8315019011497498 84 75 41
0.42486369609832764 0.4105437994003296 0.9047353267669678 82 68 36
0.4265908896923065 0.4095645248889923 0.900922417640686 102 100 66
0.4286423623561859 0.40288761258125305 0.8920096755027771 68 66 25
0.4301616847515106 0.4015336036682129 0.8845160007476807 75 72 40
0.432623028755188 0.4004354774951935 0.878202497959137 157 132 94
0.43308085203170776 0.39504414796829224 0.8757043480873108 69 62 15
0.43329477310180664 0.3941028416156769 0.8682575821876526 83 76 40
0.4332506060600281 0.3929460346698761 0.8620213866233826 162 140 99
0.43344736099243164 0.387222021818161 0.859980583190918 65 62 14
0.43777361512184143 0.37875813245773315 0.8446107506752014 66 61 9
0.4393016993999481 0.37885838747024536 0.8372360467910767 73 69 23
0.4397318661212921 0.37793174386024475 0.8319252133369446 67 34 15
0.442024827003479 0.3773694932460785 0.8292173743247986 109 106 74
0.44466936588287354 0.3703259527683258 0.8205562829971313 68 61 16
0.4470165967941284 0.3695354163646698 0.813305139541626 83 68 30
0.4484792649745941 0.3681662380695343 0.8072624802589417 125 101 59
0.44936373829841614 0.3627019226551056 0.8032234311103821 48 38 3
0.45131760835647583 0.3622870445251465 0.7993099093437195 56 45 9
-0.07545501738786697 0.3383220434188843 0.7550493478775024 112 111 26
-0.06771216541528702 0.3387901484966278 0.7557783126831055 111 82 6
-0.05941643565893173 0.3383038341999054 0.757290780544281 143 89 0
-0.05205269902944565 0.3385915458202362 0.7584282159805298 151 96 1
-0.030480630695819855 0.3403629660606384 0.7587850689888 154 104 4
0.052732501178979874 0.3308417499065399 0.7384351491928101 108 73 5
0.06019406393170357 0.3305973410606384 0.7372459173202515 163 69 0
0.06747560948133469 0.33038827776908875 0.7383533716201782 136 104 18
0.10995027422904968 0.345688134431839 0.7716556787490845 128 129 40
0.11619944125413895 0.3469124138355255 0.7736408710479736 125 126 36
0.16813796758651733 0.35738706588745117 0.7916810512542725 140 91 27
0.17275843024253845 0.3547102212905884 0.7951261401176453 180 181 90
0.2334623783826828 0.36288192868232727 0.8076397180557251 48 42 2
0.23745937645435333 0.36286547780036926 0.8089113235473633 48 43 0
0.24463267624378204 0.36304160952568054 0.8098335862159729 48 43 0
0.32448074221611023 0.37090206146240234 0.8252397179603577 60 57 5
0.33194538950920105 0.37062129378318787 0.8265705108642578 59 55 3
0.3401557207107544 0.37099310755729675 0.8274024724960327 59 56 4
0.4266914129257202 0.4032379388809204 0.8999161124229431 58 57 6
0.43001529574394226 0.3948111832141876 0.8844373226165771 64 60 5
0.4418085813522339 0.3710249960422516 0.8276307582855225 62 60 6
0.4462285339832306 0.36288052797317505 0.8126954436302185 57 56 5
-0.14825719594955444 0.3303666412830353 0.7433359026908875 143 140 53
-0.09806838631629944 0.3388417065143585 0.7581958174705505 128 128 39
-0.02705775946378708 0.33894869685173035 0.7618904709815979 162 115 3
0.04639154672622681 0.3312452435493469 0.738649308681488 103 96 17
0.12110868096351624 0.3465106189250946 0.775333821773529 131 131 41
0.12533682584762573 0.34733638167381287 0.7777087688446045 132 135 46
0.2530461549758911 0.3629211485385895 0.8102906942367554 50 44 1
0.260102242231369 0.3625647723674774 0.8115325570106506 52 48 3
0.26774832606315613 0.3630632162094116 0.8133566379547119 54 51 3
0.34891679883003235 0.3706994950771332 0.8285982012748718 61 59 3
0.3565192222595215 0.37055426836013794 0.829876184463501 60 58 4
0.36394262313842773 0.37112361192703247 0.8307260870933533 61 60 4
0.3706258535385132 0.37128162384033203 0.8315412998199463 61 59 3
0.43299800157546997 0.3865998089313507 0.8688080310821533 64 61 7
0.43496912717819214 0.37888631224632263 0.8518485426902771 68 61 8
-0.15339075028896332 0.33189496397972107 0.743736982345581 132 129 42
-0.14295881986618042 0.33012980222702026 0.7438164353370667 131 91 36
-0.13960231840610504 0.3308783769607544 0.7449299097061157 135 129 37
-0.13093960285186768 0.3299467861652374 0.7453145384788513 156 151 41
-0.12377678602933884 0.33062127232551575 0.7467861175537109 142 140 40
-0.10665895789861679 0.33862563967704773 0.7633161544799805 130 128 41
-0.10205633193254471 0.3395565450191498 0.7622613310813904 127 126 38
-0.019400693476200104 0.3380410075187683 0.7636151909828186 165 119 0
0.008630422875285149 0.3456956148147583 0.7677929401397705 136 110 44
0.09132818877696991 0.346472829580307 0.7816538214683533 131 126 34
0.13236552476882935 0.34676727652549744 0.7808412909507751 108 108 29
0.18065616488456726 0.3547569513320923 0.7980268001556396 181 185 93
0.18887557089328766 0.35466352105140686 0.799224853515625 187 189 99
0.27578970789909363 0.3620010316371918 0.8148079514503479 60 56 6
0.28201746940612793 0.36162781715393066 0.8155727982521057 61 58 5
0.28520360589027405 0.36403903365135193 0.8166955709457397 61 57 6
0.32144325971603394 0.3698368966579437 0.8236142992973328 66 56 8
0.4248160123825073 0.40466001629829407 0.9045472741127014 62 57 6
0.4316888153553009 0.3948323428630829 0.8793928623199463 61 57 6
0.4389807879924774 0.3711703419685364 0.8361486792564392 64 60 6
0.4398050010204315 0.3704395592212677 0.8315131664276123 66 58 7
0.4433671832084656 0.36288702487945557 0.8206172585487366 62 60 6
0.447455495595932 0.3613246977329254 0.8065596222877502 53 51 7
0.4499800503253937 0.354900062084198 0.7986268401145935 39 34 0
-0.11655370891094208 0.33034732937812805 0.7494663596153259 137 136 50
-0.011768844909965992 0.338701456785202 0.7652820944786072 159 117 6
-0.0031759170815348625 0.33859363198280334 0.7666868567466736 101 71 1
0.08734860271215439 0.34728530049324036 0.7816380858421326 130 126 35
0.19306497275829315 0.3538562059402466 0.7998695969581604 193 189 105
0.19655252993106842 0.3544512987136841 0.8006883263587952 197 198 111
0.20440663397312164 0.3549061119556427 0.8017767071723938 156 150 71
0.29272130131721497 0.3628636300563812 0.8174422979354858 62 58 7
0.30063366889953613 0.3624018728733063 0.8188194036483765 63 60 5
0.41960132122039795 0.4035573899745941 0.9016916751861572 62 53 6
0.4229440689086914 0.4034406840801239 0.9053859710693359 60 59 6
0.42789289355278015 0.3953641653060913 0.8924760222434998 62 60 5
0.4324677288532257 0.3878495395183563 0.8755399584770203 63 60 5
0.4486296474933624 0.35677340626716614 0.8013517260551453 44 39 2
-0.09178748726844788 0.33039620518684387 0.7529205083847046 116 115 29
-0.08383173495531082 0.3301936388015747 0.7528178691864014 114 113 28
-0.033580031245946884 0.33123189210891724 0.7549943327903748 132 79 0
0.00426317797973752 0.33824867010116577 0.767547607421875 106 81 3
0.00837850570678711 0.33913376927375793 0.7679193615913391 124 118 30
0.013048731721937656 0.33887821435928345 0.7689628601074219 125 120 29
0.0177485179156065 0.3423340618610382 0.7701781988143921 124 121 31
0.21275100111961365 0.35448330640792847 0.8032098412513733 83 72 9
0.2203405499458313 0.35445478558540344 0.8042022585868835 86 79 24
0.22835683822631836 0.3550409972667694 0.805629551410675 56 52 2
0.30803167819976807 0.3633815050125122 0.8204063177108765 63 61 4
0.31593942642211914 0.3622232675552368 0.8217796683311462 63 61 4
0.32284465432167053 0.36264240741729736 0.8233543634414673 61 60 5
0.37460964918136597 0.3710363507270813 0.8323091268539429 61 59 4
0.4332778751850128 0.37925484776496887 0.8598813414573669 67 61 6
0.43707236647605896 0.3707948625087738 0.8442138433456421 66 62 8
0.446757435798645 0.35435646772384644 0.8050127029418945 58 52 4
-0.11101031303405762 0.33205941319465637 0.7582225203514099 110 110 33
-0.09918943047523499 0.33061671257019043 0.7570856213569641 107 107 29
-0.07505137473344803 0.3305261433124542 0.7543919086456299 108 103 25
-0.06767114996910095 0.3301759958267212 0.7553166747093201 103 79 6
-0.04478834196925163 0.3305249512195587 0.7544966340065002 155 104 2
-0.03768894448876381 0.33028849959373474 0.7516311407089233 142 94 0
0.03648560866713524 0.321297287940979 0.7331113815307617 122 117 29
0.044357214123010635 0.3228207528591156 0.7333933115005493 109 102 21
0.04661315679550171 0.32728394865989685 0.7363023161888123 107 89 18
0.052746377885341644 0.3273119330406189 0.7367250919342041 109 75 8
0.0608527772128582 0.3261473476886749 0.7364873886108398 135 53 1
0.0686120018362999 0.322738915681839 0.7376279234886169 147 117 42
0.11600124090909958 0.3389764130115509 0.772311806678772 126 132 42
0.236504927277565 0.354129433631897 0.8070454001426697 58 55 5
0.24571533501148224 0.35606619715690613 0.8084757328033447 58 55 4
0.25313809514045715 0.35458889603614807 0.8101193904876709 61 59 6
0.3261552155017853 0.3646070659160614 0.8245090842247009 62 60 6
0.33282116055488586 0.3623315989971161 0.8251209259033203 63 61 8
0.3401508927345276 0.3629809617996216 0.8263753652572632 61 61 5
0.34843379259109497 0.362881600856781 0.8277952671051025 61 60 6
0.4254731237888336 0.39529696106910706 0.89947509765625 63 61 5
0.42948809266090393 0.3869919776916504 0.883802592754364 62 61 5
0.4314022362232208 0.38711804151535034 0.8783800005912781 65 62 7
0.4408424198627472 0.36362847685813904 0.8260655999183655 64 62 6
0.44479605555534363 0.35467836260795593 0.812302827835083 63 58 5
-0.11268115043640137 0.3308270275592804 0.754127562046051 117 116 38
-0.059758707880973816 0.3302978575229645 0.7563766837120056 123 80 0
-0.051992569118738174 0.3307915925979614 0.757184624671936 152 101 3
-0.04059501364827156 0.3295347988605499 0.7517547607421875 160 106 2
-0.03065481223165989 0.33159390091896057 0.7589195370674133 144 92 0
0.052753135561943054 0.32199981808662415 0.7339346408843994 140 111 49
0.12368667870759964 0.3386092782020569 0.774196982383728 131 133 47
0.1264050155878067 0.34202975034713745 0.776589572429657 139 135 52
0.16698212921619415 0.3501489758491516 0.7927797436714172 166 141 62
0.17317794263362885 0.34861916303634644 0.7955987453460693 180 181 90
0.24256396293640137 0.35391542315483093 0.8076705932617188 60 59 7
0.26093801856040955 0.35456496477127075 0.8115444183349609 61 59 4
0.26874569058418274 0.35490211844444275 0.8122448325157166 62 59 4
0.3566521108150482 0.3622937500476837 0.8290802240371704 60 61 7
0.3647001087665558 0.3624492585659027 0.8295314908027649 62 60 7
0.37211668491363525 0.363129585981369 0.8308021426200867 62 61 5
0.42167165875434875 0.3942772150039673 0.9020714163780212 63 62 8
0.43280884623527527 0.3791700601577759 0.8683927655220032 64 62 7
0.43411099910736084 0.37092325091362 0.8520946502685547 68 62 7
0.4394342303276062 0.3629719316959381 0.829488217830658 64 62 6
-0.15363161265850067 0.3227403461933136 0.7436625957489014 127 126 41
-0.14771565794944763 0.3216724693775177 0.742945671081543 135 133 43
-0.1394408643245697 0.3215515911579132 0.7431415319442749 117 116 31
-0.13472019135951996 0.32123494148254395 0.7437448501586914 101 90 19
-0.13390594720840454 0.32803410291671753 0.7439218759536743 127 77 11
-0.10712456703186035 0.33021456003189087 0.762035608291626 93 91 21
-0.10284388810396194 0.3328387439250946 0.7611360549926758 111 109 30
-0.08982440084218979 0.328747421503067 0.7518834471702576 118 90 31
-0.08692410588264465 0.32931751012802124 0.7519581317901611 106 69 21
-0.026769103482365608 0.3307763934135437 0.7614399194717407 154 109 2
-0.019592106342315674 0.3298281729221344 0.7619699239730835 114 77 1
0.06020323932170868 0.3218628466129303 0.7347574830055237 113 57 11
0.13244721293449402 0.33866986632347107 0.778263509273529 107 110 28
0.18062125146389008 0.3470878303050995 0.7978439927101135 183 184 95
0.18773366510868073 0.3472353518009186 0.7987322211265564 189 189 101
0.2770135700702667 0.35454416275024414 0.8133386373519897 64 59 3
0.2840555012226105 0.35466206073760986 0.8146302700042725 67 61 5
0.2897282540798187 0.3542240858078003 0.8156585693359375 64 61 5
0.2929495871067047 0.3559426963329315 0.8164936304092407 63 59 5
0.32989856600761414 0.3611624836921692 0.8238081336021423 66 45 7
0.42233264446258545 0.39711248874664307 0.9045087695121765 62 61 6
0.43824395537376404 0.362701416015625 0.8364328742027283 66 64 8
0.4417831599712372 0.35474517941474915 0.8202751278877258 65 62 7
0.44893911480903625 0.3472598195075989 0.7968236804008484 36 33 0
-0.13058455288410187 0.32283303141593933 0.7449719905853271 113 111 28
-0.12353067845106125 0.322358101606369 0.746768057346344 85 84 18
-0.011736800894141197 0.330484539270401 0.7630963921546936 104 70 1
-0.003209696151316166 0.3304935395717621 0.7649165987968445 100 69 0
0.08726126700639725 0.3398580551147461 0.7808393239974976 141 77 11
0.09140162169933319 0.33878037333488464 0.7817308306694031 141 63 3
0.19343088567256927 0.34988150000572205 0.7997336983680725 192 190 105
0.19723094999790192 0.35023263096809387 0.8004342913627625 197 198 111
0.2043127417564392 0.35056498646736145 0.801378071308136 163 160 77
0.2127848118543625 0.3501235544681549 0.8028061389923096 104 94 19
0.3003443777561188 0.35418885946273804 0.8176700472831726 62 60 6
0.3086748421192169 0.35488271713256836 0.8194237351417542 61 60 6
0.42694079875946045 0.38666069507598877 0.8927444815635681 64 63 6
0.43269893527030945 0.37149763107299805 0.8595243096351624 65 61 7
0.4459877908229828 0.3469279408454895 0.8040818572044373 61 56 6
-0.11699718981981277 0.3229420483112335 0.7497104406356812 77 75 15
0.004260133486241102 0.33065661787986755 0.7668576836585999 103 72 0
0.010456448420882225 0.33109763264656067 0.7676449418067932 121 107 20
0.013487562537193298 0.33491942286491394 0.7684221863746643 123 118 30
0.03624175488948822 0.3142582178115845 0.7308343648910522 128 68 6
0.04430200159549713 0.3147564232349396 0.7297490835189819 129 67 5
0.1372131109237671 0.33974751830101013 0.7797250747680664 95 96 19
0.22096958756446838 0.347671777009964 0.8036563992500305 75 70 10
0.2280728965997696 0.34691929817199707 0.8044509291648865 67 64 7
0.31646478176116943 0.35478177666664124 0.8208303451538086 61 61 7
0.32395005226135254 0.35460594296455383 0.8222336173057556 63 61 5
0.3316648304462433 0.3544723689556122 0.8233627080917358 61 61 6
0.42474594712257385 0.38727185130119324 0.8983752727508545 62 61 6
0.43091896176338196 0.3790178596973419 0.8774651885032654 63 62 7
0.4322558641433716 0.380442351102829 0.8738092184066772 64 61 8
0.43609049916267395 0.3628573715686798 0.8445037603378296 65 64 7
0.4475841522216797 0.34540247917175293 0.7988319396972656 49 47 6
-0.11333048343658447 0.3230988085269928 0.7554216384887695 80 79 15
-0.10059913992881775 0.3225347697734833 0.7566026449203491 104 104 25
-0.09440504759550095 0.32643377780914307 0.7524120807647705 108 105 29
-0.0914614275097847 0.32222750782966614 0.7509477734565735 110 110 30
-0.08702314645051956 0.3228924870491028 0.7515302896499634 111 112 31
-0.08242736011743546 0.3227088749408722 0.7525978684425354 107 108 28
-0.07529641687870026 0.3219773471355438 0.7535730600357056 97 94 20
-0.04546722397208214 0.32288166880607605 0.7538301348686218 165 115 2
-0.04099171608686447 0.32279297709465027 0.7511407732963562 161 108 0
-0.037467822432518005 0.32288554310798645 0.7510677576065063 159 102 2
-0.03323889151215553 0.322906494140625 0.7551095485687256 152 95 0
0.02956140600144863 0.3142518103122711 0.7336194515228271 127 104 27
0.052565861493349075 0.31418749690055847 0.7307565212249756 153 98 46
0.060603067278862 0.31423428654670715 0.732203483581543 117 45 2
0.06521659344434738 0.32156914472579956 0.7357388138771057 152 95 42
0.11771295219659805 0.3308510482311249 0.7700874209403992 129 131 43
0.12954476475715637 0.337100088596344 0.7758608460426331 128 102 40
0.23647937178611755 0.3464643955230713 0.805904746055603 63 61 6
0.24309073388576508 0.34670138359069824 0.807191789150238 62 62 6
0.24694842100143433 0.3486172556877136 0.8083673119544983 62 60 6
0.2529670298099518 0.3465396761894226 0.8100548386573792 64 61 5
0.3337959945201874 0.3577843904495239 0.8243152499198914 61 60 6
0.3410382568836212 0.35474395751953125 0.8250642418861389 61 61 8
0.34819021821022034 0.3552806079387665 0.8268507122993469 61 61 9
0.4287729561328888 0.3792651295661926 0.8838606476783752 63 61 6
0.43902528285980225 0.35497382283210754 0.8283865451812744 64 62 6
-0.06762228161096573 0.3225502669811249 0.7547519207000732 85 68 7
-0.05966699495911598 0.32272499799728394 0.7556164264678955 113 75 0
-0.05189923197031021 0.3230074346065521 0.755806028842926 147 99 0
0.06764797866344452 0.31440699100494385 0.7349534630775452 177 116 71
0.12507496774196625 0.3308291435241699 0.7720949053764343 135 136 50
0.1325474977493286 0.3301100432872772 0.774998664855957 111 111 30
0.26086992025375366 0.3467263877391815 0.8111481070518494 63 62 5
0.2686297595500946 0.34677547216415405 0.811253011226654 64 62 8
0.27691203355789185 0.34677669405937195 0.8122369647026062 62 63 7
0.33755481243133545 0.35331809520721436 0.8237341046333313 64 57 7
0.35665878653526306 0.35464608669281006 0.8281169533729553 62 60 8
0.364508718252182 0.3543667495250702 0.828971266746521 63 61 5
0.3719170391559601 0.35500380396842957 0.8299016952514648 62 61 5
0.4222184419631958 0.38729724287986755 0.9011411070823669 61 61 7
0.43236076831817627 0.37214747071266174 0.8673261404037476 64 63 10
0.4334460496902466 0.36277052760124207 0.8521971106529236 66 64 8
0.44308316707611084 0.34657222032546997 0.8120803833007812 64 62 6
-0.11166542023420334 0.32359692454338074 0.7593295574188232 84 83 17
-0.029711032286286354 0.3229406177997589 0.7591647505760193 148 94 1
-0.02633933536708355 0.3231726884841919 0.7605466246604919 129 86 8
-0.019540978595614433 0.32207706570625305 0.7608444690704346 98 63 0
0.13434165716171265 0.33371174335479736 0.7766849994659424 100 98 19
0.13765183091163635 0.33278888463974 0.776721179485321 97 95 22
0.17472773790359497 0.3414933979511261 0.7964389324188232 181 181 92
0.1798061728477478 0.34018245339393616 0.796914279460907 183 184 96
0.28448161482810974 0.3463513255119324 0.8138012290000916 60 61 7
0.29158711433410645 0.3470170199871063 0.8153358697891235 63 62 6
0.4263119697570801 0.3791375458240509 0.89174485206604 62 61 7
0.4369599223136902 0.3546069264411926 0.8364896774291992 66 64 8
0.4399363696575165 0.3537735939025879 0.8228706121444702 69 50 7
0.4470990300178528 0.33874720335006714 0.7971012592315674 52 47 7
0.4484068751335144 0.34053948521614075 0.7942277789115906 39 35 0
-0.15543152391910553 0.31455790996551514 0.7431888580322266 108 102 26
-0.14770165085792542 0.31442925333976746 0.7428615689277649 99 97 20
-0.13921679556369781 0.3144190013408661 0.7428262233734131 95 92 20
-0.13332384824752808 0.315127968788147 0.7433700561523438 91 89 18
-0.12934352457523346 0.3149608373641968 0.7447967529296875 88 86 16
-0.10745970904827118 0.32274407148361206 0.7619906067848206 95 94 20
-0.011722824536263943 0.32290151715278625 0.7623234391212463 96 62 0
-0.003657315857708454 0.32200461626052856 0.7638376355171204 93 61 0
0.0871906578540802 0.33253729343414307 0.7801973223686218 141 52 0
0.09236036986112595 0.3310101628303528 0.7808138132095337 145 55 0
0.29449307918548584 0.3505738079547882 0.8162378668785095 61 61 6
0.30064642429351807 0.34683921933174133 0.8167402744293213 63 61 4
0.3084843158721924 0.3468036949634552 0.818586528301239 64 62 6
0.31627190113067627 0.3468092083930969 0.8201515674591064 65 62 10
0.430701345205307 0.37119266390800476 0.8764620423316956 64 63 8
0.4316384494304657 0.36939147114753723 0.869612455368042 66 62 8
0.44088050723075867 0.347157746553421 0.8189895153045654 64 62 8
-0.12365008145570755 0.3146023750305176 0.7460294365882874 84 82 17
-0.11756373196840286 0.31481000781059265 0.7484298944473267 85 83 16
-0.09650591015815735 0.3214229941368103 0.7516499161720276 112 95 30
0.0042532989755272865 0.3228673040866852 0.7656663656234741 96 64 0
0.00912448950111866 0.32463958859443665 0.7667407989501953 120 99 17
0.03678622469305992 0.306117981672287 0.7292721271514893 137 53 0
0.04381484165787697 0.3066297769546509 0.7283346652984619 136 52 0
0.05218759924173355 0.30614325404167175 0.7289587259292603 135 74 27
0.13787680864334106 0.3293847143650055 0.7753490209579468 97 93 20
0.3236258327960968 0.3464289903640747 0.8213455080986023 65 62 8
0.33172526955604553 0.3467254936695099 0.8220789432525635 64 62 5
0.33979156613349915 0.34665101766586304 0.823428750038147 64 63 4
0.424519419670105 0.3805745244026184 0.8972211480140686 63 62 8
0.432303249835968 0.3645007908344269 0.8593201041221619 66 63 8
0.43472564220428467 0.3547123074531555 0.844582736492157 66 62 8
0.4393855929374695 0.34653323888778687 0.8227956295013428 66 63 8
0.4447695016860962 0.338727205991745 0.804121732711792 63 60 4
-0.16057075560092926 0.3146190643310547 0.743124783039093 115 105 29
-0.0964464619755745 0.3151007890701294 0.7510547637939453 111 111 29
-0.09145785123109818 0.31481048464775085 0.7499954104423523 110 113 28
-0.0841548889875412 0.31418541073799133 0.7512362003326416 106 105 26
-0.04228384420275688 0.31485894322395325 0.7504168152809143 123 82 2
-0.03728434070944786 0.3151051700115204 0.7505074143409729 147 93 0
-0.022387800738215446 0.32143574953079224 0.7598981857299805 84 35 1
0.028218410909175873 0.3062379062175751 0.7321903109550476 124 103 23
0.06049252673983574 0.3066151440143585 0.7306651473045349 195 170 84
0.11837465316057205 0.32460102438926697 0.7686910033226013 131 131 43
0.1244339719414711 0.3233436346054077 0.7702358365058899 133 134 47
0.23612819612026215 0.338350385427475 0.8052306771278381 65 62 5
0.24398966133594513 0.3385813534259796 0.8065523505210876 67 64 5
0.2971343696117401 0.34568849205970764 0.8157885074615479 66 61 6
0.3427066206932068 0.34946408867836 0.8243806958198547 62 61 4
0.34853044152259827 0.3465134799480438 0.8254200220108032 65 61 5
0.42229124903678894 0.3786182701587677 0.9003326892852783 63 63 9
0.4280174970626831 0.3712417781352997 0.884613037109375 63 62 8
0.43164971470832825 0.36222603917121887 0.8617292642593384 66 63 8
0.43782031536102295 0.34684130549430847 0.8281219601631165 70 64 8
-0.113657146692276 0.31491464376449585 0.7554880380630493 95 93 19
-0.0999879539012909 0.31490814685821533 0.7554622888565063 113 110 28
-0.07518656551837921 0.3142959773540497 0.7526342272758484 94 87 16
-0.0673179030418396 0.31477487087249756 0.7539808750152588 82 63 5
-0.059623707085847855 0.3140241801738739 0.7550590634346008 84 56 0
-0.05186037719249725 0.3142726719379425 0.7550073862075806 86 58 0
-0.04651665315032005 0.3156280815601349 0.7531495690345764 84 58 0
-0.033252593129873276 0.3151267170906067 0.7551023960113525 138 88 1
0.06666015833616257 0.3068307638168335 0.7324677109718323 178 141 69
0.13225620985031128 0.3243846595287323 0.773435652256012 114 112 32
0.24992848932743073 0.33772897720336914 0.8076227307319641 66 63 6
0.25321710109710693 0.339447021484375 0.8088325262069702 66 63 6
0.2603406012058258 0.33831965923309326 0.8094812631607056 66 64 7
0.2684057056903839 0.3387705683708191 0.8105566501617432 68 63 9
0.27704665064811707 0.3385695815086365 0.812320351600647 67 64 10
0.35608580708503723 0.34740176796913147 0.8269790410995483 64 61 8
0.3643496334552765 0.34630024433135986 0.828103244304657 64 62 5
0.3705941140651703 0.3477153778076172 0.8291804790496826 63 62 5
0.43070605397224426 0.36309388279914856 0.8679284453392029 67 64 9
0.4329961836338043 0.3555019795894623 0.8520722985267639 64 62 6
0.44184672832489014 0.3382524251937866 0.8122146129608154 65 62 7
0.4466191232204437 0.33053162693977356 0.7959985733032227 54 48 7
-0.027682198211550713 0.3143271803855896 0.7590434551239014 99 65 0
0.13753099739551544 0.3244376480579376 0.7740097641944885 98 94 20
0.2848797142505646 0.33845993876457214 0.8135086297988892 67 63 8
0.29273125529289246 0.33883798122406006 0.81453937292099 65 62 6
0.29958850145339966 0.33937060832977295 0.8154042959213257 64 63 6
0.42522361874580383 0.3712977468967438 0.8919206261634827 66 63 6
0.435628205537796 0.34676888585090637 0.8362114429473877 67 64 7
-0.16047130525112152 0.3090668022632599 0.7423282861709595 110 90 23
-0.1559324711561203 0.30574384331703186 0.7420654892921448 92 80 15
-0.14756278693675995 0.30581140518188477 0.74214768409729 100 94 22
-0.13915300369262695 0.30594971776008606 0.7424746155738831 99 93 20
-0.13294169306755066 0.3070008158683777 0.7433465719223022 97 93 19
-0.10745348781347275 0.31428882479667664 0.7621566653251648 109 105 24
-0.07844216376543045 0.3128992021083832 0.7518792748451233 101 83 22
-0.02283102087676525 0.314189612865448 0.7597995400428772 87 58 0
-0.018616853281855583 0.31525298953056335 0.7604746222496033 90 59 1
-0.011717638932168484 0.31423431634902954 0.7618823647499084 88 59 0
0.09319210797548294 0.3226396143436432 0.779271125793457 140 57 0
0.11720442026853561 0.32265031337738037 0.7677568793296814 137 128 50
0.30834826827049255 0.33880090713500977 0.8175823092460632 68 64 6
0.3170165717601776 0.33867019414901733 0.8195911645889282 67 62 6
0.34469786286354065 0.3452359437942505 0.8237484097480774 69 53 7
0.429340660572052 0.36285969614982605 0.8763935565948486 64 63 8
0.4405231773853302 0.340340256690979 0.8176075220108032 66 62 9
-0.12981127202510834 0.30764034390449524 0.7443794012069702 95 92 18
-0.12362968176603317 0.30644315481185913 0.7452755570411682 97 95 18
-0.0036226585507392883 0.31425368785858154 0.7629117965698242 95 62 1
0.0029554308857768774 0.3155195415019989 0.7638370394706726 100 64 1
0.022408727556467056 0.30559349060058594 0.7342220544815063 123 114 29
0.30266788601875305 0.3420100510120392 0.8162202835083008 63 59 6
0.3248744606971741 0.3382994532585144 0.8207225203514099 69 63 7
0.33216941356658936 0.3390559256076813 0.8216850161552429 66 63 6
0.3403574228286743 0.3386426568031311 0.8231692910194397 65 62 5
0.4219454526901245 0.3712519705295563 0.8999836444854736 67 63 8
0.4308627247810364 0.35464203357696533 0.8607347011566162 68 63 7
0.4336247146129608 0.3468484878540039 0.8441315293312073 68 65 9
0.439085453748703 0.33855608105659485 0.8214417099952698 69 64 11
0.44362103939056396 0.33046847581863403 0.8046675324440002 65 62 7
-0.11680705845355988 0.30653613805770874 0.7485196590423584 99 98 21
-0.09134960174560547 0.3060920536518097 0.749087393283844 111 109 26
-0.08352217823266983 0.30613306164741516 0.7500167489051819 97 96 18
-0.043176207691431046 0.30613839626312256 0.7497249245643616 69 45 0
-0.03745565935969353 0.30701515078544617 0.7500276565551758 79 53 1
0.027955131605267525 0.29828470945358276 0.7297787070274353 114 87 12
0.03638622537255287 0.29887470602989197 0.7283554077148438 134 51 0
0.04261302947998047 0.30129173398017883 0.7280846238136292 136 51 0
0.054309964179992676 0.30021169781684875 0.7283599376678467 115 57 4
0.06037363037467003 0.29792913794517517 0.7294172644615173 150 118 32
0.23569755256175995 0.3301166296005249 0.8043880462646484 69 65 9
0.24368657171726227 0.33047857880592346 0.8053837418556213 67 65 7
0.2515944838523865 0.3308081328868866 0.8063004016876221 65 64 6
0.2567330002784729 0.3361334204673767 0.8077965378761292 72 48 9
0.34475696086883545 0.33888140320777893 0.8238204717636108 65 61 5
0.34862300753593445 0.33852511644363403 0.8248876929283142 67 62 5
0.3563840687274933 0.33895599842071533 0.8259191513061523 67 62 5
0.42378443479537964 0.3693811595439911 0.8945580124855042 69 59 8
0.42665472626686096 0.36298784613609314 0.884504497051239 65 63 7
0.4294274151325226 0.3553719222545624 0.8680824637413025 67 62 7
0.4369802176952362 0.339078813791275 0.8279160857200623 68 65 8
-0.09651196002960205 0.3075813949108124 0.750906765460968 115 113 27
-0.07591752707958221 0.30654457211494446 0.7508916258811951 91 85 14
-0.06848179548978806 0.30598679184913635 0.7512565851211548 87 76 8
-0.06718084216117859 0.3095415234565735 0.7526719570159912 85 68 7
-0.047713752835989 0.309386670589447 0.7525598406791687 68 46 0
0.020441951230168343 0.2985355854034424 0.7327137589454651 116 108 22
0.06790658086538315 0.298532098531723 0.7312257289886475 150 117 38
0.12711220979690552 0.31947165727615356 0.7711076736450195 134 95 44
0.1298121213912964 0.3196680247783661 0.7718759179115295 134 107 46
0.25837916135787964 0.33013299107551575 0.8074492812156677 66 64 7
0.2614791691303253 0.33193910121917725 0.8085333108901978 66 64 7
0.2682300806045532 0.3308384120464325 0.8100062012672424 68 64 8
0.27666640281677246 0.3302444517612457 0.811593770980835 69 64 7
0.3643695116043091 0.33876609802246094 0.8273214101791382 65 62 4
0.36943891644477844 0.3390851318836212 0.828139066696167 65 63 6
0.4324665367603302 0.34921109676361084 0.8501335382461548 67 64 8
0.44125378131866455 0.3306068480014801 0.8127557635307312 65 63 8
-0.10045892745256424 0.3066732883453369 0.7557329535484314 114 111 27
-0.058653268963098526 0.30690184235572815 0.7531585097312927 81 55 0
-0.0520138181746006 0.3063552677631378 0.7532482743263245 77 51 0
-0.033368971198797226 0.3072185814380646 0.754311740398407 80 54 1
0.03870860114693642 0.29740384221076965 0.7278808951377869 136 44 0
0.28469088673591614 0.33049750328063965 0.8129511475563049 69 65 7
0.2926131784915924 0.3307051658630371 0.8134540319442749 67 64 6
0.3009588420391083 0.33072689175605774 0.8144275546073914 67 65 6
0.30477771162986755 0.33690163493156433 0.8158554434776306 70 56 8
0.424672394990921 0.3645419776439667 0.8902234435081482 65 62 7
0.4316312074661255 0.35256442427635193 0.8553237915039062 69 51 8
0.4349658787250519 0.33856308460235596 0.8363664150238037 67 67 9
0.44525346159935 0.3227527141571045 0.7963046431541443 59 58 8
-0.02728171832859516 0.30650079250335693 0.757150411605835 82 54 0
-0.02022046409547329 0.3066941201686859 0.7590234875679016 81 53 0
0.04427875205874443 0.29851242899894714 0.7275604605674744 132 50 0
0.0508553609251976 0.2984977066516876 0.7275353074073792 116 45 0
0.09393917769193649 0.3156113922595978 0.7784950137138367 139 56 0
0.30574873089790344 0.330416202545166 0.815714418888092 65 64 6
0.3091581463813782 0.3312249183654785 0.8169906735420227 66 65 7
0.3167373538017273 0.330635130405426 0.8188583850860596 68 64 7
0.42322972416877747 0.36223849654197693 0.8936170935630798 66 63 8
0.42781075835227966 0.35457032918930054 0.8765282034873962 64 64 8
0.43124788999557495 0.34664714336395264 0.8531628251075745 66 64 10
0.43865200877189636 0.3305448293685913 0.8203436136245728 67 65 9
0.4467557668685913 0.3226010799407959 0.7912793755531311 44 42 2
-0.16009829938411713 0.29976746439933777 0.7415904998779297 149 115 56
-0.1557898372411728 0.2981342077255249 0.7409684658050537 99 82 15
-0.1472836583852768 0.298042893409729 0.7407281398773193 100 93 19
-0.13907776772975922 0.29857853055000305 0.7420551180839539 104 98 22
-0.13162948191165924 0.2980443239212036 0.743124783039093 103 99 20
-0.12405705451965332 0.29708436131477356 0.7434825301170349 104 101 22
-0.12355241179466248 0.30110636353492737 0.7444789409637451 104 100 22
-0.10768122225999832 0.3066568076610565 0.7615896463394165 114 108 25
-0.06102791801095009 0.3049609661102295 0.7517314553260803 78 53 0
-0.0113516328856349 0.3068343997001648 0.7610419988632202 82 57 0
-0.0036201963666826487 0.3068079352378845 0.7624301910400391 88 58 0
0.002132944529876113 0.3093585968017578 0.7627515196800232 99 65 2
0.32464706897735596 0.33024537563323975 0.8199873566627502 66 63 6
0.33215221762657166 0.33107098937034607 0.8214306235313416 65 63 7
0.4204365611076355 0.36278581619262695 0.9003027081489563 68 63 6
0.43013477325439453 0.3472164273262024 0.8597703576087952 66 62 8
0.43304234743118286 0.3390916585922241 0.8433305621147156 68 65 8
0.4429822266101837 0.32271039485931396 0.8043035268783569 65 64 9
-0.05079801380634308 0.3045349419116974 0.7517974972724915 76 44 1
-0.014204972423613071 0.30458518862724304 0.7596763372421265 83 53 0
0.02939397655427456 0.28998520970344543 0.7270177006721497 106 66 4
0.036253225058317184 0.2906591296195984 0.7261106967926025 135 54 0
0.04449005797505379 0.29062530398368835 0.7263587713241577 147 112 33
0.049963947385549545 0.2913011908531189 0.7274512648582458 147 127 38
0.07396635413169861 0.29768291115760803 0.734571635723114 158 130 50
0.09959642589092255 0.31464073061943054 0.7785217761993408 127 100 22
0.23632346093654633 0.3218146562576294 0.803478479385376 68 66 9
0.2447829693555832 0.3223395049571991 0.8040804266929626 67 65 7
0.2528698742389679 0.32279372215270996 0.8053175210952759 66 65 8
0.2603501081466675 0.32277464866638184 0.8067605495452881 67 65 8
0.34009578824043274 0.33090609312057495 0.8227773904800415 65 62 6
0.345124751329422 0.3303978145122528 0.8236629366874695 65 63 7
0.3493490517139435 0.3311389684677124 0.8247323632240295 65 63 4
0.35669225454330444 0.33088257908821106 0.8254542946815491 66 63 5
0.3643648326396942 0.3310641944408417 0.8266631960868835 66 63 6
0.41575124859809875 0.36277613043785095 0.9015483260154724 62 47 5
0.4256983697414398 0.3551904857158661 0.8839108943939209 65 63 6
0.42849886417388916 0.34709441661834717 0.8680254220962524 66 65 7
0.4318661689758301 0.34460628032684326 0.846971869468689 71 53 10
0.43657970428466797 0.3313157260417938 0.8277313709259033 67 65 10
-0.09674377739429474 0.2988145053386688 0.7508366107940674 113 110 27
-0.09132441878318787 0.2986753284931183 0.7488593459129333 109 105 27
-0.08340487629175186 0.29863598942756653 0.7492409348487854 97 95 20
-0.07572218775749207 0.2989681363105774 0.7495737671852112 90 85 18
-0.06770972907543182 0.29857853055000305 0.7490728497505188 88 76 10
-0.05959818512201309 0.298849880695343 0.749514639377594 80 59 1
-0.05173996463418007 0.29867079854011536 0.7496671080589294 74 51 0
-0.04342927411198616 0.29823610186576843 0.7481773495674133 69 46 0
-0.03589903190732002 0.2986089289188385 0.7489100098609924 72 48 0
0.019846005365252495 0.29011270403862 0.7305150628089905 102 94 15
0.02597864717245102 0.2923111021518707 0.7286620736122131 100 81 11
0.053906988352537155 0.29103246331214905 0.7283950448036194 146 129 39
0.06062806770205498 0.2898900806903839 0.7297350168228149 160 141 53
0.06805537641048431 0.29054728150367737 0.7311689257621765 164 148 62
0.26833006739616394 0.32305556535720825 0.8090568780899048 67 65 8
0.27657854557037354 0.32241296768188477 0.8108653426170349 69 66 8
0.37004444003105164 0.3306511640548706 0.8275458812713623 66 64 7
0.42428284883499146 0.35644128918647766 0.8884216547012329 66 62 7
0.4302934408187866 0.3390178084373474 0.8518630862236023 67 63 8
0.4316043555736542 0.3390136957168579 0.8468049764633179 66 64 8
0.4410375654697418 0.3238026797771454 0.8109133243560791 64 62 10
0.44515907764434814 0.31500446796417236 0.7899985909461975 52 50 6
-0.1089966893196106 0.3062211573123932 0.7599514126777649 109 88 22
-0.10063230991363525 0.29953137040138245 0.755078136920929 115 111 27
-0.03284807503223419 0.30279162526130676 0.7529767751693726 75 47 0
-0.027353554964065552 0.3005554676055908 0.7537662386894226 77 50 0
0.014905940741300583 0.29190441966056824 0.7326880097389221 108 95 17
0.0738452598452568 0.2911866307258606 0.7345882058143616 164 147 59
0.2843315005302429 0.32235392928123474 0.8119085431098938 68 66 8
0.2924240827560425 0.3227533996105194 0.8129096627235413 67 65 4
0.300452321767807 0.32306715846061707 0.81380695104599 68 65 7
0.4225933849811554 0.35480496287345886 0.8925561308860779 67 64 6
0.43475139141082764 0.3310745656490326 0.8356977105140686 69 65 10
0.4436000883579254 0.3150326907634735 0.7964475750923157 60 59 7
-0.01906934194266796 0.2990226149559021 0.7549512386322021 78 51 0
0.09417302161455154 0.30736732482910156 0.7770618796348572 143 57 0
0.10081043839454651 0.30638596415519714 0.7782683968544006 130 112 31
0.3067028224468231 0.3223724663257599 0.8152446746826172 67 66 8
0.30994436144828796 0.32416409254074097 0.8164864182472229 66 66 8
0.31598570942878723 0.3231004476547241 0.8179472088813782 65 64 7
0.4199247360229492 0.35507580637931824 0.8995893597602844 67 64 7
0.4267526865005493 0.347002774477005 0.8760826587677002 65 64 5
0.4288823902606964 0.3391723036766052 0.8602575063705444 66 64 8
0.4375709295272827 0.3229964077472687 0.8197097778320312 66 64 9
0.4392651319503784 0.3218585252761841 0.8138294816017151 65 63 8
-0.16060870885849 0.2922348082065582 0.741267740726471 170 133 76
-0.15629993379116058 0.29015013575553894 0.7404031753540039 107 91 29
-0.14711539447307587 0.29063427448272705 0.7397651672363281 101 95 24
-0.13950912654399872 0.29039594531059265 0.7411821484565735 104 102 26
-0.11860916763544083 0.2967764735221863 0.7436667084693909 107 99 24
-0.02834528684616089 0.29719895124435425 0.7509641647338867 76 50 0
-0.011705310083925724 0.2983618974685669 0.7582786679267883 76 51 1
-0.004093147814273834 0.2986837923526764 0.7610811591148376 77 50 1
0.09167199581861496 0.30592215061187744 0.7753363251686096 144 49 0
0.10822287201881409 0.30655187368392944 0.7796459794044495 133 132 41
0.11625432223081589 0.30658212304115295 0.781238317489624 134 133 44
0.13341575860977173 0.3123314380645752 0.7828043103218079 132 119 42
0.14638786017894745 0.31293684244155884 0.7864515781402588 86 74 17
0.26467064023017883 0.3217358887195587 0.8077352643013 68 64 8
0.32459115982055664 0.3223828077316284 0.8198268413543701 66 64 7
0.33297833800315857 0.32294580340385437 0.8212558627128601 68 64 8
0.34042760729789734 0.32306474447250366 0.8216709494590759 66 63 6
0.4156626760959625 0.3563705384731293 0.9008487462997437 64 57 8
0.42500635981559753 0.3469492197036743 0.8830545544624329 65 65 6
0.4328475296497345 0.3310800790786743 0.842681884765625 66 64 7
0.44138115644454956 0.3148927390575409 0.8041078448295593 65 63 6
-0.13209004700183868 0.2902674674987793 0.7423570156097412 107 103 23
-0.12367498874664307 0.29040876030921936 0.7427933216094971 107 104 24
-0.11779996752738953 0.2914973795413971 0.7432305812835693 106 103 22
0.03650926053524017 0.2819473445415497 0.7240403294563293 135 52 0
0.04473181068897247 0.2819044888019562 0.7240270376205444 144 78 16
0.1320302039384842 0.3065723180770874 0.7834671139717102 137 134 48
0.14823074638843536 0.30650508403778076 0.7871271371841431 116 115 32
0.22886496782302856 0.3150533437728882 0.8021061420440674 69 66 9
0.23674578964710236 0.31408098340034485 0.8026217818260193 69 66 8
0.24462708830833435 0.3143884539604187 0.8034033179283142 69 68 7
0.2527162432670593 0.31493449211120605 0.8047949075698853 69 67 7
0.26107046008110046 0.3143268823623657 0.8064310550689697 69 67 6
0.34803664684295654 0.32249319553375244 0.8230481743812561 65 64 6
0.3508498966693878 0.32602089643478394 0.8243248462677002 65 63 6
0.35668113827705383 0.32300102710723877 0.824790894985199 66 64 6
0.3646286129951477 0.32305943965911865 0.8257653713226318 69 62 5
0.42384961247444153 0.3534306585788727 0.8875067234039307 71 52 9
0.42758387327194214 0.3393118381500244 0.8680139780044556 67 65 7
0.4313325583934784 0.33184614777565 0.84673672914505 65 63 7
0.4354281723499298 0.3232763111591339 0.827901303768158 66 66 8
-0.09179162234067917 0.2897220551967621 0.747963547706604 108 106 25
-0.08326438069343567 0.28974202275276184 0.7479569911956787 100 96 21
-0.07555265724658966 0.28996649384498596 0.7478736639022827 93 87 17
-0.067548967897892 0.2907469570636749 0.7472423911094666 85 81 11
-0.05984628573060036 0.29093435406684875 0.7472067475318909 79 64 4
-0.05186481401324272 0.2905174493789673 0.7466228008270264 70 48 0
-0.043290141969919205 0.28996244072914124 0.745100736618042 72 48 0
-0.035619623959064484 0.29049718379974365 0.7460430264472961 73 48 0
-0.00737788388505578 0.29748275876045227 0.759758710861206 73 43 1
0.019524680450558662 0.28204962611198425 0.7300311923027039 99 90 14
0.027814339846372604 0.28208181262016296 0.726621687412262 101 68 4
0.05238701030611992 0.28250473737716675 0.726589560508728 127 80 15
0.061008941382169724 0.2825342118740082 0.7295035719871521 173 150 59
0.0772382915019989 0.2908458411693573 0.7368963360786438 159 120 43
0.12427671253681183 0.3057768940925598 0.782263994216919 135 134 46
0.13682900369167328 0.3082422912120819 0.7837334275245667 120 108 34
0.14079943299293518 0.3062764108181 0.7854598760604858 108 104 23
0.15570281445980072 0.30659615993499756 0.7874933481216431 175 174 81
0.16433216631412506 0.3062797784805298 0.7881858944892883 179 178 87
0.2230483591556549 0.3139556348323822 0.8014315962791443 73 67 9
0.26630908250808716 0.3150191605091095 0.8076463341712952 67 66 7
0.2696026563644409 0.3158813714981079 0.8085296750068665 68 67 8
0.27625951170921326 0.3146165609359741 0.8099155426025391 68 66 8
0.36998578906059265 0.3240167200565338 0.8266693353652954 66 64 7
0.42199647426605225 0.34657859802246094 0.8923313021659851 66 64 8
0.42371198534965515 0.34761297702789307 0.8871493935585022 65 63 6
0.4297144114971161 0.33062657713890076 0.8519725203514099 68 65 7
0.44390448927879333 0.30688008666038513 0.7892545461654663 56 55 7
-0.09841658920049667 0.29074832797050476 0.7500003576278687 115 112 28
-0.02781744673848152 0.29089605808258057 0.7478897571563721 72 48 0
-0.019130684435367584 0.2900245487689972 0.7488532662391663 74 50 0
-0.017549801617860794 0.29511138796806335 0.7525160312652588 75 47 0
0.01430963259190321 0.282825767993927 0.731989324092865 100 88 12
0.05681625381112099 0.28125202655792236 0.7275874614715576 159 119 40
0.06839525699615479 0.28228533267974854 0.7321662306785583 155 98 33
0.2840745747089386 0.31434205174446106 0.811159074306488 69 66 9
0.2921179533004761 0.31468603014945984 0.8120407462120056 69 66 8
0.3003096580505371 0.31516802310943604 0.8132801651954651 69 66 8
0.42586877942085266 0.3389396369457245 0.8763755559921265 66 65 7
0.433918297290802 0.32314473390579224 0.8356336355209351 66 67 9
0.4383643865585327 0.31436532735824585 0.8120075464248657 68 66 8
0.4418930113315582 0.3067496120929718 0.7962705492973328 62 62 8
-0.010822080075740814 0.2912384271621704 0.7555820345878601 81 53 1
0.07299984246492386 0.28348788619041443 0.7349056601524353 143 56 0
0.0896594449877739 0.29937943816185 0.7748603224754333 143 53 0
0.09364645183086395 0.29843178391456604 0.776648759841919 146 55 0
0.10046995431184769 0.2982906103134155 0.7772980332374573 132 104 27
0.3086310625076294 0.31419837474823 0.814640998840332 70 65 8
0.3167007267475128 0.31607070565223694 0.8167962431907654 68 66 8
0.41550320386886597 0.3515116274356842 0.8989890813827515 64 55 5
0.4197925627231598 0.347804456949234 0.8983363509178162 67 64 9
0.4276670515537262 0.33099958300590515 0.8601127862930298 66 64 7
-0.15570391714572906 0.2821711599826813 0.7391006946563721 120 102 35
-0.14760401844978333 0.2822076380252838 0.7382476329803467 105 98 24
-0.0415830984711647 0.28813087940216064 0.7437794208526611 70 46 0
-0.0057761166244745255 0.2902778089046478 0.7591670751571655 79 51 0
0.10812938958406448 0.2988748252391815 0.7789549231529236 134 132 40
0.1159563735127449 0.2983420491218567 0.7805544137954712 134 134 45
0.32456496357917786 0.31460195779800415 0.8187839984893799 68 66 9
0.3327346444129944 0.31489765644073486 0.820635199546814 69 64 8
0.34078916907310486 0.31512096524238586 0.8212101459503174 68 64 7
0.3529494106769562 0.3209526240825653 0.8237068057060242 65 60 7
0.4245343506336212 0.33975258469581604 0.8827725052833557 65 64 4
0.43276455998420715 0.32361900806427 0.8421987295150757 66 66 8
0.4357881546020508 0.3147507905960083 0.8198932409286499 67 66 7
0.4405907690525055 0.30771341919898987 0.8024119734764099 66 64 8
-0.16186977922916412 0.2829156219959259 0.7408469915390015 62 39 3
-0.14013920724391937 0.2823426425457001 0.7400064468383789 112 106 25
-0.1315809041261673 0.2820414900779724 0.7417827844619751 112 109 26
-0.12364805489778519 0.2820172905921936 0.7426212430000305 114 111 27
-0.1083611249923706 0.2903401851654053 0.7588284015655518 117 116 28
-0.10243061184883118 0.29114505648612976 0.7542902231216431 117 115 30
-0.038534361869096756 0.28824523091316223 0.7437446117401123 72 34 1
-0.014239274896681309 0.28947755694389343 0.751298189163208 74 48 0
0.12438676506280899 0.2985181510448456 0.7824391722679138 136 135 47
0.13256336748600006 0.2990330457687378 0.7833433151245117 133 130 42
0.13788311183452606 0.2978454828262329 0.7838028073310852 111 109 29
0.22338658571243286 0.3086104691028595 0.8008029460906982 74 69 8
0.2290394902229309 0.30674058198928833 0.801059365272522 72 68 6
0.23642349243164062 0.3060254752635956 0.8015134334564209 71 68 6
0.24432235956192017 0.3063609004020691 0.8023849129676819 71 68 9
0.25246337056159973 0.3069680333137512 0.8039728403091431 69 67 10
0.31434255838394165 0.3135729134082794 0.8156329989433289 68 66 8
0.34859931468963623 0.3150840103626251 0.8218335509300232 66 64 7
0.35587742924690247 0.3143245577812195 0.8227417469024658 66 64 7
0.35842421650886536 0.31886985898017883 0.8242944478988647 65 60 6
0.36492347717285156 0.31552228331565857 0.8249215483665466 70 63 6
0.42345619201660156 0.339253693819046 0.8860281109809875 65 64 5
0.4263632893562317 0.3314570188522339 0.8685064911842346 67 65 8
0.43110382556915283 0.3227764070034027 0.8463693261146545 65 66 8
0.4341619610786438 0.3148553669452667 0.828153669834137 67 66 6
0.4396136403083801 0.31322067975997925 0.8074727654457092 72 59 9
-0.06744534522294998 0.28194043040275574 0.746097981929779 86 81 13
-0.059740129858255386 0.28210756182670593 0.7458614110946655 80 73 8
-0.052326835691928864 0.28204795718193054 0.7454614043235779 70 52 2
-0.04938047006726265 0.2827039361000061 0.7436925768852234 57 23 2
-0.043222807347774506 0.2824864387512207 0.7431799173355103 62 41 0
-0.03834971413016319 0.2825063169002533 0.7432750463485718 61 41 0
-0.03419709578156471 0.28316032886505127 0.7448976039886475 63 44 0
-0.027704894542694092 0.28210556507110596 0.7464838027954102 57 40 1
-0.019212430343031883 0.2821460962295532 0.7468831539154053 58 41 0
0.02833213098347187 0.27437734603881836 0.7260050177574158 103 68 5
0.03596402704715729 0.27396661043167114 0.7238680720329285 137 53 0
0.04516255483031273 0.27417775988578796 0.7233409881591797 139 54 0
0.05231146514415741 0.27446678280830383 0.7254819273948669 132 53 0
0.14110881090164185 0.2992456257343292 0.7847933173179626 107 106 31
0.1481061577796936 0.2987625300884247 0.7864456176757812 108 107 26
0.15578943490982056 0.29913055896759033 0.7874243259429932 173 173 82
0.16451522707939148 0.2979631721973419 0.7879844307899475 178 178 87
0.26105213165283203 0.3065963089466095 0.8058502078056335 69 68 9
0.26750147342681885 0.3067817986011505 0.8073844313621521 70 68 8
0.2703894376754761 0.30953821539878845 0.808284342288971 69 67 9
0.2760252356529236 0.30648764967918396 0.8092783093452454 67 68 8
0.3690594732761383 0.3161140978336334 0.8255673050880432 67 63 6
0.42145851254463196 0.3387012779712677 0.8920694589614868 65 64 5
0.4291367828845978 0.3229891359806061 0.8522710204124451 66 65 8
0.43945053219795227 0.30690184235572815 0.8061174154281616 67 65 8
0.44259020686149597 0.2984679043292999 0.7888918519020081 59 58 9
-0.0989057719707489 0.2830330431461334 0.7490001320838928 117 112 29
-0.09164366126060486 0.2819835841655731 0.7466350793838501 109 105 25
-0.08320841193199158 0.2822912037372589 0.7474440932273865 102 97 20
-0.07550793886184692 0.2824776768684387 0.7474107146263123 91 89 17
-0.013874411582946777 0.2832685708999634 0.7499685287475586 69 46 0
0.019317472353577614 0.27438515424728394 0.7299100756645203 95 89 17
0.05711178854107857 0.2749045491218567 0.7274652123451233 147 99 22
0.061521682888269424 0.2748345136642456 0.729457676410675 162 132 38
0.28396880626678467 0.3065052330493927 0.8108373284339905 68 68 8
0.2919568419456482 0.3067874610424042 0.8115772008895874 65 66 6
0.30008217692375183 0.30719393491744995 0.8126465082168579 65 66 7
0.42545804381370544 0.33124083280563354 0.8770290613174438 65 63 6
0.43310511112213135 0.31557682156562805 0.8363391757011414 67 66 7
0.43706589937210083 0.3065986633300781 0.8124129772186279 68 66 8
-0.10298240929841995 0.2833801507949829 0.753387987613678 117 115 29
-0.010249041952192783 0.28329578042030334 0.754473865032196 74 51 3
0.013636336661875248 0.27508851885795593 0.7329082489013672 96 89 15
0.022951453924179077 0.27357354760169983 0.7278303503990173 101 81 15
0.06752217561006546 0.27482831478118896 0.7324735522270203 164 103 28
0.09215474873781204 0.28962457180023193 0.7753618359565735 145 55 0
0.30839869379997253 0.3062703013420105 0.81363445520401 65 66 9
0.31597548723220825 0.30650487542152405 0.8151445984840393 67 65 8
0.3193630278110504 0.3097003996372223 0.8163321018218994 68 64 8
0.3610200583934784 0.3134804964065552 0.8235456347465515 66 63 7
0.41901710629463196 0.3395693600177765 0.8968722820281982 65 65 7
0.4274359941482544 0.32264578342437744 0.8600289821624756 67 65 9
0.44075697660446167 0.29982689023017883 0.7949451208114624 63 62 7
-0.15598393976688385 0.2746693193912506 0.7379342913627625 123 100 33
-0.14796161651611328 0.27416837215423584 0.7369400262832642 112 103 23
-0.11861955374479294 0.2834490239620209 0.7433885335922241 117 111 28
-0.11567704379558563 0.2827170491218567 0.7479637265205383 119 114 29
-0.11315058916807175 0.28302910923957825 0.7555124759674072 118 115 29
-0.10856060683727264 0.2824142575263977 0.7579160332679749 119 117 30
-0.004479140508919954 0.2825288772583008 0.7588298916816711 72 48 3
0.09840551018714905 0.28944602608680725 0.7756041884422302 127 75 10
0.10127635300159454 0.2915119230747223 0.7764905691146851 130 117 36
0.10797665268182755 0.2910512089729309 0.777836799621582 134 133 44
0.32451802492141724 0.3068619966506958 0.8174927234649658 68 66 9
0.3320876359939575 0.3064917325973511 0.8190237283706665 68 65 9
0.3402024507522583 0.3067772686481476 0.8197797536849976 66 65 8
0.34846165776252747 0.30717411637306213 0.8208385109901428 65 64 5
0.4230627715587616 0.33097994327545166 0.8856756687164307 65 64 8
0.4244585931301117 0.33210092782974243 0.8817695379257202 66 65 8
0.43227890133857727 0.3178828954696655 0.8413944840431213 66 62 7
0.4346727430820465 0.3064010441303253 0.820408821105957 67 65 7
-0.16179221868515015 0.2759588956832886 0.7399646639823914 139 106 39
-0.1395416557788849 0.27445653080940247 0.7385919094085693 115 110 24
-0.13184934854507446 0.27422431111335754 0.740873396396637 114 112 28
0.11637363582849503 0.289995402097702 0.7795271277427673 138 134 44
0.12472882866859436 0.29095080494880676 0.7814004421234131 136 136 44
0.13234864175319672 0.29106080532073975 0.7818252444267273 134 134 46
0.22321520745754242 0.29831039905548096 0.799720048904419 78 67 10
0.22880181670188904 0.29882562160491943 0.8003401160240173 73 69 7
0.23624572157859802 0.298172265291214 0.8008934259414673 72 68 7
0.24403496086597443 0.2983737289905548 0.8014271259307861 70 67 8
0.252007395029068 0.29877761006355286 0.8025060892105103 70 67 8
0.2605745196342468 0.29846885800361633 0.8043864965438843 71 68 9
0.35693323612213135 0.30625462532043457 0.8215528726577759 66 63 8
0.3636476397514343 0.3065609335899353 0.823046088218689 68 63 9
0.3666529357433319 0.3097406327724457 0.8243302702903748 68 63 7
0.36865824460983276 0.30823060870170593 0.8246475458145142 67 64 8
0.4260028600692749 0.3230315148830414 0.867974042892456 66 64 7
0.43078041076660156 0.31475841999053955 0.8442047238349915 66 64 8
0.4387648403644562 0.2989186644554138 0.8044559359550476 59 56 11
0.4396996796131134 0.2980579435825348 0.7981725335121155 64 62 8
-0.12353575974702835 0.27455663681030273 0.7419294118881226 117 115 30
-0.1183055192232132 0.27531078457832336 0.7429420948028564 118 116 29
-0.059698961675167084 0.2746153175830841 0.7453235387802124 83 78 15
-0.05173060670495033 0.2743767201900482 0.7450322508811951 72 61 6
-0.048948753625154495 0.2757813036441803 0.7437845468521118 70 52 1
-0.04263706132769585 0.27499285340309143 0.7435497641563416 65 45 0
-0.03779896721243858 0.2752755880355835 0.7435705661773682 62 43 1
0.03656590357422829 0.2658420503139496 0.7250373959541321 138 54 0
0.04482381418347359 0.2659190893173218 0.7251514792442322 138 53 0
0.08621063083410263 0.29030513763427734 0.7738771438598633 141 53 0
0.14012151956558228 0.2903982400894165 0.7828130125999451 107 104 25
0.14270277321338654 0.29425573348999023 0.7841915488243103 117 111 40
0.1482589840888977 0.29113006591796875 0.7852823734283447 107 99 22
0.15632674098014832 0.2902120053768158 0.7870258092880249 175 174 84
0.2270006686449051 0.2966160774230957 0.7997985482215881 74 69 8
0.268463671207428 0.2987569272518158 0.8067179322242737 71 68 9
0.4201158285140991 0.33080628514289856 0.892827570438385 63 65 9
0.42870327830314636 0.31485214829444885 0.8520858883857727 66 64 9
0.43155232071876526 0.31303083896636963 0.8391814827919006 68 57 8
0.43321493268013 0.30748090147972107 0.8280072808265686 66 64 6
0.4419153034687042 0.29027342796325684 0.7884376049041748 39 37 2
-0.11552271246910095 0.27496233582496643 0.7483391165733337 118 117 31
-0.09984016418457031 0.2746395766735077 0.7487825751304626 115 113 28
-0.09150148183107376 0.2744542360305786 0.7454586029052734 112 107 27
-0.08362992107868195 0.27495086193084717 0.7461904287338257 104 99 23
-0.07583159953355789 0.2747221887111664 0.746246337890625 93 90 18
-0.06740352511405945 0.27452799677848816 0.7456279993057251 88 85 15
-0.034152641892433167 0.27499040961265564 0.7446008920669556 53 35 0
-0.027672141790390015 0.2745267152786255 0.7455700039863586 62 43 0
-0.018730539828538895 0.2743990123271942 0.7466190457344055 67 47 0
-0.013150840997695923 0.27494606375694275 0.7504078149795532 75 49 1
0.02830800600349903 0.26614511013031006 0.7259842753410339 101 71 5
0.052420079708099365 0.26663661003112793 0.7266256809234619 147 70 4
0.05646495893597603 0.2697587311267853 0.7276373505592346 145 71 4
0.1644749939441681 0.2902721166610718 0.7877816557884216 178 177 86
0.2763409912586212 0.2987072765827179 0.8088169097900391 70 69 10
0.2837914824485779 0.29860079288482666 0.8103139400482178 69 68 7
0.291841059923172 0.29894325137138367 0.8112383484840393 66 68 7
0.2996732294559479 0.2990522086620331 0.8115241527557373 66 68 8
0.32108622789382935 0.30560871958732605 0.8158037662506104 76 52 12
0.4178025424480438 0.33279892802238464 0.8965248465538025 63 62 9
0.4248529374599457 0.3233990967273712 0.8757573962211609 66 65 8
0.43244504928588867 0.3097234070301056 0.8340997099876404 66 64 7
0.436747282743454 0.2990052402019501 0.8123633861541748 46 44 5
-0.15253996849060059 0.2730768918991089 0.7358357906341553 81 38 4
-0.1495547592639923 0.2731793522834778 0.7358600497245789 84 44 8
0.018788455054163933 0.2666063904762268 0.729627788066864 100 92 19
0.02284666709601879 0.26730912923812866 0.7276443839073181 99 87 16
0.06101839244365692 0.266030877828598 0.7309529781341553 143 106 20
0.06617900729179382 0.26816466450691223 0.7332017421722412 165 116 27
0.14438556134700775 0.289375901222229 0.7837536334991455 107 96 27
0.27349308133125305 0.2975108325481415 0.8078144192695618 75 63 10
0.30817559361457825 0.298406720161438 0.8126699924468994 68 66 8
0.3161287307739258 0.29844826459884644 0.8140802383422852 69 67 9
0.321588933467865 0.2991656959056854 0.8155561685562134 67 66 8
0.3681882917881012 0.30564188957214355 0.8237695097923279 70 54 10
0.4270378053188324 0.31500470638275146 0.8602497577667236 61 62 8
0.4307706952095032 0.30642086267471313 0.8372102379798889 53 52 8
0.43868282437324524 0.29062896966934204 0.7967414855957031 37 34 2
0.44030892848968506 0.2930082678794861 0.7928272485733032 46 44 5
-0.11361627280712128 0.27519917488098145 0.7565377950668335 119 119 31
-0.10875137150287628 0.27455785870552063 0.7572824358940125 120 119 32
-0.05931272357702255 0.2740228474140167 0.7438220977783203 59 33 2
-0.00979331973940134 0.2752780616283417 0.754360556602478 75 50 2
0.013502740301191807 0.2668987512588501 0.7327261567115784 99 92 19
0.08512744307518005 0.28258636593818665 0.7738791108131409 143 53 0
0.09215870499610901 0.2822338342666626 0.7745056748390198 145 55 0
0.1001647487282753 0.28260338306427 0.7750756740570068 130 100 22
0.10847070813179016 0.2828107178211212 0.776658833026886 137 133 42
0.22245526313781738 0.29127469658851624 0.7985942959785461 77 71 10
0.23323211073875427 0.29633796215057373 0.7998970150947571 82 56 12
0.3257915675640106 0.2989099323749542 0.8167751431465149 68 67 8
0.3326505720615387 0.2981868386268616 0.8175462484359741 68 67 6
0.3399905860424042 0.29873356223106384 0.8182829022407532 64 67 8
0.3480426073074341 0.2990013360977173 0.8198330402374268 66 65 6
0.4223363697528839 0.3227991461753845 0.8845396041870117 64 64 8
0.4291016757488251 0.3071892559528351 0.8441579937934875 45 44 5
0.4342745542526245 0.29865753650665283 0.8196974396705627 40 37 4
-0.15576742589473724 0.26607227325439453 0.7368831634521484 98 83 19
-0.1530688852071762 0.26660066843032837 0.7358759045600891 105 68 22
-0.15072892606258392 0.26610082387924194 0.7359084486961365 112 88 27
-0.14785750210285187 0.2657068967819214 0.7365331053733826 107 105 22
-0.13961143791675568 0.26594722270965576 0.7372556328773499 117 111 27
-0.10358162224292755 0.27682504057884216 0.7530441284179688 120 115 31
-0.004443004261702299 0.2747565507888794 0.757425844669342 74 50 2
0.10464854538440704 0.2825346291065216 0.7758234143257141 137 128 42
0.11631827801465988 0.2821284532546997 0.7782663702964783 139 135 44
0.12465255707502365 0.28304311633110046 0.7802215218544006 138 135 44
0.13258343935012817 0.2825357913970947 0.7811962366104126 142 141 52
0.1397995948791504 0.28233230113983154 0.7820824980735779 107 104 24
0.22829307615756989 0.29075729846954346 0.7988333106040955 75 71 11
0.23446518182754517 0.28965017199516296 0.7994757294654846 74 70 9
0.2374587506055832 0.2920795679092407 0.8003639578819275 73 68 7
0.2438623011112213 0.29053986072540283 0.800842821598053 74 69 6
0.2517707645893097 0.29086583852767944 0.8017361164093018 73 70 7
0.26014721393585205 0.29026877880096436 0.8034711480140686 73 68 7
0.35660168528556824 0.29821133613586426 0.8211705684661865 66 65 7
0.36388322710990906 0.29859495162963867 0.8223333954811096 65 65 9
0.4191734492778778 0.32292503118515015 0.8926379680633545 59 61 9
0.4235665500164032 0.3213444948196411 0.8792150616645813 67 63 9
0.4251970946788788 0.31479695439338684 0.868211030960083 49 49 5
0.4317600429058075 0.3050824999809265 0.8312326073646545 65 57 12
0.4375722110271454 0.29128268361091614 0.8041117191314697 35 31 1
-0.16229347884655 0.266558438539505 0.7394148111343384 89 59 7
-0.1313454955816269 0.2665068805217743 0.7399455904960632 119 116 32
-0.12347836047410965 0.26611217856407166 0.7415741086006165 123 119 34
0.14611336588859558 0.2826545536518097 0.7835281491279602 95 90 18
0.14974796772003174 0.2842674255371094 0.7845942974090576 115 110 30
0.26823899149894714 0.29063528776168823 0.8053203225135803 71 68 11
0.42436039447784424 0.3180965185165405 0.8740823864936829 63 59 8
0.4275510013103485 0.30692851543426514 0.8520868420600891 33 34 2
0.43135327100753784 0.298526793718338 0.8298419713973999 30 29 1
0.43260690569877625 0.2999059855937958 0.8262250423431396 37 34 4
0.44129621982574463 0.2832101583480835 0.7873102426528931 35 35 3
-0.11841676384210587 0.2675107717514038 0.7427474856376648 121 119 33
-0.11624708771705627 0.26721733808517456 0.7474651336669922 122 121 34
-0.10012771934270859 0.26650574803352356 0.7468526363372803 118 117 30
-0.09105541557073593 0.26794588565826416 0.744494616985321 112 110 26
-0.0837680995464325 0.26617664098739624 0.7449657320976257 108 102 24
-0.07589063793420792 0.26607024669647217 0.7453646063804626 101 94 21
-0.0681886300444603 0.26647263765335083 0.7447132468223572 94 88 17
-0.06030870974063873 0.2645469605922699 0.7438325881958008 91 83 15
-0.05019061267375946 0.2658303380012512 0.7437264919281006 78 71 11
-0.0431782491505146 0.2665966749191284 0.7434078454971313 71 53 2
-0.03770921006798744 0.26661065220832825 0.7435821890830994 66 45 0
-0.034242115914821625 0.26712310314178467 0.7444744110107422 66 44 0
-0.027660364285111427 0.26605504751205444 0.7452574372291565 65 45 0
-0.0192070584744215 0.2664092481136322 0.746354877948761 63 44 1
0.15671588480472565 0.28212618827819824 0.7857387065887451 176 175 84
0.16476759314537048 0.2826242744922638 0.787310779094696 179 178 86
0.17090411484241486 0.28328850865364075 0.7872017025947571 182 181 89
0.27612656354904175 0.29077252745628357 0.8070684671401978 72 69 10
0.2786543369293213 0.2940170466899872 0.8084605932235718 71 68 9
0.28527286648750305 0.2908623516559601 0.8089745044708252 71 68 9
0.29238414764404297 0.29097363352775574 0.8102108240127563 69 68 9
0.30064141750335693 0.2911055386066437 0.8112234473228455 69 68 9
0.4137208163738251 0.32291609048843384 0.8939554691314697 60 54 11
0.4148601293563843 0.32342085242271423 0.8970485329627991 56 57 12
0.42981043457984924 0.29864776134490967 0.8360479474067688 32 30 1
0.43572092056274414 0.2905747592449188 0.812143087387085 37 33 1
0.44275596737861633 0.28345632553100586 0.7833755016326904 36 34 2
-0.142739936709404 0.26515525579452515 0.735893189907074 88 49 8
-0.09197694808244705 0.26520296931266785 0.7438293695449829 114 109 25
-0.06530183553695679 0.26461249589920044 0.7437729239463806 97 83 18
-0.013472229242324829 0.2668260633945465 0.7499346137046814 60 41 0
0.022894127294421196 0.2606813609600067 0.7276552319526672 102 91 16
0.028323853388428688 0.2579893171787262 0.7263491749763489 103 76 7
0.036624476313591 0.2580094039440155 0.7263960838317871 136 55 0
0.04424850642681122 0.25859612226486206 0.7272323966026306 156 78 12
0.050177499651908875 0.26059725880622864 0.7273193597793579 188 121 31
0.3086451292037964 0.29056671261787415 0.8118777871131897 70 68 9
0.3159855306148529 0.2905484735965729 0.8130979537963867 69 67 8
0.32347890734672546 0.29083314538002014 0.8149125576019287 68 67 8
0.4210846722126007 0.31529274582862854 0.8840043544769287 32 34 1
0.4231278598308563 0.3145345449447632 0.8772082924842834 37 38 2
0.42586231231689453 0.30712100863456726 0.8601562976837158 28 31 1
0.43819570541381836 0.2828856110572815 0.7958751320838928 40 36 4
0.4396887719631195 0.2832567095756531 0.7910224795341492 38 37 4
-0.10849300026893616 0.2670689821243286 0.7553002834320068 119 119 33
-0.08661001175642014 0.2647692561149597 0.7437439560890198 111 79 25
-0.01000765897333622 0.2675219476222992 0.7536454796791077 63 45 2
0.013826674781739712 0.25994306802749634 0.7324221134185791 103 97 20
0.01898782327771187 0.2581670582294464 0.7297325730323792 108 99 20
0.05292689800262451 0.2577032744884491 0.7293636202812195 151 125 43
0.059722576290369034 0.2588023245334625 0.7331831455230713 148 125 51
0.07031148672103882 0.2650600075721741 0.738385796546936 163 91 22
0.07407788187265396 0.2703316807746887 0.7373349666595459 156 59 7
0.07514183223247528 0.27122625708580017 0.7514183521270752 182 79 17
0.0776122584939003 0.27586162090301514 0.7647926807403564 180 97 34
0.08456151187419891 0.2742229402065277 0.7727615833282471 184 117 49
0.09262537211179733 0.27480843663215637 0.7736483216285706 151 56 0
0.10044150799512863 0.27480557560920715 0.7746890783309937 131 102 22
0.10601475834846497 0.27416327595710754 0.7755689024925232 138 132 40
0.28186261653900146 0.28886306285858154 0.8076183795928955 74 68 9
0.3268173635005951 0.2935098111629486 0.8163642883300781 68 66 8
0.3330100476741791 0.2903362512588501 0.8168472051620483 68 67 9
0.3407817482948303 0.2903296649456024 0.8175022602081299 67 66 9
0.34830987453460693 0.2912222146987915 0.819018542766571 58 56 8
0.4273128807544708 0.29870522022247314 0.8442569375038147 32 31 2
0.43308842182159424 0.2908670902252197 0.820309579372406 37 34 3
-0.15039554238319397 0.25773921608924866 0.7358387112617493 122 101 34
-0.11382772773504257 0.26718732714653015 0.7549359798431396 120 121 35
-0.10489566624164581 0.26641595363616943 0.7513403296470642 122 115 32
-0.004048658534884453 0.26636019349098206 0.7564302086830139 74 62 5
0.07442877441644669 0.2702891528606415 0.7562994956970215 174 100 39
0.07831711322069168 0.2739989757537842 0.7707021236419678 193 132 59
0.11014900356531143 0.2752703130245209 0.7763492465019226 138 134 41
0.11677836626768112 0.2745852470397949 0.7772688269615173 138 135 44
0.12469522655010223 0.27481237053871155 0.7788078784942627 138 135 43
0.13204814493656158 0.27424904704093933 0.7802562117576599 145 141 48
0.2216951847076416 0.2834847867488861 0.7979938983917236 75 73 8
0.22784075140953064 0.28217819333076477 0.7982378005981445 74 70 9
0.23564186692237854 0.2822134792804718 0.7989501953125 74 69 10
0.24430018663406372 0.283286452293396 0.8003866672515869 75 70 7
0.2516414523124695 0.2830832898616791 0.8012999892234802 74 69 7
0.356063574552536 0.2911053001880646 0.8203113675117493 45 45 5
0.3644000291824341 0.290256530046463 0.8217589855194092 35 34 2
0.41823646426200867 0.3150506615638733 0.8923666477203369 28 29 0
0.42392945289611816 0.31256017088890076 0.8703980445861816 33 23 1
0.42446696758270264 0.3075880706310272 0.867648720741272 27 29 0
0.4363591969013214 0.2826755940914154 0.8040307760238647 22 19 1
-0.16225475072860718 0.2586643397808075 0.7372016906738281 96 90 20
-0.1557171493768692 0.2587447166442871 0.7364383935928345 104 100 22
-0.15411867201328278 0.25724661350250244 0.7357802987098694 111 102 28
-0.14093995094299316 0.25747790932655334 0.7358583211898804 126 119 35
-0.1392124742269516 0.25887009501457214 0.736396074295044 124 119 34
-0.1311991959810257 0.2581438720226288 0.7385426163673401 124 122 36
-0.09701227396726608 0.2644326984882355 0.7437429428100586 123 96 32
0.1397772878408432 0.2746610939502716 0.7816986441612244 108 106 22
0.14822636544704437 0.27480125427246094 0.7829533219337463 106 104 28
0.2407701462507248 0.28202489018440247 0.799856960773468 76 69 8
0.2597392201423645 0.28215619921684265 0.8028377890586853 74 70 7
0.2677551507949829 0.28246206045150757 0.8038543462753296 74 70 10
0.27588117122650146 0.28294432163238525 0.8052348494529724 73 69 9
0.4138936996459961 0.3153921365737915 0.8933446407318115 29 30 1
0.42225655913352966 0.306824654340744 0.875823438167572 31 32 1
0.4236736297607422 0.30600687861442566 0.8703230023384094 30 30 1
0.42545512318611145 0.29880964756011963 0.8522945046424866 35 34 5
0.43112945556640625 0.29032662510871887 0.8284547924995422 33 33 7
0.44153890013694763 0.2751496136188507 0.7826143503189087 35 34 1
-0.12298145890235901 0.25830110907554626 0.7412780523300171 124 122 36
-0.11908631026744843 0.2602570354938507 0.7433028817176819 124 122 36
-0.09122057259082794 0.2582085132598877 0.7431440949440002 116 112 27
-0.08612439036369324 0.2595849931240082 0.7437266707420349 112 108 26
-0.06765245646238327 0.25827932357788086 0.7428918480873108 98 91 18
-0.06001853570342064 0.25801169872283936 0.7427535653114319 95 87 17
-0.05157090350985527 0.2579493224620819 0.7428832650184631 89 81 13
0.1576475352048874 0.27563729882240295 0.7846464514732361 176 174 82
0.16448737680912018 0.2746654450893402 0.7859554886817932 178 178 85
0.17035554349422455 0.275265097618103 0.7862794995307922 181 180 89
0.28427979350090027 0.2824236750602722 0.8068506121635437 73 68 9
0.2869075536727905 0.2863471210002899 0.8083658814430237 72 65 8
0.2932243347167969 0.28332921862602234 0.8092013001441956 69 68 9
0.30083659291267395 0.283241868019104 0.8104689121246338 70 70 10
0.43183422088623047 0.289502888917923 0.8224748969078064 44 35 8
0.4340682029724121 0.28270789980888367 0.8123999238014221 15 15 1
0.44054803252220154 0.2757423222064972 0.7859048247337341 39 39 4
-0.11712145805358887 0.26002076268196106 0.7480646371841431 124 122 37
-0.1012052521109581 0.259086012840271 0.7464249134063721 119 118 31
-0.09719762951135635 0.25910651683807373 0.7434895038604736 118 117 28
-0.08280947804450989 0.2589346170425415 0.7445310950279236 107 104 24
-0.07694680243730545 0.2591111958026886 0.7446579337120056 102 98 22
-0.043933670967817307 0.2582641541957855 0.7425123453140259 76 67 9
-0.036420729011297226 0.25817790627479553 0.7432261109352112 64 53 4
-0.03352462127804756 0.26139917969703674 0.7442521452903748 60 43 0
-0.027140939608216286 0.25913485884666443 0.7445576190948486 60 42 0
-0.01870845817029476 0.25847288966178894 0.7457236647605896 61 46 0
0.07640154659748077 0.2701556086540222 0.7662068605422974 160 102 34
0.07813037931919098 0.26695603132247925 0.7706983089447021 211 168 76
0.1550818234682083 0.2730577290058136 0.7836794257164001 174 174 81
0.30899572372436523 0.28223156929016113 0.8111778497695923 52 52 6
0.3165775239467621 0.28219470381736755 0.8119860291481018 44 41 4
0.3243287205696106 0.2832907736301422 0.814210832118988 41 40 3
0.329288125038147 0.2887888252735138 0.815822422504425 72 61 9
0.37044593691825867 0.29068052768707275 0.8232492208480835 39 36 3
0.3766891360282898 0.29031264781951904 0.8265470862388611 29 27 0
0.4032597541809082 0.30701425671577454 0.8777841329574585 29 28 0
0.41025981307029724 0.31384411454200745 0.8875480890274048 28 23 0
0.41944143176078796 0.30705156922340393 0.8840852379798889 31 32 2
0.42442262172698975 0.2995612621307373 0.8595084547996521 33 32 3
0.42905178666114807 0.29102441668510437 0.8367868661880493 20 21 4
0.43937796354293823 0.27504780888557434 0.7896654605865479 39 41 8
-0.10467090457677841 0.25950783491134644 0.7504381537437439 120 118 31
-0.07322002202272415 0.25783395767211914 0.7436258792877197 100 95 20
-0.012292400002479553 0.25858622789382935 0.7496691346168518 62 51 4
0.020667722448706627 0.25054940581321716 0.7300876379013062 114 103 21
0.02289350889623165 0.25581157207489014 0.7279121279716492 106 59 17
0.029386915266513824 0.2531198561191559 0.7274076342582703 105 77 9
0.03529297932982445 0.253147155046463 0.7274433374404907 131 56 1
0.0424540638923645 0.25567886233329773 0.7278831005096436 173 84 16
0.05251116678118706 0.2502206861972809 0.7333555221557617 136 109 36
0.08446136862039566 0.2664690911769867 0.7715054154396057 200 148 50
0.0925433337688446 0.2670477330684662 0.7725890874862671 184 96 22
0.10024083405733109 0.2663936913013458 0.7739152908325195 127 97 20
0.11335226148366928 0.27288174629211426 0.77594393491745 150 107 49
0.33108529448509216 0.28208887577056885 0.8155686855316162 34 33 1
0.33437424898147583 0.28399842977523804 0.8164241313934326 36 35 2
0.34066399931907654 0.2824554145336151 0.817089319229126 31 31 1
0.3482170104980469 0.28322941064834595 0.8186266422271729 30 30 0
0.35567399859428406 0.2832513451576233 0.8193985223770142 32 30 0
0.3745908737182617 0.29043710231781006 0.8246361017227173 30 26 1
0.40977928042411804 0.30795276165008545 0.885815441608429 32 27 3
0.4241989254951477 0.30300959944725037 0.8652473092079163 28 26 0
0.42665672302246094 0.2908051013946533 0.8445873260498047 10 11 1
0.4325750470161438 0.2836354076862335 0.8187757134437561 11 13 1
0.4376486539840698 0.2746037244796753 0.7960392236709595 9 9 0
-0.11352158337831497 0.25931456685066223 0.7548751831054688 124 121 33
-0.10884513705968857 0.25858744978904724 0.7544574737548828 122 119 31
-0.009338052943348885 0.2603825628757477 0.7531309127807617 66 56 6
-0.0036573561374098063 0.25804242491722107 0.7553302645683289 85 75 11
0.015007629059255123 0.25420138239860535 0.7315210103988647 113 103 25
0.0443437285721302 0.25002148747444153 0.7301820516586304 148 115 34
0.057936642318964005 0.2536253035068512 0.7349196076393127 135 104 29
0.10819704830646515 0.26621705293655396 0.7752246856689453 139 134 40
0.11424379795789719 0.265419602394104 0.7758058905601501 140 132 44
0.11699854582548141 0.26725730299949646 0.776370644569397 138 135 43
0.12455782294273376 0.266633003950119 0.7774823904037476 141 136 46
0.22100836038589478 0.27511730790138245 0.7964152693748474 79 73 9
0.22770251333713531 0.2741994261741638 0.7976328134536743 75 71 7
0.23631839454174042 0.27416062355041504 0.7982091307640076 79 70 9
0.24361833930015564 0.27488821744918823 0.7992996573448181 78 70 8
0.24640031158924103 0.27717211842536926 0.8001821041107178 75 70 8
0.25297167897224426 0.27428391575813293 0.8010650277137756 74 71 8
0.28938567638397217 0.2810695469379425 0.807669460773468 70 67 10
0.3639947772026062 0.28209227323532104 0.8205433487892151 33 33 0
0.3709920644760132 0.2830905616283417 0.8221784234046936 35 35 3
0.4174406826496124 0.3080129325389862 0.8905205130577087 31 32 5
0.42299890518188477 0.2990354001522064 0.8688867092132568 19 20 1
0.4315188229084015 0.28252848982810974 0.8220579624176025 4 7 0
0.43446624279022217 0.27450111508369446 0.8040590882301331 7 6 0
-0.16371792554855347 0.25057992339134216 0.7363218069076538 108 102 19
-0.16252478957176208 0.2491617202758789 0.7357914447784424 110 104 23
-0.15531541407108307 0.2499651312828064 0.735164225101471 116 109 28
-0.14763091504573822 0.2496899515390396 0.7351953387260437 126 119 38
-0.14138787984848022 0.25116825103759766 0.7356511950492859 126 120 37
-0.13121122121810913 0.250449001789093 0.7372987270355225 127 122 34
0.02795257419347763 0.24998316168785095 0.7286292910575867 104 86 11
0.1319161057472229 0.2663784921169281 0.7792142629623413 146 140 48
0.14046622812747955 0.2666679620742798 0.7806598544120789 116 107 25
0.14913234114646912 0.26651403307914734 0.7820966839790344 97 95 21
0.26007628440856934 0.27458059787750244 0.8022509217262268 73 70 7
0.2684326171875 0.2743831276893616 0.803292453289032 63 60 7
0.2761310338973999 0.2752382159233093 0.8042013049125671 56 53 6
0.28383487462997437 0.2748849093914032 0.8053635954856873 42 42 4
0.3753499686717987 0.2836897671222687 0.8256744742393494 31 26 3
0.4137324094772339 0.30687496066093445 0.8912591934204102 28 28 4
0.4206083416938782 0.298900842666626 0.8758171200752258 12 12 0
0.42377379536628723 0.2978854775428772 0.8622629046440125 22 23 3
0.42516812682151794 0.2906642258167267 0.8524599671363831 7 8 0
0.4302479922771454 0.2829633355140686 0.8278210163116455 5 7 0
0.44115114212036133 0.267405241727829 0.7819639444351196 35 34 0
-0.12448965758085251 0.2507382929325104 0.739618718624115 127 124 34
-0.028862901031970978 0.2571529746055603 0.7437191605567932 59 46 2
0.0009965590434148908 0.2591046392917633 0.7557365894317627 94 89 16
0.15647128224372864 0.2662840187549591 0.7832993865013123 176 175 86
0.16508537530899048 0.26772189140319824 0.7845691442489624 179 178 86
0.17007701098918915 0.26735106110572815 0.7849689722061157 181 180 88
0.2914331257343292 0.2741274833679199 0.8067722916603088 39 36 1
0.2946416735649109 0.2779593765735626 0.8083570599555969 47 46 5
0.3005564510822296 0.2752532660961151 0.809058427810669 36 33 1
0.40365660190582275 0.2991124987602234 0.8768474459648132 18 16 1
0.43274593353271484 0.27551209926605225 0.8115648627281189 5 6 0
0.43919438123703003 0.2667524814605713 0.7895458340644836 20 20 4
0.4402783513069153 0.2680012881755829 0.7855268120765686 42 41 5
-0.13526850938796997 0.2509125769138336 0.7359167337417603 102 56 14
-0.10144913196563721 0.2516883611679077 0.7454904317855835 121 118 32
-0.09785547107458115 0.25087136030197144 0.7430476546287537 119 118 31
-0.09072595089673996 0.2501875162124634 0.7429186105728149 118 116 28
-0.08370532840490341 0.24938026070594788 0.7432711124420166 111 110 24
-0.08325792104005814 0.2541210353374481 0.7443436980247498 111 109 27
-0.0785435363650322 0.25412338972091675 0.7443797588348389 107 102 23
-0.07549440860748291 0.24957801401615143 0.7430358529090881 107 103 20
-0.06793829798698425 0.25090450048446655 0.7422745227813721 102 96 19
-0.0600193627178669 0.2506234347820282 0.7419890761375427 97 92 20
-0.05154198035597801 0.25059714913368225 0.7418991327285767 91 85 14
-0.043868664652109146 0.2506224811077118 0.7413849234580994 85 78 11
-0.035998135805130005 0.2505221366882324 0.7416523098945618 74 66 8
-0.027558855712413788 0.25079965591430664 0.7424682378768921 66 57 8
-0.021661151200532913 0.2500760853290558 0.7433071136474609 64 58 9
-0.01777869276702404 0.25144726037979126 0.7451439499855042 66 57 8
0.037151627242565155 0.24997791647911072 0.7287508249282837 172 102 15
0.16239115595817566 0.26564157009124756 0.783657968044281 178 177 85
0.3088545799255371 0.2744106650352478 0.8103635311126709 35 31 1
0.3167422413825989 0.27439025044441223 0.8116286993026733 33 29 0
0.3243132531642914 0.27524036169052124 0.8134308457374573 33 31 0
0.3374452292919159 0.2806449234485626 0.8158039450645447 33 26 1
0.3803289532661438 0.28419819474220276 0.8329521417617798 27 21 2
0.39038753509521484 0.29036542773246765 0.8515873551368713 22 17 1
0.400844007730484 0.2998252213001251 0.8708487749099731 29 23 1
0.40744659304618835 0.29988956451416016 0.8820011615753174 19 13 3
0.4179612994194031 0.298779159784317 0.8844988346099854 10 9 0
0.423666387796402 0.29162371158599854 0.8610849380493164 6 7 0
0.42395150661468506 0.2929415702819824 0.8544127941131592 2 0 0
0.4284008741378784 0.28273195028305054 0.8359132409095764 6 7 0
-0.011614706367254257 0.250311940908432 0.7494359612464905 78 69 9
0.07353594154119492 0.2606915533542633 0.7676190733909607 175 117 49
0.07641461491584778 0.2585470378398895 0.7692480683326721 176 144 58
0.08430743217468262 0.25865617394447327 0.7700827121734619 218 152 46
0.09264934808015823 0.2583387494087219 0.7716861963272095 199 132 28
0.12051299214363098 0.26528361439704895 0.7759488821029663 143 97 43
0.16971705853939056 0.26540255546569824 0.7837137579917908 185 177 90
0.2135198563337326 0.26613590121269226 0.7929787039756775 101 96 19
0.22099488973617554 0.26674672961235046 0.7948140501976013 77 71 9
0.3322928249835968 0.27441224455833435 0.8147981762886047 39 37 7
0.33734992146492004 0.2743587791919708 0.815708339214325 30 31 5
0.3415578007698059 0.27528178691864014 0.8168514370918274 28 27 5
0.34813597798347473 0.275370717048645 0.8184173107147217 23 20 2
0.3867655098438263 0.2897675931453705 0.8436856865882874 37 33 4
0.3992738723754883 0.29741135239601135 0.8673614859580994 35 32 6
0.41037777066230774 0.3003575801849365 0.8858922719955444 12 10 0
0.4218394458293915 0.29086002707481384 0.8680009841918945 7 8 0
0.4267022907733917 0.2832033336162567 0.8435582518577576 5 5 0
0.43103453516960144 0.27507254481315613 0.8202278017997742 6 5 0
0.43661564588546753 0.2663915157318115 0.7967326641082764 6 6 0
-0.10517559200525284 0.25101277232170105 0.749660849571228 123 119 32
-0.009023252874612808 0.25241968035697937 0.7522669434547424 78 71 9
0.02200184389948845 0.24691876769065857 0.7301799654960632 116 102 21
0.02961687557399273 0.2441176474094391 0.730139970779419 126 103 16
0.036360178142786026 0.24195720255374908 0.7311316132545471 195 140 37
0.0442369170486927 0.2433854043483734 0.7326107621192932 135 110 34
0.09987569600343704 0.2582862675189972 0.7726047039031982 190 143 45
0.10832870751619339 0.25852951407432556 0.7740815877914429 140 131 42
0.11639341711997986 0.25898221135139465 0.7749605178833008 139 135 45
0.12159068137407303 0.2580273449420929 0.7756083011627197 138 136 44
0.12495734542608261 0.2590577304363251 0.7765918970108032 139 136 45
0.2287689745426178 0.2661683261394501 0.796187162399292 60 57 6
0.23664695024490356 0.26641905307769775 0.7970409393310547 51 50 5
0.24477046728134155 0.2669984996318817 0.7987864017486572 49 44 5
0.24940986931324005 0.26575881242752075 0.799822211265564 42 36 2
0.35675203800201416 0.27409178018569946 0.8191468715667725 13 12 0
0.36409661173820496 0.2743021845817566 0.8196248412132263 10 11 0
0.37073543667793274 0.27495184540748596 0.8214115500450134 7 9 0
0.3773725628852844 0.2844880521297455 0.8267860412597656 28 26 2
0.39875808358192444 0.2943425178527832 0.8669036030769348 12 10 0
0.4142020344734192 0.298575222492218 0.8915992975234985 6 8 0
0.4315914809703827 0.27366015315055847 0.8146464824676514 6 7 0
-0.11317858844995499 0.25162240862846375 0.7552351355552673 125 122 33
-0.10929764062166214 0.2511717677116394 0.754138708114624 124 120 33
-0.0035835092421621084 0.2505491077899933 0.754514753818512 97 92 18
0.0034625499974936247 0.25099244713783264 0.7553364038467407 110 107 22
0.04908476769924164 0.245548814535141 0.7335957884788513 128 101 30
0.13215887546539307 0.2584691345691681 0.778207540512085 143 138 48
0.14082849025726318 0.2587641477584839 0.779646098613739 112 103 22
0.14858204126358032 0.25825098156929016 0.7812252640724182 101 93 18
0.25338539481163025 0.266520231962204 0.8008449077606201 41 37 1
0.26071783900260925 0.2664358913898468 0.8018152117729187 38 35 4
0.26879581809043884 0.26691386103630066 0.803000807762146 36 33 3
0.2768157422542572 0.26703861355781555 0.8034526705741882 36 33 2
0.29658886790275574 0.2732837498188019 0.8078127503395081 35 29 0
0.37549418210983276 0.2757939100265503 0.8259836435317993 8 6 0
0.40082797408103943 0.2936933934688568 0.8708989024162292 11 7 0
0.4188866913318634 0.2909868061542511 0.8760024905204773 7 7 0
0.42534905672073364 0.28313300013542175 0.8523351550102234 8 6 0
0.4294339120388031 0.274729460477829 0.8283994197845459 5 6 0
0.43377959728240967 0.26686760783195496 0.804090678691864 8 8 0
0.4403938949108124 0.26059815287590027 0.7804253101348877 36 34 0
-0.16370390355587006 0.2428174465894699 0.7349485158920288 115 113 27
-0.15587776899337769 0.242519810795784 0.7346265912055969 119 115 29
-0.14752162992954254 0.24257320165634155 0.7347783446311951 122 113 27
-0.13943172991275787 0.24248427152633667 0.7353948950767517 133 128 41
-0.13370485603809357 0.2415146678686142 0.7356683611869812 126 122 35
-0.1302105188369751 0.24305304884910583 0.7366085648536682 126 123 34
-0.12477919459342957 0.2425457388162613 0.7379828095436096 126 124 35
0.1563277691602707 0.2585887908935547 0.782543420791626 175 173 82
0.16391633450984955 0.25883418321609497 0.783411979675293 178 178 87
0.1712580770254135 0.25811728835105896 0.7836322784423828 182 182 90
0.2848306894302368 0.2665213346481323 0.8047803640365601 37 32 1
0.29209673404693604 0.26657748222351074 0.8065933585166931 42 38 6
0.2966972291469574 0.26804792881011963 0.8077160120010376 40 37 3
0.3012690246105194 0.2667381465435028 0.8087624907493591 33 32 3
0.3810553550720215 0.275536447763443 0.8346642851829529 9 7 0
0.3914678394794464 0.28693512082099915 0.8542103171348572 9 6 0
0.4382501542568207 0.25856834650039673 0.7882184386253357 18 16 3
-0.075594462454319 0.24228815734386444 0.7424116134643555 113 108 27
-0.0678970143198967 0.24250569939613342 0.7418546676635742 107 102 21
-0.05994022265076637 0.24197515845298767 0.7409783005714417 105 99 17
-0.05205821618437767 0.24230003356933594 0.7403513193130493 99 93 18
-0.04373796284198761 0.24283312261104584 0.7391195893287659 92 89 16
-0.03585932403802872 0.24252818524837494 0.7387648224830627 90 83 12
-0.027277879416942596 0.24218107759952545 0.7410749793052673 83 76 10
0.0709792897105217 0.25645437836647034 0.7674477100372314 174 130 67
0.3081575334072113 0.26606476306915283 0.8094902038574219 22 20 3
0.31651484966278076 0.2664722204208374 0.8110284209251404 17 16 2
0.32480180263519287 0.2669633626937866 0.8127254247665405 14 12 1
0.40229082107543945 0.2913912534713745 0.8756123185157776 7 7 0
0.4088665843009949 0.29176175594329834 0.8844656348228455 8 6 0
0.41724318265914917 0.29117056727409363 0.8842740654945374 5 7 0
0.42345982789993286 0.28346583247184753 0.8611451983451843 7 7 0
0.42751815915107727 0.27473750710487366 0.8365792632102966 6 7 0
0.43145960569381714 0.26733067631721497 0.8138589262962341 7 7 0
0.43233585357666016 0.26750466227531433 0.8096956610679626 5 6 0
0.43953612446784973 0.2580619156360626 0.7819932699203491 42 39 3
-0.1027742400765419 0.2437724471092224 0.7448979020118713 123 120 33
-0.09859632700681686 0.24258047342300415 0.7422029972076416 122 119 33
-0.09185585379600525 0.24241970479488373 0.7417603135108948 119 118 31
-0.0840318575501442 0.24221986532211304 0.7422999739646912 119 114 27
-0.02116270549595356 0.24282798171043396 0.7427894473075867 81 76 11
-0.01705055870115757 0.24341219663619995 0.745527446269989 84 78 11
0.06868372857570648 0.2496837079524994 0.767255961894989 151 127 51
0.07488391548395157 0.24999213218688965 0.7676757574081421 162 140 61
0.07691434770822525 0.25269898772239685 0.7684042453765869 156 132 53
0.08463812619447708 0.2501378059387207 0.7693691253662109 196 143 34
0.21036233007907867 0.2579590678215027 0.7915965914726257 146 143 65
0.21358942985534668 0.25986701250076294 0.7925400137901306 102 96 23
0.22095602750778198 0.25847071409225464 0.7940368056297302 46 43 3
0.3323928117752075 0.26688292622566223 0.8139665722846985 10 9 0
0.33795779943466187 0.2666395902633667 0.8153154850006104 8 8 0
0.3421950042247772 0.26774224638938904 0.8165473341941833 7 7 0
0.34862253069877625 0.26703131198883057 0.8174734115600586 8 6 0
0.3567664325237274 0.26704975962638855 0.8183085918426514 10 6 0
0.39284372329711914 0.2823718190193176 0.8570027947425842 9 6 0
0.41398975253105164 0.29105043411254883 0.8921194672584534 7 8 0
0.42117470502853394 0.2827111482620239 0.8683421611785889 8 8 0
0.42600658535957336 0.27539217472076416 0.8442840576171875 8 7 0
0.4304300546646118 0.26712486147880554 0.8198155760765076 7 5 0
0.43590500950813293 0.25861623883247375 0.7962300777435303 5 5 0
-0.10661707073450089 0.2427782565355301 0.7490688562393188 124 122 34
-0.011378792114555836 0.24253229796886444 0.750152051448822 98 92 16
0.09230918437242508 0.2503698468208313 0.7708439230918884 220 150 34
0.10044277459383011 0.25041520595550537 0.7718477249145508 207 151 41
0.10857079178094864 0.25102663040161133 0.7729289531707764 149 139 48
0.1163354218006134 0.25016504526138306 0.7742488980293274 139 135 43
0.12318851798772812 0.25032761693000793 0.7752940654754639 139 135 41
0.20486658811569214 0.25799912214279175 0.7909234762191772 212 212 125
0.22849193215370178 0.25819432735443115 0.7950626015663147 42 40 2
0.2365187257528305 0.25869110226631165 0.7965917587280273 41 38 1
0.24500814080238342 0.25863325595855713 0.7982923984527588 42 37 1
0.36410799622535706 0.26623860001564026 0.8191341757774353 7 7 0
0.37034738063812256 0.2674188017845154 0.8210508227348328 9 8 0
-0.11295497417449951 0.24341891705989838 0.7541011571884155 125 124 37
-0.11021684855222702 0.24462060630321503 0.7533902525901794 125 123 36
-0.0030993761029094458 0.24224911630153656 0.7533208727836609 118 113 23
0.004190314095467329 0.24234770238399506 0.7545222640037537 126 121 31
0.12637180089950562 0.2525591552257538 0.7762395739555359 139 136 43
0.13249057531356812 0.2507319152355194 0.7773374915122986 145 140 45
0.14071668684482574 0.2501097321510315 0.7787616848945618 116 110 26
0.2511086165904999 0.2579755187034607 0.7994143962860107 43 42 5
0.25454169511795044 0.25996506214141846 0.8004158139228821 39 38 5
0.2607574164867401 0.2586401104927063 0.8011232018470764 47 47 14
0.2685462534427643 0.25879573822021484 0.8015962243080139 37 34 6
0.2768780291080475 0.2588672935962677 0.8028175830841064 25 22 5
0.37492015957832336 0.2680010497570038 0.8265638947486877 10 5 0
0.40250536799430847 0.2851683795452118 0.8759914636611938 9 6 0
0.4163658916950226 0.2918999493122101 0.8899744153022766 5 6 0
0.41834571957588196 0.2831108868122101 0.8754282593727112 8 8 0
0.4246433973312378 0.2753053903579712 0.8512622714042664 10 7 0
0.429127037525177 0.266699880361557 0.8278579711914062 7 7 0
0.4334549605846405 0.2589409351348877 0.8037208318710327 6 6 0
0.4382912516593933 0.25051066279411316 0.7802619338035583 33 36 7
-0.16268517076969147 0.2351166307926178 0.7343690991401672 122 120 34
-0.1556142419576645 0.23388387262821198 0.7333641052246094 116 114 28
-0.14729605615139008 0.23397420346736908 0.7336379885673523 119 111 25
-0.13909444212913513 0.23426729440689087 0.734553337097168 126 122 32
0.01205362007021904 0.24213136732578278 0.7553873062133789 128 123 34
0.0355871208012104 0.2390468567609787 0.732104480266571 175 123 27
0.14838965237140656 0.2503221035003662 0.7799728512763977 98 94 19
0.1560812145471573 0.25074687600135803 0.7812952399253845 172 167 75
0.1640910804271698 0.2508946657180786 0.782737672328949 179 178 85
0.17166031897068024 0.25023937225341797 0.783599317073822 182 181 90
0.17746983468532562 0.2532119154930115 0.7837283611297607 184 183 90
0.199591726064682 0.25713106989860535 0.7900547385215759 192 184 99
0.2845498323440552 0.2582567036151886 0.8045756816864014 18 15 2
0.2921391725540161 0.25917673110961914 0.8066588044166565 14 13 1
0.2970528304576874 0.2592761814594269 0.8077871203422546 9 11 0
0.4169261157512665 0.2832641005516052 0.883610188961029 7 8 0
0.42280054092407227 0.2752992808818817 0.8604929447174072 8 7 0
0.4235684275627136 0.27359554171562195 0.8545226454734802 7 6 0
-0.13326995074748993 0.23513540625572205 0.7353538274765015 125 123 33
-0.1299072802066803 0.23565474152565002 0.736324667930603 126 123 34
-0.12468607723712921 0.234591543674469 0.7369069457054138 127 125 37
-0.05976779758930206 0.23409675061702728 0.7387964725494385 111 105 21
-0.051566753536462784 0.23468388617038727 0.7373262047767639 103 99 21
-0.043601978570222855 0.23507986962795258 0.736842691898346 99 95 18
-0.03530555218458176 0.23420295119285583 0.7369579076766968 98 92 14
-0.02744617871940136 0.23415397107601166 0.7388355135917664 99 92 17
0.08117535710334778 0.24937653541564941 0.7678750157356262 145 58 12
0.3011868894100189 0.2590087652206421 0.8085434436798096 11 11 0
0.3080669045448303 0.2581462562084198 0.8091185092926025 9 9 0
0.31627702713012695 0.2585567533969879 0.8104018568992615 9 8 0
0.3245391845703125 0.25899001955986023 0.8117569088935852 13 8 0
0.3321395218372345 0.2585582137107849 0.8132993578910828 12 8 0
0.3792988955974579 0.26798656582832336 0.8360686898231506 11 7 0
0.3939588665962219 0.27777040004730225 0.8615539073944092 10 6 0
0.4135391414165497 0.28309932351112366 0.8864479660987854 10 7 0
0.4271806478500366 0.2669883966445923 0.8365719318389893 7 7 0
0.43102967739105225 0.258985698223114 0.8121955990791321 5 7 0
0.43649759888648987 0.2508176565170288 0.7881301641464233 5 5 0
-0.09994575381278992 0.23428918421268463 0.7417593002319336 123 121 34
-0.09173686802387238 0.23483170568943024 0.7405638098716736 122 120 32
-0.08358191698789597 0.23402027785778046 0.741534948348999 121 120 32
-0.07603956013917923 0.23400284349918365 0.7414682507514954 120 116 28
-0.06781774759292603 0.23496919870376587 0.740966260433197 115 108 22
-0.020451145246624947 0.2349076122045517 0.7420477271080017 101 94 16
0.060704588890075684 0.24250522255897522 0.7661314010620117 181 134 39
0.06886077672243118 0.24263225495815277 0.7669011950492859 158 133 52
0.07664117217063904 0.24177494645118713 0.7672628164291382 172 129 37
0.08169177919626236 0.2422763705253601 0.7677881717681885 221 151 44
0.08533268421888351 0.2430187612771988 0.7687736749649048 213 148 44
0.18083971738815308 0.2501048147678375 0.7850015163421631 183 182 91
0.19663500785827637 0.24953222274780273 0.7881861329078674 188 188 97
0.20427602529525757 0.2503052353858948 0.7892614006996155 203 202 113
0.21197162568569183 0.2507438361644745 0.7909842133522034 135 128 53
0.21515096724033356 0.2545984983444214 0.7922094464302063 88 77 23
0.22060614824295044 0.2503686845302582 0.7932863831520081 55 53 10
0.3387899398803711 0.2586166262626648 0.8150430917739868 9 9 0
0.34284141659736633 0.2604963481426239 0.8163275122642517 9 9 0
0.3484586775302887 0.25912708044052124 0.8170625567436218 10 9 0
0.3564179837703705 0.2592107951641083 0.8174177408218384 9 8 0
0.3768620193004608 0.2694786489009857 0.8265973925590515 8 7 0
0.3885491192340851 0.2744871973991394 0.8533571362495422 10 6 0
0.39538800716400146 0.27632829546928406 0.8688715100288391 10 6 0
0.4132440388202667 0.2821398675441742 0.8934262990951538 9 8 0
0.4204457998275757 0.2749231159687042 0.8682951331138611 8 8 0
0.4251445531845093 0.2670498788356781 0.8443432450294495 7 7 0
0.4297272562980652 0.25898972153663635 0.8197828531265259 6 6 0
-0.10884382575750351 0.23440799117088318 0.7486737966537476 128 124 35
-0.016594011336565018 0.23526278138160706 0.7455790042877197 106 100 18
-0.011305486783385277 0.23465009033679962 0.7497394680976868 121 115 26
-0.00786685198545456 0.2412681132555008 0.7518581748008728 123 92 28
0.09222342818975449 0.24268093705177307 0.7698692083358765 177 130 37
0.10104627907276154 0.242054745554924 0.7715906500816345 151 122 38
0.10872981697320938 0.2422739416360855 0.7725706100463867 137 129 40
0.2283296138048172 0.25044819712638855 0.7944807410240173 49 48 7
0.2363373190164566 0.2509165406227112 0.795964777469635 33 30 3
0.24456721544265747 0.25091031193733215 0.7973412871360779 25 22 3
0.36400315165519714 0.25841790437698364 0.8189418911933899 12 8 0
0.36959150433540344 0.2613212764263153 0.8211047649383545 8 8 0
0.40447571873664856 0.28366145491600037 0.8833431005477905 8 7 0
0.4317929446697235 0.25848859548568726 0.8074314594268799 5 6 0
0.43489667773246765 0.2508678436279297 0.7964668869972229 4 5 0
-0.11083395034074783 0.23984208703041077 0.7520511746406555 127 109 36
-0.05067562684416771 0.23320120573043823 0.7356733679771423 98 62 15
-0.04442395269870758 0.23365536332130432 0.7356494665145874 90 51 12
-0.038148123770952225 0.23399560153484344 0.7359296083450317 77 41 5
-0.007047238759696484 0.2345990240573883 0.7516694664955139 128 123 31
-0.002677722368389368 0.23473073542118073 0.7525157332420349 130 125 34
0.11630921810865402 0.24252872169017792 0.7740527987480164 141 134 39
0.12380024790763855 0.24276798963546753 0.7748100757598877 141 136 42
0.13317646086215973 0.24236728250980377 0.7768728733062744 141 139 46
0.18910306692123413 0.2495855689048767 0.7869128584861755 185 185 92
0.25222891569137573 0.25012579560279846 0.7983943819999695 16 16 0
0.2588505744934082 0.24984537065029144 0.7995469570159912 14 14 0
0.2616465091705322 0.2524278163909912 0.8004826903343201 13 13 0
0.26832273602485657 0.2509555518627167 0.8009119629859924 14 12 0
0.2767372727394104 0.2506972551345825 0.8021753430366516 11 10 0
0.3722890019416809 0.25977277755737305 0.8277410268783569 11 8 0
0.3814224302768707 0.2679564654827118 0.8434904217720032 10 7 0
0.3902221620082855 0.2741694450378418 0.8595783710479736 10 6 0
0.3961468040943146 0.27407991886138916 0.8765841126441956 9 8 0
0.41786935925483704 0.27484944462776184 0.8761065006256104 7 8 0
0.4230659306049347 0.2670007050037384 0.8519846200942993 7 7 0
0.4237845242023468 0.26618167757987976 0.8468669652938843 8 7 0
0.4279065430164337 0.25873011350631714 0.8282260894775391 10 6 0
0.4330674111843109 0.2517222464084625 0.8022639751434326 5 6 0
0.4377455711364746 0.2424529492855072 0.7800039649009705 28 27 5
-0.11308899521827698 0.2380932718515396 0.7524936199188232 127 122 38
-0.10407588630914688 0.23398518562316895 0.7437323927879333 132 107 38
0.004186335019767284 0.23471754789352417 0.7537199258804321 131 128 36
0.012536807917058468 0.2345987856388092 0.7549318671226501 132 126 38
0.12844599783420563 0.24312162399291992 0.7758021950721741 142 135 46
0.14066261053085327 0.2423800826072693 0.7782981991767883 119 115 28
0.14820532500743866 0.242597758769989 0.7789902091026306 106 96 20
0.1558833122253418 0.24300242960453033 0.7802873253822327 161 159 69
0.1648188680410385 0.24257072806358337 0.7815164923667908 180 179 86
0.2848055064678192 0.2505052089691162 0.8043602108955383 11 10 0
0.2924940884113312 0.2510506212711334 0.8059239983558655 11 11 0
0.4029841721057892 0.27571380138397217 0.8855331540107727 10 8 0
0.4064134657382965 0.2823908030986786 0.8924222588539124 8 8 0
0.41652727127075195 0.27626511454582214 0.8820028901100159 7 8 0
0.4215950667858124 0.26710835099220276 0.8602043390274048 10 8 0
0.4316030740737915 0.25138235092163086 0.8058745861053467 4 6 0
-0.16268323361873627 0.226860910654068 0.7336164712905884 123 119 32
-0.15533605217933655 0.2263565957546234 0.7320331931114197 114 113 29
-0.1473320871591568 0.22654472291469574 0.7321538329124451 122 121 34
-0.13969536125659943 0.22663913667201996 0.7335565090179443 124 120 31
-0.13217134773731232 0.22587908804416656 0.7346940636634827 129 125 38
-0.11313264816999435 0.23384971916675568 0.750964879989624 128 124 36
-0.05734982341527939 0.22552603483200073 0.7355070114135742 118 112 25
-0.0517718680202961 0.22606311738491058 0.7346519231796265 111 106 21
-0.04406719654798508 0.2258991152048111 0.7346593737602234 110 103 18
-0.03902726620435715 0.226491779088974 0.7356361150741577 108 101 20
0.020024780184030533 0.23392926156520844 0.7557966113090515 124 121 31
0.027906807139515877 0.23406070470809937 0.7573767304420471 108 96 16
0.17267829179763794 0.24236178398132324 0.7830623388290405 182 182 89
0.177068293094635 0.2424248605966568 0.783843994140625 190 174 92
0.18084785342216492 0.24305032193660736 0.7853183150291443 184 183 90
0.18861575424671173 0.24219821393489838 0.7867475748062134 185 185 91
0.21656231582164764 0.2488100677728653 0.7918297052383423 54 35 1
0.30034029483795166 0.25073039531707764 0.8071598410606384 12 11 0
0.30887529253959656 0.2512468993663788 0.8085376620292664 15 11 0
0.316008061170578 0.25062885880470276 0.8096959590911865 15 11 0
0.3243367075920105 0.2511049509048462 0.8112332820892334 15 11 0
0.3830368220806122 0.26744768023490906 0.8497382998466492 10 5 0
0.39983493089675903 0.27745360136032104 0.8801398277282715 7 1 0
0.41551846265792847 0.2751586437225342 0.8860231637954712 8 8 0
0.4265722334384918 0.25931161642074585 0.8359243869781494 7 6 0
0.4303135573863983 0.2508293390274048 0.8121599555015564 6 6 0
0.43547630310058594 0.24273429811000824 0.7882052063941956 6 5 0
-0.12605778872966766 0.22587496042251587 0.7354929447174072 129 125 37
-0.09937991946935654 0.22634734213352203 0.7408263683319092 127 123 33
-0.09163560718297958 0.22632819414138794 0.7397252917289734 125 122 32
-0.0838869959115982 0.22621779143810272 0.7404575943946838 123 122 32
-0.07560355961322784 0.22605369985103607 0.7393701076507568 123 120 29
-0.0675862580537796 0.22712793946266174 0.7383682727813721 122 116 27
-0.060889970511198044 0.22723621129989624 0.7369731664657593 117 112 26
-0.03482481464743614 0.22704453766345978 0.7365259528160095 107 101 19
-0.027366014197468758 0.22658658027648926 0.7371671795845032 110 102 20
-0.019675781950354576 0.22664636373519897 0.7403754591941833 119 113 25
0.06039586290717125 0.23490571975708008 0.7642990350723267 217 144 29
0.0686308890581131 0.23448042571544647 0.7653114199638367 193 131 18
0.19634050130844116 0.24227501451969147 0.787567675113678 188 188 93
0.20404790341854095 0.2425219863653183 0.7883647680282593 199 198 105
0.21197806298732758 0.24300475418567657 0.7899326086044312 146 136 59
0.3327164947986603 0.25012022256851196 0.81289142370224 14 11 0
0.34033048152923584 0.2508191764354706 0.8147326111793518 12 9 0
0.3429317772388458 0.25561457872390747 0.8161197900772095 10 7 0
0.3491985499858856 0.25228002667427063 0.8165526986122131 13 10 0
0.3564983904361725 0.251003623008728 0.8169975876808167 9 9 0
0.3853861689567566 0.2675081789493561 0.8534174561500549 10 7 0
0.40636375546455383 0.2758205533027649 0.8928815722465515 11 8 0
0.41014906764030457 0.28087612986564636 0.896544873714447 9 8 0
0.41368767619132996 0.2752930819988251 0.8928014636039734 8 9 0
0.4195218086242676 0.267030268907547 0.8680849671363831 7 7 0
0.42493531107902527 0.2596067190170288 0.8424293994903564 7 6 0
-0.10868258029222488 0.22634054720401764 0.7477392554283142 131 125 35
-0.10502005368471146 0.2267097383737564 0.7436659336090088 132 120 37
-0.016223503276705742 0.22788295149803162 0.7448139786720276 126 116 30
0.03593969717621803 0.23338332772254944 0.7589452266693115 116 70 5
0.052354827523231506 0.23436957597732544 0.762546956539154 197 127 36
0.07659918814897537 0.234055295586586 0.7662643790245056 213 150 40
0.08351928740739822 0.23464275896549225 0.7673898339271545 177 143 38
0.08683960884809494 0.23652566969394684 0.7683603763580322 183 138 43
0.09251897782087326 0.2344008982181549 0.7694677710533142 141 105 33
0.10050460696220398 0.2340392917394638 0.7708109021186829 119 104 26
0.21934422850608826 0.24182891845703125 0.7915059924125671 30 24 2
0.22154918313026428 0.24482212960720062 0.7924373149871826 26 25 2
0.22803249955177307 0.24257022142410278 0.7934301495552063 19 17 0
0.23593543469905853 0.2429279386997223 0.7945969104766846 17 16 0
0.244269460439682 0.24267643690109253 0.7959731817245483 16 13 0
0.3054419457912445 0.24951757490634918 0.8076416254043579 13 12 0
0.36379748582839966 0.2503625750541687 0.8182157874107361 9 9 0
0.41170865297317505 0.2753867208957672 0.8970269560813904 7 8 0
0.4171940088272095 0.2671591639518738 0.8760454654693604 7 7 0
0.42344826459884644 0.2587016820907593 0.8460304737091064 7 7 0
0.4290741980075836 0.2507741153240204 0.8203979730606079 6 6 0
0.4337165057659149 0.24266797304153442 0.7963343262672424 7 5 0
-0.011726644821465015 0.22629104554653168 0.748652994632721 132 127 33
0.10867218673229218 0.23458585143089294 0.7721409201622009 139 131 41
0.11628661304712296 0.23503665626049042 0.7737201452255249 141 135 43
0.1241571232676506 0.23387402296066284 0.7745441198348999 143 138 47
0.2519402503967285 0.24224895238876343 0.7973355650901794 16 13 0
0.26003310084342957 0.24271158874034882 0.799001932144165 16 12 0
0.2659476697444916 0.24199368059635162 0.799750566482544 17 14 0
0.2689167261123657 0.244126096367836 0.8004541993141174 18 13 0
0.2762744426727295 0.2422802895307541 0.8013626337051392 18 13 0
0.34604617953300476 0.25016534328460693 0.8156298995018005 13 10 0
0.38756170868873596 0.2681818902492523 0.8576005697250366 10 6 0
0.3960868716239929 0.26918286085128784 0.8765000700950623 8 9 0
0.4220225214958191 0.2589433491230011 0.8522098064422607 7 7 0
0.4270455539226532 0.2505671977996826 0.827686071395874 6 6 0
0.4325484037399292 0.24541135132312775 0.8011743426322937 7 6 0
-0.12245597690343857 0.22680893540382385 0.7376875281333923 129 126 37
-0.11932317912578583 0.2267465740442276 0.7425771355628967 130 124 36
-0.115529365837574 0.226460799574852 0.749760091304779 128 127 35
-0.004223404452204704 0.22651085257530212 0.7511653900146484 133 131 35
0.0017271236283704638 0.2250022292137146 0.751865804195404 141 127 41
0.004390106536448002 0.2262442260980606 0.752804696559906 137 132 40
0.012191534973680973 0.22620396316051483 0.754241943359375 136 131 38
0.041106920689344406 0.23280082643032074 0.7598365545272827 123 52 0
0.04534551128745079 0.2330717146396637 0.76068514585495 120 52 0
0.12938712537288666 0.23511594533920288 0.7756265997886658 142 137 45
0.13391579687595367 0.23504139482975006 0.7766327261924744 143 138 44
0.14058539271354675 0.23484252393245697 0.7778518199920654 126 118 30
0.1481110006570816 0.23503361642360687 0.7784792184829712 103 97 22
0.15638214349746704 0.23492299020290375 0.7789149880409241 161 158 69
0.16432005167007446 0.23512734472751617 0.778843104839325 180 178 85
0.28437432646751404 0.24248257279396057 0.803127646446228 16 12 0
0.2925693392753601 0.24293483793735504 0.8046244978904724 15 13 0
0.37208786606788635 0.2517456114292145 0.8276551961898804 9 7 0
0.3850363790988922 0.26129305362701416 0.8538545966148376 9 6 0
0.41532376408576965 0.26727285981178284 0.8840619921684265 7 8 0
0.42057305574417114 0.2593764662742615 0.8599403500556946 6 6 0
0.4308670163154602 0.2425827831029892 0.8045434355735779 8 5 0
0.4378320574760437 0.2347257137298584 0.7801371216773987 20 22 5
-0.16216124594211578 0.21886156499385834 0.7323482036590576 122 117 28
-0.15515734255313873 0.2178952842950821 0.7311775088310242 120 117 30
-0.14764438569545746 0.21817182004451752 0.7312681674957275 125 123 35
-0.13996070623397827 0.21802295744419098 0.7316465973854065 125 123 36
0.020004278048872948 0.22650907933712006 0.7550196051597595 127 121 29
0.028095263987779617 0.2267896980047226 0.7566155791282654 114 101 20
0.035957831889390945 0.2262870818376541 0.7585111856460571 106 81 10
0.17276811599731445 0.23472829163074493 0.7810515761375427 185 180 87
0.1781904101371765 0.23494753241539001 0.7834043502807617 186 182 89
0.18201474845409393 0.23541364073753357 0.7845796942710876 185 182 89
0.30096033215522766 0.24287854135036469 0.8059478998184204 16 12 0
0.30788689851760864 0.2423124760389328 0.8072383403778076 18 12 0
0.31113967299461365 0.24525131285190582 0.8081936240196228 16 12 0
0.315735787153244 0.2427111566066742 0.8089826107025146 17 11 0
0.32442814111709595 0.24291424453258514 0.8107498288154602 15 12 0
0.3935878574848175 0.2693411111831665 0.8693828582763672 10 7 0
0.4033857583999634 0.26663485169410706 0.8842874765396118 8 6 0
0.42522236704826355 0.2512563467025757 0.8359226584434509 6 7 0
0.4297848641872406 0.24329295754432678 0.8123300671577454 7 6 0
0.4350343644618988 0.2344430536031723 0.7882654666900635 5 5 0
-0.13196280598640442 0.21851561963558197 0.7337316870689392 128 126 38
-0.12619638442993164 0.21860380470752716 0.7351855635643005 131 129 41
-0.12176691740751266 0.2187507301568985 0.7394876480102539 131 128 39
-0.07635882496833801 0.21860860288143158 0.7371203899383545 128 124 33
-0.06910098344087601 0.22221651673316956 0.7365977764129639 126 121 31
-0.0683174580335617 0.2179364114999771 0.7350805401802063 129 122 32
-0.059372566640377045 0.2186831533908844 0.7343807220458984 124 119 29
-0.0517977699637413 0.2187243103981018 0.7336757183074951 120 118 28
-0.04400316998362541 0.21857379376888275 0.7338046431541443 118 114 24
-0.03745708242058754 0.21847344934940338 0.7353252172470093 118 111 23
-0.027352534234523773 0.21820664405822754 0.7367904186248779 124 118 26
-0.019505389034748077 0.21858097612857819 0.739650547504425 130 126 35
0.0423736535012722 0.22629061341285706 0.7596906423568726 96 61 2
0.0460081547498703 0.22793154418468475 0.7603263258934021 96 55 2
0.052037883549928665 0.22685180604457855 0.7609819769859314 89 57 5
0.06063932552933693 0.22608785331249237 0.7622878551483154 199 148 54
0.188394695520401 0.23422330617904663 0.7856905460357666 185 183 90
0.19623331725597382 0.23464933037757874 0.7871196866035461 187 186 94
0.20389103889465332 0.23483715951442719 0.7877432107925415 197 196 102
0.21205654740333557 0.23492789268493652 0.7886500954627991 154 143 61
0.33258041739463806 0.24221105873584747 0.8124693036079407 15 11 0
0.3405950367450714 0.24252714216709137 0.8137149810791016 13 11 0
0.3485677242279053 0.24291229248046875 0.8148059248924255 10 9 0
0.35523560643196106 0.24291586875915527 0.8155565857887268 8 9 0
0.35714074969291687 0.24587345123291016 0.8163452744483948 9 9 0
0.3758242726325989 0.2531764507293701 0.8340994119644165 8 6 0
0.3935376703739166 0.2611164450645447 0.8668972253799438 9 7 0
0.40590888261795044 0.269016295671463 0.892063319683075 6 7 0
0.4131041467189789 0.26687538623809814 0.8926448225975037 7 7 0
0.4185176193714142 0.25874826312065125 0.8682146072387695 7 7 0
0.422810435295105 0.2506828010082245 0.8439052104949951 7 6 0
-0.10015203803777695 0.21858429908752441 0.7400035262107849 130 124 33
-0.09183912724256516 0.2187538594007492 0.7391149401664734 127 123 31
-0.08369109034538269 0.2186846137046814 0.7389872074127197 127 123 32
0.06811197102069855 0.2260752171278 0.7629361748695374 202 145 37
0.07646450400352478 0.22636361420154572 0.7648938894271851 192 155 58
0.08490118384361267 0.22633904218673706 0.7670602798461914 142 112 33
0.08914200216531754 0.2253521829843521 0.7677415609359741 108 94 25
0.09266703575849533 0.2269025444984436 0.7687222957611084 110 100 25
0.22026807069778442 0.23422226309776306 0.7902063727378845 27 22 2
0.22902178764343262 0.2358272522687912 0.7927793264389038 21 17 0
0.23616617918014526 0.23460955917835236 0.7940803170204163 20 16 0
0.24368225038051605 0.23420248925685883 0.795295774936676 19 16 0
0.36409303545951843 0.24214792251586914 0.816813051700592 9 8 0
0.3690519630908966 0.24823349714279175 0.8193773031234741 9 7 0
0.39861658215522766 0.2586291432380676 0.8750179409980774 8 7 0
0.4159158170223236 0.26511454582214355 0.878004789352417 9 6 0
0.41673725843429565 0.25965628027915955 0.875156581401825 8 8 0
0.42861565947532654 0.2428014874458313 0.8205724358558655 7 7 0
0.43191617727279663 0.24120491743087769 0.7994164228439331 9 5 0
0.4328781068325043 0.23534269630908966 0.7952309250831604 7 5 0
-0.11966955661773682 0.22310173511505127 0.7437084913253784 128 79 27
-0.11601750552654266 0.21826575696468353 0.7503837943077087 132 127 38
-0.10932433605194092 0.21858133375644684 0.7478671669960022 132 126 35
-0.10513155907392502 0.2197456955909729 0.7433576583862305 131 124 34
-0.07296411693096161 0.21717453002929688 0.7356500625610352 130 122 35
-0.01132227573543787 0.21857024729251862 0.7482362985610962 135 134 41
0.10036954283714294 0.22626322507858276 0.7695017457008362 135 128 40
0.10852349549531937 0.22692586481571198 0.7710651755332947 142 135 42
0.11626935005187988 0.22625528275966644 0.7724357843399048 143 137 42
0.22535325586795807 0.23445281386375427 0.7914924621582031 22 20 0
0.2516920268535614 0.23442842066287994 0.7965352535247803 19 15 0
0.2597351372241974 0.2348404973745346 0.7979336380958557 19 14 0
0.2679279148578644 0.23478659987449646 0.7989941239356995 18 14 0
0.37439706921577454 0.24366821348667145 0.8275988101959229 8 7 0
0.37753576040267944 0.2516251504421234 0.8350691199302673 10 7 0
0.41580086946487427 0.25840309262275696 0.8780458569526672 8 9 0
0.4211564064025879 0.25110581517219543 0.8516982793807983 6 6 0
0.4262773394584656 0.2427525669336319 0.8281669020652771 6 6 0
0.4317494332790375 0.23538635671138763 0.7985803484916687 7 6 0
-0.0035643947776407003 0.21782125532627106 0.7500009536743164 139 134 41
0.00342737277969718 0.21818557381629944 0.7512280941009521 137 135 42
0.12451746314764023 0.22607046365737915 0.773850679397583 144 137 42
0.1323849856853485 0.22647833824157715 0.7750465869903564 143 137 42
0.13514460623264313 0.23054294288158417 0.7761821746826172 145 134 45
0.14091238379478455 0.22762523591518402 0.776634156703949 126 120 33
0.1482715606689453 0.22670993208885193 0.7773571610450745 90 88 14
0.15549582242965698 0.226313054561615 0.7772849798202515 155 150 65
0.16274885833263397 0.22868075966835022 0.7766087055206299 180 176 84
0.17272530496120453 0.22728218138217926 0.7785322666168213 183 182 89
0.27631548047065735 0.23447944223880768 0.8005775213241577 20 14 0
0.2839541435241699 0.23449087142944336 0.8019248843193054 18 14 0
0.29213273525238037 0.23492465913295746 0.8034079074859619 16 13 0
0.30070674419403076 0.2344651073217392 0.8050246834754944 15 12 0
0.36963480710983276 0.24323588609695435 0.8187501430511475 6 8 0
0.3909605145454407 0.25627410411834717 0.860174298286438 8 5 0
0.40046072006225586 0.260857492685318 0.8788698315620422 8 6 0
0.41510626673698425 0.2592221796512604 0.8832759857177734 8 9 0
0.419780433177948 0.25076979398727417 0.8599404692649841 7 7 0
0.4235032796859741 0.24938412010669708 0.8392850756645203 8 7 0
0.4306790232658386 0.2346794754266739 0.8041719794273376 9 6 0
0.4366714358329773 0.2265695482492447 0.7804521322250366 13 11 1
0.006094955373555422 0.2207825630903244 0.7523379921913147 137 133 41
0.012198972515761852 0.2186688333749771 0.753431499004364 136 130 40
0.01999027468264103 0.21794071793556213 0.7544759511947632 131 125 34
0.02804635837674141 0.21792654693126678 0.75530606508255 122 115 25
0.0485226996243 0.2251124083995819 0.7599790096282959 80 34 6
0.1653979867696762 0.2258295863866806 0.775166928768158 180 177 85
0.18045756220817566 0.22639809548854828 0.7826291918754578 185 182 90
0.3086639642715454 0.23431231081485748 0.8067170977592468 15 10 0
0.31722357869148254 0.23607712984085083 0.8085067272186279 12 11 0
0.32429561018943787 0.23506170511245728 0.8099958896636963 13 11 0
0.3898927867412567 0.25432974100112915 0.857703685760498 9 7 0
0.4049670994281769 0.2604743540287018 0.8852128982543945 8 8 0
0.41296160221099854 0.25875046849250793 0.891330361366272 7 9 0
0.41775205731391907 0.2508995831012726 0.8681638240814209 8 8 0
0.4246836006641388 0.24344539642333984 0.8345317244529724 7 7 0
0.42938992381095886 0.23493438959121704 0.8125457167625427 10 6 0
-0.16327622532844543 0.21026085317134857 0.7313256859779358 126 123 33
-0.15579380095005035 0.21075209975242615 0.7303436398506165 123 121 34
-0.14800705015659332 0.21052256226539612 0.7302101254463196 126 125 39
-0.13979081809520721 0.21070605516433716 0.7308422327041626 126 124 37
-0.13177521526813507 0.20998643338680267 0.7326726317405701 131 129 43
-0.06756903231143951 0.21068181097507477 0.7346193790435791 130 125 35
-0.05936465412378311 0.21032729744911194 0.7337719202041626 130 124 35
-0.05178630352020264 0.21050290763378143 0.7335076928138733 129 124 34
-0.04398009926080704 0.21023009717464447 0.7334091067314148 129 124 34
-0.03755084425210953 0.21124987304210663 0.7350552082061768 129 124 34
0.035916682332754135 0.2184915691614151 0.7570914626121521 108 98 17
0.044516805559396744 0.21831776201725006 0.759092390537262 106 91 17
0.049402929842472076 0.21720896661281586 0.759822428226471 106 92 19
0.052710745483636856 0.21891827881336212 0.7603040933609009 102 89 20
0.1381119340658188 0.2256190925836563 0.7757214903831482 140 135 46
0.18531566858291626 0.22580638527870178 0.7836835980415344 184 183 90
0.18890489637851715 0.22708749771118164 0.7849032878875732 185 183 90
0.19608770310878754 0.2269875556230545 0.7865167260169983 188 185 93
0.20446373522281647 0.22612382471561432 0.7872667908668518 195 194 103
0.21254673600196838 0.22599205374717712 0.7878708243370056 152 144 64
0.2726675868034363 0.23382940888404846 0.7998330593109131 18 14 0
0.31435662508010864 0.23413629829883575 0.8076978921890259 12 11 0
0.3320797383785248 0.23412476480007172 0.8112316727638245 16 12 0
0.34023424983024597 0.2344188690185547 0.8122453689575195 10 10 0
0.3484678864479065 0.23475290834903717 0.8134004473686218 10 10 0
0.35676291584968567 0.2351217120885849 0.8149097561836243 8 9 0
0.36261656880378723 0.24138861894607544 0.815850019454956 8 8 0
0.42190977931022644 0.24286693334579468 0.8443422913551331 7 7 0
0.4234972298145294 0.2430955320596695 0.838405430316925 8 8 0
0.43425092101097107 0.22697068750858307 0.7878925204277039 5 5 0
-0.12650038301944733 0.21187515556812286 0.7346541881561279 133 130 42
-0.1222393736243248 0.2139699012041092 0.7388439774513245 133 128 42
-0.09975352883338928 0.21014536917209625 0.737476110458374 130 126 34
-0.09191446751356125 0.20990514755249023 0.7372591495513916 129 124 32
-0.08353816717863083 0.21001197397708893 0.7376266717910767 130 123 31
-0.07602331042289734 0.21003231406211853 0.7370248436927795 130 124 34
-0.07323820143938065 0.21342121064662933 0.7356536984443665 130 123 35
-0.027424471452832222 0.21036282181739807 0.7387970089912415 135 130 39
-0.019579097628593445 0.21031464636325836 0.7409242391586304 139 134 42
0.060114696621894836 0.21807998418807983 0.7611626982688904 101 90 17
0.06808225810527802 0.2185050994157791 0.762155294418335 206 170 77
0.07665453106164932 0.218461811542511 0.7636744976043701 146 125 43
0.0844440832734108 0.21828055381774902 0.7661216855049133 116 106 31
0.1690523475408554 0.22629167139530182 0.7756536602973938 184 174 87
0.22075624763965607 0.22620953619480133 0.7890051007270813 26 22 0
0.22823405265808105 0.22668002545833588 0.7909265756607056 21 19 0
0.23123349249362946 0.22954487800598145 0.7922687530517578 23 18 0
0.2362850159406662 0.22667603194713593 0.7933765053749084 21 18 0
0.36253291368484497 0.2354469746351242 0.8156383037567139 7 8 0
0.36946675181388855 0.23716236650943756 0.8179943561553955 7 9 0
0.39835599064826965 0.2528575658798218 0.8743934035301208 7 9 0
0.4156503677368164 0.25154709815979004 0.8782249093055725 6 8 0
0.41643908619880676 0.25199300050735474 0.8739455938339233 7 8 0
0.42798471450805664 0.23510955274105072 0.8199212551116943 9 6 0
0.4324958622455597 0.22694936394691467 0.7943510413169861 5 5 0
-0.10563313215970993 0.21099267899990082 0.7416898608207703 130 126 34
-0.033664438873529434 0.21047444641590118 0.7367116808891296 131 126 34
0.09175517410039902 0.21835647523403168 0.7671520709991455 134 126 34
0.09421813488006592 0.2225065678358078 0.7683210372924805 134 124 37
0.10132866352796555 0.21959425508975983 0.7687278985977173 140 134 41
0.10859786719083786 0.2182529866695404 0.7700744867324829 143 137 45
0.11590322852134705 0.21829047799110413 0.7714805603027344 143 138 46
0.1589207798242569 0.22533272206783295 0.7759388089179993 185 149 81
0.24365733563899994 0.22642607986927032 0.7949941158294678 19 17 0
0.25235262513160706 0.22648267447948456 0.796130895614624 19 16 0
0.26042965054512024 0.22718296945095062 0.7973102927207947 18 14 0
0.26827991008758545 0.22619357705116272 0.7985621094703674 19 14 0
0.41497182846069336 0.2512584924697876 0.8836435675621033 7 9 0
0.42039328813552856 0.2433142513036728 0.852022111415863 8 7 0
0.4262237250804901 0.23483610153198242 0.8280457854270935 8 7 0
0.43168461322784424 0.22772188484668732 0.7985479831695557 6 6 0
-0.11504283547401428 0.21147285401821136 0.7506826519966125 132 129 39
-0.10995347797870636 0.21127785742282867 0.7476984262466431 130 128 36
-0.011319546960294247 0.21037884056568146 0.7474339008331299 139 136 43
0.009308445267379284 0.21695837378501892 0.7518359422683716 111 60 12
0.09744999557733536 0.21779173612594604 0.7676927447319031 141 133 40
0.1243031769990921 0.21833182871341705 0.772508978843689 144 138 45
0.13246479630470276 0.2188614457845688 0.7736576199531555 143 139 47
0.1402537226676941 0.21881160140037537 0.7747278213500977 132 128 39
0.14516285061836243 0.21807147562503815 0.7756051421165466 108 102 18
0.14872461557388306 0.21910487115383148 0.7765651345252991 95 91 20
0.15553532540798187 0.21839185059070587 0.7766972184181213 154 148 60
0.1589137464761734 0.21792617440223694 0.775900661945343 178 173 81
0.16381216049194336 0.21833373606204987 0.774369478225708 182 177 82
0.16996382176876068 0.2193196415901184 0.7747830748558044 184 181 86
0.17338524758815765 0.21960271894931793 0.7774563431739807 184 181 87
0.2741738557815552 0.22627808153629303 0.7996461987495422 18 14 0
0.27726665139198303 0.2279077023267746 0.8002815246582031 18 13 0
0.28374236822128296 0.22668685019016266 0.8013100028038025 16 12 0
0.29229286313056946 0.22683073580265045 0.8030502796173096 14 13 0
0.3000696003437042 0.2260901927947998 0.8042635321617126 16 13 0
0.3742988705635071 0.23743444681167603 0.8270183801651001 9 6 0
0.4056597054004669 0.2515753209590912 0.8847689032554626 8 6 0
0.4184950590133667 0.24256610870361328 0.8604819774627686 8 7 0
0.430600643157959 0.22689604759216309 0.8039854168891907 7 6 0
-0.003562744939699769 0.21043513715267181 0.7496263980865479 139 137 46
0.004166633356362581 0.21083129942417145 0.7503300309181213 141 136 45
0.009626638144254684 0.2107754796743393 0.7514902353286743 140 135 43
0.013761592097580433 0.2111419290304184 0.752924382686615 140 133 41
0.019986813887953758 0.2105126529932022 0.7543115615844727 136 130 37
0.18016187846660614 0.2184423953294754 0.7816479206085205 186 181 88
0.30823689699172974 0.2263317108154297 0.8054673671722412 16 12 0
0.3162889778614044 0.22658810019493103 0.8068244457244873 17 12 0
0.3191961348056793 0.23076079785823822 0.8082979321479797 12 10 0
0.3249649703502655 0.22773998975753784 0.8089883923530579 12 11 0
0.41265952587127686 0.25069886445999146 0.8910625576972961 7 8 0
0.41672423481941223 0.2433139830827713 0.86838698387146 7 7 0
0.42339831590652466 0.23541021347045898 0.838080644607544 6 8 0
0.42481306195259094 0.23526619374752045 0.8343812823295593 7 8 0
0.43523380160331726 0.21848110854625702 0.7803247570991516 7 7 0
-0.16314348578453064 0.2022963911294937 0.7303106784820557 128 123 34
-0.15546979010105133 0.2021847814321518 0.7287811636924744 124 120 31
-0.1477476954460144 0.20197667181491852 0.7289072275161743 155 150 57
-0.13971099257469177 0.2023908644914627 0.7304027080535889 158 151 68
0.028021663427352905 0.21040934324264526 0.7546409964561462 130 124 29
0.03672731667757034 0.21077294647693634 0.7559987902641296 129 121 29
0.04456894099712372 0.2101886123418808 0.7578125596046448 125 112 25
0.18716517090797424 0.21849513053894043 0.7834346890449524 186 181 89
0.19021140038967133 0.22125144302845 0.7844362854957581 187 182 90
0.1961384266614914 0.21894130110740662 0.7856253981590271 187 184 91
0.20449791848659515 0.21794013679027557 0.7867990732192993 193 193 100
0.23329605162143707 0.22524493932724 0.791839063167572 22 11 0
0.33234742283821106 0.22613120079040527 0.8099240660667419 15 12 0
0.3399237394332886 0.22651910781860352 0.8109297156333923 15 11 0
0.3479638397693634 0.22668127715587616 0.8122068643569946 12 10 0
0.3563312292098999 0.22708207368850708 0.8136416077613831 12 9 0
0.415937602519989 0.24823422729969025 0.8717255592346191 8 2 0
0.4212770462036133 0.23476816713809967 0.8435617089271545 9 7 0
0.4285305142402649 0.2267618626356125 0.8122187256813049 8 6 0
0.4331417977809906 0.21865051984786987 0.7884469628334045 7 6 0
-0.13158108294010162 0.2025710493326187 0.731570303440094 141 136 47
-0.1273472160100937 0.20404186844825745 0.7327486276626587 134 130 41
-0.09672725945711136 0.20817390084266663 0.7359683513641357 105 59 10
-0.06602092832326889 0.20634837448596954 0.7354002594947815 132 126 35
-0.05882364884018898 0.20295509696006775 0.7350986003875732 134 127 35
-0.0518568716943264 0.2024797946214676 0.7348229885101318 138 131 36
-0.04527520388364792 0.2034059464931488 0.7350688576698303 138 132 38
-0.03860847279429436 0.20668214559555054 0.7354044318199158 133 128 37
0.05136558786034584 0.2104106992483139 0.7594018578529358 122 105 23
0.06012392044067383 0.21068640053272247 0.7608279585838318 120 103 25
0.06829509139060974 0.2102111279964447 0.7621656656265259 119 104 29
0.07624563574790955 0.20993508398532867 0.7628772854804993 120 111 32
0.2128266841173172 0.21828149259090424 0.7874765396118164 158 150 72
0.22057288885116577 0.2185172438621521 0.7883350849151611 62 56 6
0.2285570651292801 0.21897126734256744 0.7899729013442993 57 53 6
0.23485636711120605 0.2181285321712494 0.7914161086082458 30 25 4
0.36136767268180847 0.22833453118801117 0.8145963549613953 10 9 0
0.4155449867248535 0.24260474741458893 0.8768384456634521 9 8 0
0.41583338379859924 0.24311405420303345 0.8707778453826904 9 7 0
0.42655274271965027 0.22686119377613068 0.8201027512550354 6 6 0
-0.10703793168067932 0.20286273956298828 0.7401914596557617 132 129 37
-0.1003429964184761 0.20644508302211761 0.7364171743392944 131 127 36
-0.09945402294397354 0.20201589167118073 0.7351159453392029 132 127 37
-0.09455221146345139 0.2019123136997223 0.735605776309967 131 127 36
-0.09086377918720245 0.2032630443572998 0.7364795207977295 131 126 34
-0.0834566280245781 0.20265112817287445 0.7368940711021423 131 126 34
-0.07558770477771759 0.20245438814163208 0.7373777031898499 132 126 36
-0.06879126280546188 0.20206061005592346 0.7370393872261047 133 127 35
-0.03561016172170639 0.20205959677696228 0.7404608130455017 140 133 40
-0.0275616105645895 0.2016291618347168 0.7425299286842346 142 136 44
-0.020583229139447212 0.20252186059951782 0.7429895401000977 144 137 41
0.08435580134391785 0.21056769788265228 0.7649228572845459 136 128 36
0.09256572276353836 0.21074484288692474 0.7664433121681213 142 135 39
0.10034606605768204 0.2101195901632309 0.7673980593681335 143 138 42
0.10269791632890701 0.21365007758140564 0.7684389352798462 144 138 44
0.23824553191661835 0.21953867375850677 0.7925792932510376 22 18 0
0.24481815099716187 0.21854577958583832 0.7938947081565857 18 16 0
0.25272998213768005 0.21884919703006744 0.7949934601783752 19 15 0
0.2610485255718231 0.21892547607421875 0.7964370846748352 19 15 0
0.32169950008392334 0.2257099598646164 0.807744026184082 13 12 0
0.4143572747707367 0.24324259161949158 0.8844186663627625 9 9 0
0.41948798298835754 0.23503433167934418 0.8517143130302429 10 7 0
0.4250081181526184 0.22705736756324768 0.8276859521865845 6 7 0
0.43164876103401184 0.21848851442337036 0.7976703643798828 7 7 0
0.43226826190948486 0.2203277200460434 0.7947124242782593 6 6 0
-0.01145427580922842 0.20223325490951538 0.747892439365387 143 138 46
0.05747855454683304 0.20972752571105957 0.7599068284034729 120 68 24
0.1084209755063057 0.2104620337486267 0.7689826488494873 144 139 43
0.11637541651725769 0.210326686501503 0.7702028155326843 144 138 44
0.12459541112184525 0.21102547645568848 0.771815299987793 144 139 46
0.13227947056293488 0.21113146841526031 0.7724182605743408 143 138 47
0.139777272939682 0.2101600617170334 0.7734805941581726 135 129 43
0.1643959879875183 0.2100752294063568 0.7741358280181885 181 178 85
0.16995097696781158 0.21140918135643005 0.7744179368019104 182 180 87
0.2687632441520691 0.21805526316165924 0.7976211309432983 20 15 0
0.27666524052619934 0.21832051873207092 0.7988306283950806 18 14 0
0.2797779142856598 0.22280330955982208 0.8000478744506836 16 11 0
0.2845311760902405 0.21961945295333862 0.8008899092674255 18 14 0
0.29214420914649963 0.2186964601278305 0.8024526238441467 16 13 0
0.40620148181915283 0.2443503737449646 0.8861987590789795 9 6 0
0.41805028915405273 0.23479604721069336 0.8600610494613647 9 8 0
0.429778128862381 0.2187180072069168 0.8037496209144592 8 7 0
0.4354725182056427 0.211049422621727 0.7730808258056641 14 12 0
-0.1693001389503479 0.20264993607997894 0.731205403804779 133 129 40
-0.11558039486408234 0.20207929611206055 0.7494680285453796 134 131 36
-0.1108798012137413 0.20423869788646698 0.7464928030967712 134 129 38
-0.0035622979048639536 0.20203305780887604 0.7496543526649475 143 138 45
0.004163749050348997 0.20233379304409027 0.7498188614845276 144 139 46
0.011022956110537052 0.20248566567897797 0.7508458495140076 144 138 42
0.14637044072151184 0.2105138897895813 0.7752710580825806 117 108 26
0.1507192850112915 0.21181200444698334 0.7764325737953186 95 85 13
0.1557493954896927 0.21100951731204987 0.7764062881469727 153 145 56
0.15899986028671265 0.21151965856552124 0.7758128643035889 178 173 80
0.17367960512638092 0.21125243604183197 0.7773768901824951 183 182 89
0.1931438148021698 0.21752913296222687 0.7839312553405762 193 151 87
0.29985731840133667 0.21814903616905212 0.8035600781440735 17 13 0
0.3080173134803772 0.2185065597295761 0.8048769235610962 17 13 0
0.3160255253314972 0.2187432199716568 0.805742621421814 15 13 0
0.3240331709384918 0.21896953880786896 0.8073295950889587 12 12 0
0.326823890209198 0.2224334329366684 0.8082916736602783 13 12 0
0.41183215379714966 0.2434733361005783 0.8905743956565857 10 9 0
0.42252829670906067 0.22665925323963165 0.8364123702049255 11 7 0
0.4244403839111328 0.23050862550735474 0.8329402804374695 7 7 0
0.4273804724216461 0.2188803106546402 0.8120617270469666 8 7 0
0.4345191717147827 0.2108033299446106 0.7810249328613281 7 6 0
-0.15460781753063202 0.20036618411540985 0.7279739379882812 102 50 2
-0.15114423632621765 0.20037010312080383 0.7279883027076721 137 85 26
-0.10427084565162659 0.2016334980726242 0.7356517910957336 137 108 38
-0.04261039197444916 0.20115965604782104 0.7373256683349609 148 140 44
-0.017233967781066895 0.2011900097131729 0.7447187900543213 144 138 45
0.01489995513111353 0.2042623907327652 0.7525193691253662 142 136 42
0.020312130451202393 0.20241600275039673 0.753923237323761 143 136 44
0.028017859905958176 0.20190753042697906 0.754508376121521 142 133 41
0.03667616471648216 0.20212450623512268 0.755315363407135 137 129 34
0.1797594428062439 0.21052823960781097 0.780767023563385 185 181 88
0.18825234472751617 0.21067233383655548 0.7823629975318909 186 181 88
0.19528137147426605 0.2101464867591858 0.7836217284202576 186 184 92
0.19792117178440094 0.211978018283844 0.7845414876937866 187 185 93
0.33265355229377747 0.2180434763431549 0.8088304400444031 12 11 0
0.34063708782196045 0.21833714842796326 0.8101219534873962 14 11 0
0.34798678755760193 0.21900729835033417 0.8113170266151428 11 10 0
0.35586872696876526 0.21905125677585602 0.8125689029693604 10 9 0
0.41579926013946533 0.23600266873836517 0.8706164956092834 9 8 0
0.41651174426078796 0.23509381711483002 0.8685893416404724 8 8 0
0.4203612208366394 0.22685594856739044 0.8440227508544922 11 7 0
0.4329058527946472 0.2111312747001648 0.7880681753158569 6 7 0
-0.1691415011882782 0.19550631940364838 0.7302604913711548 136 131 42
-0.16449058055877686 0.19449482858181 0.7291761040687561 137 132 41
-0.1569390743970871 0.19715829193592072 0.7283594608306885 157 154 65
-0.15543177723884583 0.1938517689704895 0.7273522019386292 161 154 63
-0.1506669670343399 0.19385796785354614 0.7276864647865295 157 146 53
-0.14660735428333282 0.19471435248851776 0.7286356091499329 153 142 51
-0.13963352143764496 0.19394458830356598 0.7299835681915283 154 145 57
-0.13148827850818634 0.19422444701194763 0.7310344576835632 150 145 56
-0.12713868916034698 0.19684377312660217 0.7315069437026978 137 130 38
-0.06251207739114761 0.20140472054481506 0.736372172832489 134 126 35
0.0445377491414547 0.20251889526844025 0.7565956711769104 137 126 33
0.05251128599047661 0.20273436605930328 0.7583292126655579 132 118 28
0.05919357389211655 0.20203599333763123 0.7596352100372314 129 115 27
0.06201425567269325 0.20452556014060974 0.7603306174278259 125 112 27
0.06794930249452591 0.2022859901189804 0.760945737361908 130 120 34
0.20484799146652222 0.21036776900291443 0.7857713103294373 192 191 100
0.2127595990896225 0.21070867776870728 0.7871911525726318 169 163 78
0.22049970924854279 0.2109414041042328 0.7880561947822571 45 42 6
0.2287731021642685 0.21046166121959686 0.7895222306251526 30 24 1
0.2814537286758423 0.21774010360240936 0.7997709512710571 18 14 0
0.3605448305606842 0.2203063815832138 0.813283383846283 10 10 0
0.41538241505622864 0.23528309166431427 0.8766756057739258 9 9 0
0.41907215118408203 0.22706647217273712 0.8521606922149658 8 8 0
0.42368289828300476 0.22532087564468384 0.8302228450775146 8 7 0
0.4253442883491516 0.21883635222911835 0.8203365206718445 7 8 0
-0.10741712898015976 0.19510029256343842 0.740077018737793 135 132 42
-0.10421764105558395 0.1957458108663559 0.7356182336807251 138 130 43
-0.09998581558465958 0.19379554688930511 0.7346636056900024 137 133 42
-0.09195006638765335 0.1938483566045761 0.735161542892456 137 132 40
-0.08724841475486755 0.19413162767887115 0.7359102368354797 133 89 31
-0.08341339230537415 0.19428125023841858 0.7364960312843323 138 132 40
-0.07591380178928375 0.19460290670394897 0.7370050549507141 135 131 40
-0.06806279718875885 0.1945057511329651 0.7374814748764038 136 130 40
-0.05968087539076805 0.1945238709449768 0.7374631762504578 136 131 37
-0.05730050802230835 0.19953550398349762 0.7357628345489502 139 123 40
-0.05266813933849335 0.19961605966091156 0.7357893586158752 141 133 39
-0.04382533207535744 0.19418129324913025 0.7402238249778748 165 157 57
0.0762016698718071 0.20237702131271362 0.7622331976890564 143 132 39
0.08415884524583817 0.2028183490037918 0.7631324529647827 144 137 45
0.09299302101135254 0.2023613601922989 0.7650118470191956 145 139 46
0.1049889624118805 0.20838060975074768 0.7678492069244385 149 127 49
0.23624426126480103 0.2101752758026123 0.7907573580741882 23 19 0
0.24532920122146606 0.21163810789585114 0.792787492275238 21 17 0
0.2524050176143646 0.2110099345445633 0.7939557433128357 20 16 0
0.2607688307762146 0.2104858011007309 0.7954421639442444 19 15 0
0.41330692172050476 0.23454280197620392 0.8844122290611267 10 9 0
0.4242613613605499 0.2215465009212494 0.8252712488174438 7 7 0
0.4322458505630493 0.2140614539384842 0.7937915921211243 7 6 0
-0.16126644611358643 0.1932852864265442 0.7277578115463257 163 147 64
-0.05122195556759834 0.1944916695356369 0.737586259841919 143 136 36
-0.03607124090194702 0.19451694190502167 0.7428001165390015 148 141 48
0.10055086761713028 0.20228925347328186 0.7664411067962646 145 140 45
0.10765364021062851 0.20224018394947052 0.7673030495643616 145 140 44
0.10997175425291061 0.20591625571250916 0.7682981491088867 145 140 46
0.11645060032606125 0.2027614712715149 0.7691890597343445 145 139 44
0.12494759261608124 0.20268863439559937 0.7704401016235352 146 140 45
0.13206647336483002 0.20226502418518066 0.7713117003440857 144 138 44
0.24196769297122955 0.2093847244977951 0.7917346954345703 21 18 0
0.2683817148208618 0.21016401052474976 0.7964737415313721 19 14 0
0.2764514982700348 0.21053071320056915 0.7978630065917969 19 14 0
0.28336048126220703 0.21089781820774078 0.7991829514503479 18 14 0
0.2870277762413025 0.21300916373729706 0.8003963828086853 16 14 0
0.2925928831100464 0.21033568680286407 0.801426351070404 17 14 0
0.40673932433128357 0.23715277016162872 0.8872079849243164 11 6 0
0.41085660457611084 0.2365664392709732 0.8894129395484924 11 9 0
0.4175885319709778 0.22729381918907166 0.8601709604263306 8 7 0
0.42324161529541016 0.21878190338611603 0.8287349343299866 7 7 0
0.4284561276435852 0.21055707335472107 0.804218053817749 7 7 0
0.43109503388404846 0.21061711013317108 0.796588659286499 7 6 0
0.4347461462020874 0.20254462957382202 0.7722179889678955 7 7 0
-0.11108198761940002 0.19547629356384277 0.7462429404258728 136 133 42
-0.02912125177681446 0.19751161336898804 0.7437089681625366 143 137 47
-0.022595010697841644 0.19900564849376678 0.7437877655029297 146 130 46
-0.01914888620376587 0.1938871443271637 0.7458158731460571 144 139 42
-0.011545076034963131 0.1945226639509201 0.7476345300674438 143 140 45
0.1404295414686203 0.20218203961849213 0.7727192044258118 135 129 36
0.1487290859222412 0.20296205580234528 0.7747048735618591 101 92 13
0.15490375459194183 0.20641298592090607 0.7761443853378296 133 126 39
0.15589207410812378 0.20408330857753754 0.775665283203125 152 146 58
0.16402065753936768 0.20563583076000214 0.7743078470230103 180 178 85
0.2998828589916229 0.21054597198963165 0.8029899597167969 15 13 0
0.3078557252883911 0.2107323706150055 0.8044366836547852 18 13 0
0.31584110856056213 0.210948184132576 0.8052558898925781 15 12 0
0.32455214858055115 0.21051353216171265 0.8069525361061096 13 12 0
0.4163687825202942 0.22832895815372467 0.8667646050453186 8 8 0
0.42131707072257996 0.21886081993579865 0.836418092250824 9 8 0
0.43352383375167847 0.20260581374168396 0.7803168892860413 6 6 0
-0.11561766266822815 0.1947827935218811 0.7491655945777893 135 133 41
-0.0035590098705142736 0.194611057639122 0.7490959763526917 145 140 47
0.004163883626461029 0.1949789971113205 0.7497514486312866 143 139 44
0.012602918781340122 0.19441652297973633 0.7503306865692139 144 139 44
0.018563082441687584 0.1934370994567871 0.7513757944107056 144 138 44
0.02177559584379196 0.19538383185863495 0.7526760101318359 144 138 45
0.06468795984983444 0.20062565803527832 0.7599475383758545 137 97 33
0.18069347739219666 0.20359228551387787 0.7806522250175476 184 182 87
0.18876828253269196 0.20213599503040314 0.7818203568458557 184 181 86
0.19600678980350494 0.20257514715194702 0.783338725566864 185 184 92
0.33315056562423706 0.21065753698349 0.8086893558502197 12 12 0
0.3405275344848633 0.21044673025608063 0.8092169165611267 16 11 0
0.3487420380115509 0.2107515186071396 0.8103868961334229 12 11 0
0.3567034602165222 0.21099859476089478 0.8115358352661133 10 10 0
0.4156741797924042 0.22619232535362244 0.8691753149032593 9 7 0
0.4197560250759125 0.21925228834152222 0.8447884917259216 9 8 0
0.42659348249435425 0.21126413345336914 0.8118600249290466 6 7 0
0.431789755821228 0.20896539092063904 0.7905483245849609 7 6 0
-0.16245396435260773 0.18660546839237213 0.7273553609848022 152 144 53
-0.1555885523557663 0.18614250421524048 0.7266244888305664 172 160 65
-0.14883728325366974 0.18653488159179688 0.7272787690162659 184 171 66
-0.026944637298583984 0.19378447532653809 0.7446334958076477 145 138 46
0.028476590290665627 0.1945890486240387 0.7535682916641235 144 138 44
0.03664446249604225 0.19461689889431 0.7546327114105225 142 135 43
0.04447036236524582 0.1950148642063141 0.7554132342338562 139 130 36
0.05296638235449791 0.19410733878612518 0.7563184499740601 142 129 35
0.1131030023097992 0.2013949751853943 0.7678808569908142 146 116 45
0.20086412131786346 0.2023121863603592 0.7838422656059265 194 180 95
0.20473815500736237 0.2026965171098709 0.7851659655570984 188 186 95
0.2125529795885086 0.2030181884765625 0.7864090204238892 179 172 84
0.22061175107955933 0.20225949585437775 0.7876642346382141 44 37 7
0.2281012088060379 0.20215803384780884 0.7885128259658813 26 22 0
0.329105943441391 0.21035590767860413 0.8077623844146729 13 12 0
0.4148552715778351 0.227315291762352 0.875815749168396 11 8 0
0.42398619651794434 0.21708719432353973 0.8228937387466431 4 3 0
0.4251526892185211 0.21075734496116638 0.8198320269584656 8 8 0
0.4324864149093628 0.2047402411699295 0.7860551476478577 5 6 0
-0.1454845368862152 0.18806838989257812 0.728330671787262 183 168 59
-0.1394854187965393 0.1866581290960312 0.7291993498802185 173 158 53
-0.1321975737810135 0.18597449362277985 0.7304271459579468 161 153 63
0.060491643846035004 0.19422246515750885 0.7579107284545898 140 130 34
0.0665670707821846 0.1941329389810562 0.7593351602554321 143 136 41
0.06948596984148026 0.19606639444828033 0.7603258490562439 143 135 41
0.07679225504398346 0.19453512132167816 0.7614971399307251 145 140 46
0.08407101780176163 0.19410859048366547 0.7623258829116821 146 140 47
0.09231018275022507 0.19413189589977264 0.763681948184967 146 141 47
0.2359340786933899 0.20230169594287872 0.7894439101219177 24 19 0
0.24381381273269653 0.20259374380111694 0.7907543778419495 22 17 0
0.2468319982290268 0.20703671872615814 0.7922073006629944 22 14 0
0.2526746392250061 0.20374074578285217 0.7930536866188049 21 16 0
0.28886789083480835 0.2094590663909912 0.7999076247215271 18 8 0
0.41221705079078674 0.2265409529209137 0.8841092586517334 12 8 0
0.4186522662639618 0.21932706236839294 0.8528338074684143 8 8 0
0.4239712953567505 0.21369804441928864 0.8224316835403442 10 4 0
0.42979785799980164 0.2027994990348816 0.7957708835601807 6 7 0
0.431309312582016 0.20232662558555603 0.7891620993614197 5 7 0
-0.10839579254388809 0.18694238364696503 0.7397443652153015 138 132 42
-0.10503102093935013 0.18603922426700592 0.7354637384414673 139 133 43
-0.09989888966083527 0.1864984631538391 0.7340096831321716 139 134 43
-0.09159031510353088 0.18665342032909393 0.7346131801605225 139 134 42
-0.0853506401181221 0.1857258379459381 0.7356821298599243 141 136 43
-0.08200474828481674 0.1871594935655594 0.7363091111183167 141 136 43
-0.07582155615091324 0.18611344695091248 0.7364440560340881 142 136 43
-0.06804986298084259 0.18602968752384186 0.7370920777320862 143 137 43
-0.059700679033994675 0.18624557554721832 0.7379427552223206 140 135 42
-0.05133437737822533 0.18647204339504242 0.7388372421264648 143 137 43
0.10046251118183136 0.1947150081396103 0.7655264139175415 146 141 49
0.1079583391547203 0.19501514732837677 0.7668195962905884 146 142 48
0.11278729140758514 0.19425958395004272 0.7676918506622314 146 140 46
0.11733568459749222 0.19465237855911255 0.7688509225845337 146 140 45
0.12436387687921524 0.19435544312000275 0.7693313956260681 145 140 43
0.2600845396518707 0.20216025412082672 0.794420599937439 20 16 0
0.2682284116744995 0.20246487855911255 0.7960014343261719 20 14 0
0.2763047218322754 0.2028261125087738 0.7974216938018799 19 15 0
0.2848154306411743 0.20259614288806915 0.798916220664978 18 13 0
0.28918102383613586 0.20256920158863068 0.7997932434082031 16 13 0
0.416920930147171 0.21967105567455292 0.8588110208511353 10 9 0
0.42297422885894775 0.21115808188915253 0.8290824890136719 8 8 0
-0.04348159581422806 0.18641909956932068 0.7407495379447937 165 154 61
-0.036025270819664 0.1859056055545807 0.7421925067901611 158 149 59
-0.030319111421704292 0.1865982860326767 0.7434549331665039 145 140 45
0.13185475766658783 0.19440174102783203 0.7700466513633728 146 140 47
0.1403914988040924 0.1946725845336914 0.7719295024871826 136 130 39
0.14714771509170532 0.19680751860141754 0.7734668850898743 114 103 23
0.2932128608226776 0.20249561965465546 0.8006324172019958 16 14 0
0.30078041553497314 0.2024286836385727 0.8020468354225159 17 14 0
0.30874544382095337 0.2027585357427597 0.8032335638999939 17 15 0
0.3159918189048767 0.20337200164794922 0.8043155074119568 16 13 0
0.3610823452472687 0.21192756295204163 0.8120653629302979 10 10 0
0.41478702425956726 0.21873322129249573 0.868155300617218 10 8 0
0.41558417677879333 0.21869531273841858 0.8620221614837646 9 9 0
0.42109012603759766 0.21084851026535034 0.8363483548164368 8 8 0
0.42740848660469055 0.20275668799877167 0.803485095500946 6 7 0
0.4341135025024414 0.19450239837169647 0.7721648812294006 7 7 0
-0.11635620892047882 0.18669357895851135 0.7467666268348694 137 132 39
-0.026285476982593536 0.18733219802379608 0.7445818185806274 145 140 45
-0.019469527527689934 0.1867033988237381 0.745401918888092 146 141 46
-0.011736630462110043 0.18674057722091675 0.7459121942520142 145 140 44
-0.003156346268951893 0.18615135550498962 0.7474885582923889 146 141 46
0.004160180222243071 0.18643201887607574 0.7489694356918335 147 142 44
0.012103026732802391 0.18626870214939117 0.7494856119155884 146 140 47
0.18088304996490479 0.19865840673446655 0.7794447541236877 186 182 90
0.24886851012706757 0.20164714753627777 0.7916719913482666 21 16 0
0.3241027593612671 0.20243634283542633 0.8059516549110413 17 12 0
0.33172860741615295 0.20197707414627075 0.8070676922798157 14 13 0
0.33416441082954407 0.2062835544347763 0.8083229064941406 12 11 0
0.3408282399177551 0.20440825819969177 0.8084039688110352 16 12 0
0.34822791814804077 0.20273742079734802 0.8091759085655212 17 12 0
0.3565771281719208 0.20310062170028687 0.8106264472007751 12 10 0
0.36231687664985657 0.20454998314380646 0.8111619353294373 10 10 0
0.4138045310974121 0.2193617969751358 0.8763052225112915 11 9 0
0.41961929202079773 0.21077460050582886 0.8443790078163147 7 8 0
0.4258864223957062 0.20286498963832855 0.8120348453521729 5 7 0
0.4326590299606323 0.19592930376529694 0.778240978717804 5 6 0
0.02072538249194622 0.18641714751720428 0.7505124807357788 146 141 48
0.0264174472540617 0.18654538691043854 0.7515907287597656 146 141 47
0.029608624055981636 0.18802891671657562 0.7524586319923401 146 140 47
0.03680567815899849 0.1859813630580902 0.7533010840415955 146 140 45
0.04442529380321503 0.18641537427902222 0.7546631097793579 144 138 43
0.05245374143123627 0.1861979365348816 0.7551689147949219 143 136 44
0.18944579362869263 0.19496546685695648 0.7812837362289429 183 181 89
0.19661083817481995 0.19462813436985016 0.7829996347427368 183 182 91
0.20155788958072662 0.19420260190963745 0.7837167382240295 188 185 94
0.2048502117395401 0.19530291855335236 0.784584105014801 187 186 97
0.2126406729221344 0.19466958940029144 0.7853308320045471 178 174 99
0.4110453426837921 0.21878956258296967 0.8838542699813843 12 9 0
0.417580246925354 0.21099990606307983 0.8522405624389648 8 9 0
0.42482396960258484 0.20305059850215912 0.8199617266654968 7 8 0
0.43019816279411316 0.19456414878368378 0.7883544564247131 6 7 0
0.4314786195755005 0.1940593272447586 0.7815805077552795 4 6 0
-0.16355417668819427 0.17791776359081268 0.7267690300941467 141 133 45
-0.15546554327011108 0.17770646512508392 0.7260335087776184 156 147 52
-0.14730125665664673 0.17785854637622833 0.7266517281532288 168 155 53
-0.14213289320468903 0.17806202173233032 0.7276464700698853 166 153 53
-0.13825272023677826 0.1791849434375763 0.7285566329956055 168 159 65
-0.11237554997205734 0.1853743940591812 0.7433496713638306 140 125 42
-0.07807233184576035 0.18455329537391663 0.7358777523040771 147 115 44
0.0602729357779026 0.18634380400180817 0.7551833987236023 144 138 45
0.06896671652793884 0.18632084131240845 0.7581937313079834 147 142 46
0.0768103078007698 0.18655872344970703 0.7606099843978882 146 141 45
0.22022633254528046 0.19427300989627838 0.7871472835540771 53 47 14
0.22801102697849274 0.19444093108177185 0.7880363464355469 26 22 0
0.23573455214500427 0.19462043046951294 0.788759171962738 24 19 0
0.24406294524669647 0.19480963051319122 0.7901539206504822 23 17 0
0.2516608238220215 0.19466310739517212 0.7913162112236023 20 16 0
0.2543187737464905 0.1980433315038681 0.7922903299331665 19 16 0
0.3391498327255249 0.20136743783950806 0.8074753284454346 14 12 0
-0.16832776367664337 0.1780950427055359 0.7276586890220642 138 119 42
-0.13195188343524933 0.17849372327327728 0.7290515303611755 161 155 64
-0.10561149567365646 0.17895416915416718 0.7350105047225952 139 134 43
-0.09978625178337097 0.1780620664358139 0.7331655621528625 143 136 44
-0.09149318188428879 0.17822100222110748 0.7338142395019531 142 135 41
-0.07079389691352844 0.18434451520442963 0.7359761595726013 118 66 12
0.0734807476401329 0.1853066384792328 0.7598530054092407 150 139 50
0.08402697741985321 0.186545267701149 0.761901319026947 146 141 45
0.09230417758226395 0.18668866157531738 0.7633078098297119 146 141 46
0.10061062127351761 0.18687230348587036 0.7645862698554993 145 142 47
0.10838066786527634 0.1859508603811264 0.7656352519989014 147 142 47
0.1660083383321762 0.1873786449432373 0.7607181072235107 185 180 85
0.16916213929653168 0.1879841387271881 0.7618712782859802 185 179 86
0.25981205701828003 0.19426614046096802 0.79337477684021 20 15 0
0.26809561252593994 0.1947885900735855 0.7955887317657471 19 16 0
0.27606236934661865 0.19506317377090454 0.7967061400413513 18 15 0
0.28445008397102356 0.19443978369235992 0.798109233379364 19 14 0
0.4150882661342621 0.21094466745853424 0.8597583174705505 8 9 0
0.42304375767707825 0.20274896919727325 0.8275843262672424 8 7 0
0.428371787071228 0.1946360021829605 0.7965900897979736 8 7 0
-0.1095367893576622 0.17878757417201996 0.7388069033622742 139 134 42
-0.08322388678789139 0.17829930782318115 0.7346010208129883 142 137 41
-0.07604365795850754 0.17844487726688385 0.7353586554527283 144 139 43
-0.07025045901536942 0.1777639091014862 0.7357805371284485 147 136 47
-0.06726247817277908 0.17934584617614746 0.7364499568939209 143 138 42
-0.059249043464660645 0.1779685765504837 0.7371535897254944 140 135 39
-0.0513090156018734 0.1779499650001526 0.7384679913520813 137 130 35
-0.0438237264752388 0.17847514152526855 0.739901602268219 147 140 47
0.11615428328514099 0.18623198568820953 0.767071008682251 147 142 49
0.1186954528093338 0.18991492688655853 0.7683854699134827 146 141 47
0.12484008818864822 0.1872510015964508 0.7687024474143982 145 141 44
0.1317754089832306 0.18695269525051117 0.7695543766021729 145 140 46
0.14031082391738892 0.18589887022972107 0.7714685797691345 137 133 39
0.1451546549797058 0.187749445438385 0.7721571326255798 125 118 31
0.29156211018562317 0.19396434724330902 0.799150288105011 17 15 0
0.2945891320705414 0.19715586304664612 0.8003298044204712 16 15 0
0.3004857301712036 0.1946144700050354 0.8011030554771423 17 15 0
0.308699369430542 0.19498080015182495 0.8026129007339478 18 13 0
0.31671085953712463 0.19520631432533264 0.8035364747047424 17 13 0
0.4141753017902374 0.21132253110408783 0.867494523525238 8 9 0
0.4214397370815277 0.20292872190475464 0.8357048630714417 9 8 0
0.4237005114555359 0.20158405601978302 0.8226158022880554 9 7 0
0.4264236390590668 0.19485267996788025 0.804334819316864 7 7 0
0.4337059259414673 0.18652485311031342 0.7723453044891357 7 7 0
-0.1169295534491539 0.1793833076953888 0.7452111840248108 139 132 40
-0.11386518180370331 0.17889870703220367 0.743147611618042 139 133 40
-0.03598678484559059 0.1785072684288025 0.7413877248764038 166 158 62
-0.027314579114317894 0.17809464037418365 0.7430614233016968 147 141 45
-0.024969549849629402 0.18232017755508423 0.7442871332168579 147 139 46
-0.019429532811045647 0.17902010679244995 0.7444843053817749 146 140 45
-0.012048432603478432 0.17806071043014526 0.7448062896728516 145 140 46
-0.003577860537916422 0.1782187521457672 0.7458290457725525 146 141 47
0.03259088471531868 0.1844049096107483 0.7519562840461731 131 79 23
0.16355855762958527 0.18463753163814545 0.7596508264541626 183 178 85
0.3250122368335724 0.19429685175418854 0.8045293688774109 16 14 0
0.33268487453460693 0.19411946833133698 0.8053645491600037 17 14 0
0.34007737040519714 0.19474105536937714 0.8066901564598083 16 12 0
0.34872275590896606 0.1954863965511322 0.8086096048355103 17 12 0
0.3568315804004669 0.1946723312139511 0.8103124499320984 13 12 0
0.4025649428367615 0.21723811328411102 0.8782509565353394 13 7 0
0.4063248336315155 0.21766270697116852 0.8846778869628906 11 8 0
0.4126923680305481 0.21069388091564178 0.876110851764679 10 10 0
0.4156538248062134 0.20913642644882202 0.8547219634056091 9 6 0
0.41927000880241394 0.20254085958003998 0.8441264629364014 9 8 0
0.42548930644989014 0.19551481306552887 0.8126914501190186 7 8 0
0.4309958219528198 0.18684062361717224 0.7811882495880127 6 6 0
0.43219682574272156 0.18794064223766327 0.7773211002349854 5 6 0
0.004151816945523024 0.178752139210701 0.7474925518035889 146 141 48
0.012604997493326664 0.17818640172481537 0.7490392327308655 147 142 48
0.020701702684164047 0.17779524624347687 0.7496587634086609 146 141 48
0.02843569964170456 0.17822033166885376 0.7505106329917908 147 142 49
0.18998689949512482 0.187055304646492 0.7799421548843384 182 181 89
0.1962772011756897 0.18681684136390686 0.7812270522117615 184 183 91
0.20451045036315918 0.1866021603345871 0.7828301787376404 187 186 98
0.21038909256458282 0.1860150396823883 0.7834939956665039 209 207 125
0.21356357634067535 0.18805502355098724 0.7844725251197815 180 172 101
0.40234076976776123 0.21196265518665314 0.8775268793106079 12 8 0
0.4102560877799988 0.21133051812648773 0.8834863305091858 12 11 0
0.4169190526008606 0.20374727249145508 0.8507871627807617 9 8 0
-0.06331326812505722 0.1777912825345993 0.735929548740387 119 66 13
0.03412223607301712 0.17793062329292297 0.7515280246734619 148 143 47
0.03789292648434639 0.1795387715101242 0.7525975704193115 148 143 47
0.044369909912347794 0.1788043975830078 0.7537031769752502 147 142 49
0.05240568146109581 0.17867721617221832 0.7539929747581482 148 142 46
0.060122814029455185 0.17871397733688354 0.7532948851585388 148 143 46
0.06864111870527267 0.17812156677246094 0.7565889954566956 148 143 48
0.12171398848295212 0.18534177541732788 0.7676608562469482 147 141 47
0.15979348123073578 0.18429695069789886 0.7591581344604492 186 157 79
0.1686294823884964 0.18447208404541016 0.7597968578338623 191 156 85
0.2199367880821228 0.18645735085010529 0.7859880328178406 62 52 17
0.2278594970703125 0.1868138462305069 0.7874942421913147 28 22 0
0.23565298318862915 0.18704544007778168 0.7884685397148132 25 19 0
0.24449247121810913 0.1858307272195816 0.7899169921875 23 18 0
0.2528008222579956 0.18613682687282562 0.7905520796775818 23 18 0
0.4061313569545746 0.21146850287914276 0.8848683834075928 10 9 0
0.4148082435131073 0.20296955108642578 0.8599656820297241 9 10 0
0.4156203269958496 0.20259276032447815 0.8543544411659241 9 10 0
0.42344504594802856 0.1953863948583603 0.8223016262054443 7 8 0
0.42453062534332275 0.19518041610717773 0.8186286687850952 7 8 0
0.42923709750175476 0.18665455281734467 0.7875092029571533 7 6 0
-0.1701127290725708 0.16946901381015778 0.7268782258033752 130 124 36
-0.16376343369483948 0.17065872251987457 0.7260653972625732 132 127 35
-0.15531979501247406 0.1704951673746109 0.7253373265266418 156 150 57
-0.14713244140148163 0.17060746252536774 0.7258062362670898 152 145 51
-0.13895978033542633 0.1702672839164734 0.7268391251564026 154 151 62
-0.13263362646102905 0.16878600418567657 0.7274889349937439 157 155 68
-0.13125652074813843 0.17210982739925385 0.7283152937889099 157 151 62
-0.02174411155283451 0.1766427606344223 0.7438256740570068 146 140 46
0.07632557302713394 0.17848782241344452 0.7594327330589294 148 143 49
0.07803601771593094 0.18252168595790863 0.7602214813232422 148 141 48
0.085112564265728 0.17938698828220367 0.7606237530708313 147 142 49
0.09291356056928635 0.1785031408071518 0.7618787288665771 148 143 50
0.10007474571466446 0.1782214343547821 0.7627546787261963 148 143 47
0.15974131226539612 0.17838995158672333 0.7581306099891663 183 175 84
0.16431878507137299 0.17853333055973053 0.758390486240387 183 178 85
0.1701297014951706 0.1787928193807602 0.7587171792984009 185 180 86
0.2609659433364868 0.18724383413791656 0.7931618094444275 21 17 0
0.26801589131355286 0.18711437284946442 0.795265793800354 21 16 0
0.27602723240852356 0.18620823323726654 0.7959967255592346 20 16 0
0.28398844599723816 0.18585556745529175 0.796571671962738 18 17 0
0.3450494110584259 0.19427743554115295 0.8076478838920593 17 14 0
0.42199069261550903 0.19483615458011627 0.8279723525047302 10 7 0
0.42780008912086487 0.18679147958755493 0.7959610223770142 7 7 0
-0.10639023780822754 0.17053507268428802 0.7339004278182983 140 135 44
-0.0995807871222496 0.1705898940563202 0.7316356897354126 142 136 44
-0.09129207581281662 0.17071940004825592 0.7321827411651611 143 137 44
-0.08286368101835251 0.16995655000209808 0.7335993051528931 143 138 43
-0.07562892138957977 0.17026406526565552 0.7345390915870667 145 139 47
-0.06794155389070511 0.17009307444095612 0.7351298928260803 146 140 45
-0.06373398005962372 0.1702629178762436 0.7359171509742737 153 130 51
-0.05962503328919411 0.17039994895458221 0.7365684509277344 146 140 44
0.08201079815626144 0.17764081060886383 0.759812593460083 148 142 49
0.10840661078691483 0.17815710604190826 0.7640792727470398 148 143 46
0.11657591164112091 0.17880341410636902 0.7659919261932373 147 141 43
0.12343352288007736 0.1788799911737442 0.7673538327217102 146 141 47
0.12672129273414612 0.1799606829881668 0.7682201266288757 146 141 48
0.13235731422901154 0.17807012796401978 0.7693555355072021 146 141 49
0.2919241189956665 0.18644142150878906 0.797917366027832 18 16 0
0.3015463650226593 0.18779784440994263 0.8004960417747498 17 15 0
0.3082490563392639 0.18706725537776947 0.801426351070404 18 14 0
0.31668341159820557 0.18668384850025177 0.8024846911430359 21 15 0
0.3638410270214081 0.19373182952404022 0.8118466734886169 13 12 0
0.3676331341266632 0.1950865089893341 0.8160989284515381 10 4 0
0.37228888273239136 0.19529953598976135 0.8225721120834351 13 10 0
0.4136072099208832 0.20319479703903198 0.8682438135147095 9 10 0
0.4207456707954407 0.19503454864025116 0.8362889885902405 11 7 0
0.4257851541042328 0.18694543838500977 0.8034668564796448 7 8 0
0.4334274232387543 0.1783408373594284 0.7722281813621521 7 7 0
-0.1148548349738121 0.17059382796287537 0.7422227263450623 141 135 45
-0.11047066003084183 0.17174643278121948 0.7379187941551208 140 135 44
-0.05124570429325104 0.17056332528591156 0.7375233173370361 145 137 41
-0.043698474764823914 0.1709716022014618 0.73846036195755 160 150 52
-0.03591596707701683 0.16985474526882172 0.7399152517318726 166 158 60
-0.027572643011808395 0.1702355444431305 0.7418498396873474 148 141 45
0.1405334621667862 0.1784118115901947 0.7704792618751526 138 134 45
0.14578431844711304 0.17849604785442352 0.770494282245636 121 116 28
0.2575342357158661 0.18669961392879486 0.7917131185531616 21 17 0
0.2976425290107727 0.18663547933101654 0.799494206905365 17 15 0
0.3241877853870392 0.1860426366329193 0.803178071975708 20 15 0
0.3323837220668793 0.1862289309501648 0.8043873310089111 18 17 0
0.34082117676734924 0.18664823472499847 0.8062223196029663 18 15 0
0.34721890091896057 0.18738502264022827 0.8075382709503174 18 14 0
0.35046836733818054 0.1885271519422531 0.8082895874977112 17 14 0
0.3563135862350464 0.18660207092761993 0.8092638254165649 17 14 0
0.4018547832965851 0.20415927469730377 0.876417338848114 14 10 0
0.4117123782634735 0.2029455602169037 0.875709593296051 11 11 0
0.4184224307537079 0.1947956681251526 0.8440477252006531 11 10 0
-0.11831505596637726 0.1721883863210678 0.744645893573761 139 133 43
-0.019913695752620697 0.17053654789924622 0.7426766753196716 148 141 46
-0.014658529311418533 0.1704021543264389 0.7435289025306702 147 142 47
-0.010776247829198837 0.17160522937774658 0.744316041469574 147 142 47
-0.0030887858010828495 0.17033010721206665 0.7449150085449219 148 143 50
0.004147878382354975 0.1702360063791275 0.7466709017753601 148 142 46
0.012068351730704308 0.17014040052890778 0.7476299405097961 148 142 47
0.18957549333572388 0.17921775579452515 0.7787900567054749 184 181 88
0.19643090665340424 0.17858387529850006 0.7803396582603455 184 182 89
0.20379461348056793 0.17813588678836823 0.7816608548164368 189 185 91
0.3638204336166382 0.18645940721035004 0.8111774921417236 17 13 0
0.4062087833881378 0.20330046117305756 0.8840180039405823 15 13 0
0.40974435210227966 0.2031913846731186 0.8824872970581055 14 11 0
0.4165339469909668 0.1956404745578766 0.8496614098548889 9 10 0
0.4248013496398926 0.18724404275417328 0.8117506504058838 8 8 0
0.43041351437568665 0.1786094754934311 0.7806951999664307 7 6 0
0.4320870041847229 0.181651309132576 0.7771877646446228 6 5 0
0.02066604048013687 0.17022216320037842 0.7483546733856201 148 143 47
0.028425700962543488 0.17069171369075775 0.749555766582489 148 143 46
0.036699216812849045 0.17024679481983185 0.7511272430419922 149 144 47
0.039138589054346085 0.17407037317752838 0.7521883249282837 148 141 47
0.0446455217897892 0.1704186052083969 0.752400815486908 151 144 48
0.05230143293738365 0.16987572610378265 0.7524715662002563 149 144 50
0.06010929122567177 0.17027153074741364 0.7530909180641174 149 145 50
0.21202969551086426 0.1781064122915268 0.7828851342201233 191 188 105
0.21573522686958313 0.182576522231102 0.784189760684967 117 85 32
0.22034011781215668 0.1793077141046524 0.7849292159080505 56 49 12
0.22845882177352905 0.17866919934749603 0.7867637872695923 28 24 0
0.2366490364074707 0.1780487447977066 0.787738025188446 25 20 0
0.3719576895236969 0.18809960782527924 0.8215347528457642 17 11 0
0.41428127884864807 0.19509004056453705 0.8605690002441406 11 10 0
0.41545820236206055 0.19527043402194977 0.8542212843894958 10 10 0
0.4226555824279785 0.18657994270324707 0.8208631277084351 11 9 0
0.4282313287258148 0.17890657484531403 0.7881777286529541 7 7 0
-0.17119120061397552 0.16287480294704437 0.726593554019928 129 122 36
-0.16348256170749664 0.16223564743995667 0.724789559841156 131 124 37
-0.15574687719345093 0.16234314441680908 0.7239837646484375 146 143 59
-0.14805597066879272 0.16202811896800995 0.7238708734512329 157 159 79
-0.1400778442621231 0.16221894323825836 0.7249484658241272 155 156 75
0.06836417317390442 0.17055025696754456 0.7559869289398193 149 144 48
0.0767475962638855 0.17060376703739166 0.7580463290214539 148 143 50
0.08446072787046432 0.1699250340461731 0.7593538165092468 148 143 47
0.08757662773132324 0.1749769151210785 0.7601205706596375 150 138 49
0.09252777695655823 0.17039179801940918 0.7605330944061279 148 143 50
0.15926454961299896 0.17195779085159302 0.7557392120361328 183 176 83
0.1643475890159607 0.17052878439426422 0.7557083368301392 184 179 83
0.17065250873565674 0.17139039933681488 0.7567004561424255 186 181 85
0.2447029948234558 0.17813771963119507 0.7887113690376282 23 18 0
0.2526213824748993 0.17835254967212677 0.7898357510566711 23 19 0
0.25904160737991333 0.17851580679416656 0.79122394323349 22 18 0
0.26229146122932434 0.18032503128051758 0.7925928235054016 21 17 0
0.2685847580432892 0.17924173176288605 0.7937164306640625 22 18 0
0.2768706977367401 0.17816446721553802 0.7946472764015198 19 17 0
0.420890212059021 0.18705512583255768 0.8279299139976501 13 8 0
0.42718589305877686 0.17873109877109528 0.7966108322143555 6 6 0
-0.1320400834083557 0.16244710981845856 0.7263458967208862 157 154 62
-0.10726013034582138 0.16266532242298126 0.7336108684539795 141 136 42
-0.09948097914457321 0.1622171252965927 0.7308868169784546 143 137 41
-0.09119470417499542 0.1623285561800003 0.7313814163208008 144 137 41
-0.08369990438222885 0.16278065741062164 0.7328079342842102 144 137 45
-0.007787729147821665 0.16980727016925812 0.743950366973877 136 84 24
0.04113442078232765 0.16903994977474213 0.7519049048423767 153 139 50
0.09996035695075989 0.17054754495620728 0.7616579532623291 148 143 48
0.1082993671298027 0.1707126349210739 0.7633002996444702 149 143 48
0.11645562201738358 0.17008636891841888 0.7651833891868591 148 141 44
0.12396149337291718 0.17036905884742737 0.7667863965034485 146 141 45
0.2848438620567322 0.17824004590511322 0.7958828210830688 17 17 0
0.2920846939086914 0.17872561514377594 0.7971798181533813 17 16 0
0.2995469868183136 0.17878447473049164 0.7986892461776733 20 16 0
0.3025875389575958 0.18343573808670044 0.8001391887664795 16 12 0
0.3088689148426056 0.18017075955867767 0.800590455532074 20 16 0
0.3159782588481903 0.17820227146148682 0.8012382984161377 20 17 0
0.39463022351264954 0.19562001526355743 0.8661495447158813 16 13 0
0.4127340018749237 0.1949753612279892 0.8679365515708923 13 10 0
0.41945913434028625 0.18677297234535217 0.8361896276473999 13 9 0
0.4252058267593384 0.17892375588417053 0.8037450313568115 8 7 0
-0.07579091191291809 0.16246362030506134 0.7340278625488281 146 139 46
-0.06783785670995712 0.16167815029621124 0.7347472906112671 146 140 46
-0.062352489680051804 0.16125820577144623 0.735723078250885 146 141 47
-0.058678675442934036 0.16283081471920013 0.7363054156303406 146 141 46
-0.051192522048950195 0.16211754083633423 0.7367382645606995 147 141 49
-0.04363749176263809 0.16250556707382202 0.7373645305633545 148 141 49
0.1334880292415619 0.17144764959812164 0.7686190009117126 147 142 49
0.14047494530677795 0.17072974145412445 0.7690168619155884 140 136 44
0.14486078917980194 0.17208550870418549 0.7690597772598267 127 119 29
0.2171211838722229 0.17810624837875366 0.7837170958518982 117 105 40
0.3239217698574066 0.17813169956207275 0.8023973703384399 22 18 0
0.33205363154411316 0.17839248478412628 0.8035716414451599 20 16 0
0.34058988094329834 0.1788519322872162 0.8056479096412659 20 16 0
0.3485986888408661 0.17907840013504028 0.8071802258491516 19 15 0
0.3510366678237915 0.18323354423046112 0.8081228137016296 16 11 0
0.4019852876663208 0.19568319618701935 0.876155436038971 16 12 0
0.410912424325943 0.1948249191045761 0.8760889172554016 15 11 0
0.41725948452949524 0.18699242174625397 0.84390789270401 10 10 0
0.4329344928264618 0.17091459035873413 0.7715560793876648 6 6 0
-0.11610860377550125 0.16213060915470123 0.7413416504859924 141 134 42
-0.111110158264637 0.1641339212656021 0.7371229529380798 141 135 45
-0.03586412966251373 0.1624310314655304 0.7388216257095337 171 165 72
-0.0274759940803051 0.16273121535778046 0.7401851415634155 149 144 48
-0.019695930182933807 0.16223089396953583 0.7417118549346924 149 143 46
-0.012319033965468407 0.16206470131874084 0.7431260943412781 149 143 50
-0.007539290003478527 0.16222712397575378 0.7438753247261047 156 138 53
-0.0035699508152902126 0.16236087679862976 0.7444700002670288 148 144 51
0.08930659294128418 0.1699705272912979 0.7599178552627563 153 140 50
0.18956273794174194 0.17097671329975128 0.7782451510429382 185 180 86
0.19583487510681152 0.1702471822500229 0.7795963883399963 186 181 89
0.356844425201416 0.18039293587207794 0.808363676071167 17 14 0
0.3637685775756836 0.18005992472171783 0.8103641867637634 17 14 0
0.40606793761253357 0.19563893973827362 0.8835515379905701 15 14 0
0.4090728461742401 0.1952991485595703 0.8827299475669861 14 13 0
0.4162503182888031 0.1911008208990097 0.8491477370262146 10 8 0
0.4233323037624359 0.17813029885292053 0.8130149245262146 8 8 0
0.42444828152656555 0.181589737534523 0.8103942275047302 7 7 0
0.4300581216812134 0.17042146623134613 0.7792114019393921 7 6 0
0.004142130725085735 0.1627194583415985 0.7457036375999451 148 143 50
0.012092345394194126 0.1627563089132309 0.7467731833457947 149 142 50
0.020869143307209015 0.16177143156528473 0.7473570108413696 149 144 50
0.028392981737852097 0.16214516758918762 0.7486600875854492 149 144 51
0.03642246127128601 0.16227565705776215 0.7506265044212341 150 143 46
0.13002966344356537 0.16948512196540833 0.767649233341217 146 141 46
0.2045159935951233 0.1701887845993042 0.7810435891151428 187 185 92
0.2127586305141449 0.17061834037303925 0.7817583680152893 193 184 97
0.21923470497131348 0.1709456592798233 0.783190906047821 84 77 20
0.2228996604681015 0.17263180017471313 0.7845101952552795 28 24 0
0.2291189730167389 0.1705000251531601 0.7855770587921143 28 23 0
0.41509726643562317 0.1870744377374649 0.8522164821624756 13 12 0
0.4218378961086273 0.1789095252752304 0.8199657797813416 13 9 0
0.4279361963272095 0.17106884717941284 0.7876803874969482 7 7 0
0.041394930332899094 0.1635170578956604 0.7518836855888367 149 143 47
0.04490034282207489 0.1629338264465332 0.7522449493408203 150 143 48
0.05166730657219887 0.16320747137069702 0.7521792054176331 150 143 51
0.0602773055434227 0.1629863679409027 0.7527336478233337 150 144 50
0.0685243234038353 0.16197459399700165 0.7549355030059814 148 143 49
0.0761965662240982 0.16234320402145386 0.7565450668334961 148 144 50
0.16493476927280426 0.1620267778635025 0.7546235918998718 184 179 81
0.1701177954673767 0.1632128804922104 0.7553021907806396 185 180 84
0.23668314516544342 0.17019309103488922 0.7868652939796448 25 21 0
0.24445557594299316 0.17038609087467194 0.78775554895401 25 21 0
0.25232842564582825 0.17063480615615845 0.7889032959938049 26 21 0
0.2602725625038147 0.17091621458530426 0.7902041077613831 24 20 0
0.26777127385139465 0.17078642547130585 0.7910783886909485 21 20 0
0.2700587511062622 0.17484061419963837 0.7925382256507874 23 19 0
0.27664467692375183 0.1703408658504486 0.7933578491210938 22 20 0
0.3055228888988495 0.17822562158107758 0.7996618151664734 19 16 0
0.3560703992843628 0.17736847698688507 0.8076797127723694 17 16 0
0.41189220547676086 0.18704000115394592 0.8681443929672241 17 13 0
0.4136333167552948 0.18691086769104004 0.8600116968154907 15 11 0
0.4158084988594055 0.18573306500911713 0.84698086977005 13 11 0
0.42027047276496887 0.17858444154262543 0.8279809951782227 12 9 0
0.43152979016304016 0.16978715360164642 0.7747436761856079 5 6 0
0.4337936341762543 0.17082639038562775 0.7673466205596924 6 8 0
-0.16939902305603027 0.15529046952724457 0.7243253588676453 128 122 34
-0.16412895917892456 0.1543034166097641 0.7231625914573669 123 117 29
-0.15600299835205078 0.15473701059818268 0.7227658629417419 158 160 73
-0.14794927835464478 0.15360398590564728 0.7230420112609863 163 164 77
-0.13981398940086365 0.15372560918331146 0.7236308455467224 156 157 70
-0.13186153769493103 0.15409070253372192 0.7253539562225342 170 164 71
-0.12127850204706192 0.162357896566391 0.7408818602561951 140 133 43
-0.05431747063994408 0.16085000336170197 0.7359150648117065 127 70 17
0.08455106616020203 0.16251108050346375 0.7589100003242493 150 144 49
0.09018518775701523 0.16239270567893982 0.7598885893821716 149 144 49
0.0931844413280487 0.16351701319217682 0.7601742148399353 149 143 49
0.10059946030378342 0.16263924539089203 0.7606775164604187 148 143 51
0.10856863856315613 0.16222868859767914 0.7624833583831787 149 143 48
0.28472402691841125 0.17052334547042847 0.7954037189483643 22 18 0
0.2929821312427521 0.17091825604438782 0.7972825765609741 22 19 0
0.3008948564529419 0.17111025750637054 0.7981205582618713 23 19 0
0.30901721119880676 0.17047683894634247 0.799181342124939 23 19 0
0.39455288648605347 0.18979649245738983 0.866261899471283 19 15 0
0.41042181849479675 0.1871451735496521 0.8766334056854248 18 17 0
0.41853007674217224 0.1787896603345871 0.8360582590103149 13 11 0
0.4238680601119995 0.17764593660831451 0.8072252869606018 8 7 0
0.42680028080940247 0.17071963846683502 0.7967215180397034 8 8 0
-0.10692903399467468 0.15476861596107483 0.7329181432723999 142 135 43
-0.09941086173057556 0.15376338362693787 0.7303579449653625 143 137 44
-0.09113070368766785 0.15386904776096344 0.7308529019355774 145 138 46
-0.08374187350273132 0.15437869727611542 0.7320985794067383 146 140 47
-0.0760822519659996 0.15433050692081451 0.7331312298774719 146 141 45
0.116333968937397 0.1624252200126648 0.7643670439720154 149 142 46
0.12387705594301224 0.1627698838710785 0.7659938931465149 149 143 48
0.13217033445835114 0.16276119649410248 0.7670282125473022 146 143 50
0.14060547947883606 0.16678887605667114 0.7682645320892334 141 137 45
0.1450909823179245 0.16543103754520416 0.7683154940605164 131 115 33
0.31106698513031006 0.17524152994155884 0.8001142144203186 22 16 0
0.3160701096057892 0.17051316797733307 0.8006700277328491 22 20 0
0.3242442309856415 0.16999897360801697 0.8012508749961853 24 22 0
0.33217713236808777 0.1708686351776123 0.8026514053344727 26 24 1
0.34019407629966736 0.1709824502468109 0.8046954870223999 27 25 0
0.3484964370727539 0.17129415273666382 0.8061636090278625 27 26 0
0.4020082354545593 0.18748928606510162 0.8767120242118835 17 15 0
0.41682377457618713 0.17980121076107025 0.8424033522605896 13 11 0
0.42492353916168213 0.17130668461322784 0.8031616806983948 8 8 0
0.4323374629020691 0.1666237711906433 0.7694597840309143 4 6 0
0.43263912200927734 0.16349229216575623 0.7663896679878235 4 6 0
-0.1273789405822754 0.156638965010643 0.7272910475730896 165 159 71
-0.12524010241031647 0.15506798028945923 0.7316482067108154 135 130 39
-0.12202965468168259 0.1548582762479782 0.7401208877563477 139 133 38
-0.11585020273923874 0.1547812968492508 0.7415735721588135 141 134 43
-0.11136555671691895 0.15550783276557922 0.7377326488494873 141 134 44
-0.0677579715847969 0.1543588489294052 0.7338607907295227 146 141 49
-0.05948225408792496 0.15452316403388977 0.7347604632377625 147 141 50
-0.05298629030585289 0.15373097360134125 0.7356758117675781 147 141 47
-0.04999064281582832 0.15525110065937042 0.7362833619117737 148 142 49
-0.0436059944331646 0.15397559106349945 0.7368249893188477 148 141 43
-0.035852085798978806 0.15408794581890106 0.7385642528533936 152 146 46
-0.027449635788798332 0.15427058935165405 0.73943692445755 166 160 58
0.1401204913854599 0.16252197325229645 0.767425537109375 140 138 47
0.19044138491153717 0.16383276879787445 0.7778202295303345 184 180 85
0.27270662784576416 0.1693568080663681 0.7917255759239197 24 18 0
0.35574695467948914 0.17083430290222168 0.8066225647926331 28 29 3
0.40633782744407654 0.1876048892736435 0.8831779360771179 19 19 0
0.40887224674224854 0.18774043023586273 0.8820452094078064 18 19 0
0.4143899083137512 0.17866650223731995 0.8521342873573303 17 13 0
0.41568201780319214 0.17909593880176544 0.8460633754730225 14 13 0
0.4227137267589569 0.17081908881664276 0.812115490436554 10 8 0
0.4238479435443878 0.17078985273838043 0.8066091537475586 8 8 0
0.4307747781276703 0.16229237616062164 0.7722271084785461 5 6 0
-0.019889311864972115 0.15464895963668823 0.7408004999160767 178 170 70
-0.01171089056879282 0.15451647341251373 0.7426214218139648 185 175 73
-0.005528875160962343 0.15336157381534576 0.7436181902885437 170 161 60
-0.0022349529899656773 0.15521885454654694 0.7442306876182556 153 146 49
0.004135274328291416 0.15418149530887604 0.7445968985557556 150 144 48
0.012071945704519749 0.1541236788034439 0.745535135269165 149 145 47
0.020614122971892357 0.15435467660427094 0.7472179532051086 148 144 47
0.09700369834899902 0.16174910962581635 0.7599357962608337 155 136 54
0.1962607353925705 0.16223858296871185 0.778554379940033 187 182 86
0.20462657511234283 0.16275277733802795 0.7797637581825256 189 185 92
0.2125636637210846 0.1629541516304016 0.7808643579483032 199 192 104
0.22069616615772247 0.16223126649856567 0.7825572490692139 64 59 13
0.2268339991569519 0.1618870049715042 0.7834789156913757 29 25 0
0.41262397170066833 0.17932914197444916 0.8600167632102966 18 14 0
0.4211018681526184 0.17089246213436127 0.8198891282081604 13 9 0
0.4286615252494812 0.16282474994659424 0.7802181243896484 8 7 0
0.028391031548380852 0.15480120480060577 0.7485826015472412 150 144 48
0.03690831735730171 0.15418873727321625 0.7501528263092041 151 144 48
0.0441771000623703 0.15388332307338715 0.7510025501251221 151 145 51
0.04484942555427551 0.15912126004695892 0.7521257996559143 151 144 50
0.05087113752961159 0.15904907882213593 0.7520503401756287 154 141 53
0.06129756197333336 0.1550060361623764 0.7523996233940125 149 145 49
0.14435583353042603 0.16283579170703888 0.7675752639770508 130 122 34
0.22988758981227875 0.16413567960262299 0.7845256328582764 28 24 0
0.2364351749420166 0.16253088414669037 0.7860221266746521 27 22 0
0.24435310065746307 0.16281677782535553 0.7874081134796143 26 21 0
0.252084881067276 0.16296662390232086 0.7881274819374084 26 21 0
0.2602977454662323 0.16289125382900238 0.7894165515899658 27 22 0
0.2678156793117523 0.1621118038892746 0.790232241153717 25 21 0
0.3130221366882324 0.16992388665676117 0.7998585104942322 22 18 0
0.41117754578590393 0.17908762395381927 0.8677144646644592 19 16 0
0.41975945234298706 0.17083771526813507 0.8279567956924438 14 10 0
0.42713335156440735 0.16269153356552124 0.7881971597671509 9 7 0
-0.16374097764492035 0.14674097299575806 0.7224677205085754 121 115 26
-0.15582984685897827 0.14635998010635376 0.7212536334991455 156 157 76
-0.1478189080953598 0.14644232392311096 0.7223561406135559 123 141 66
0.06819026917219162 0.15433000028133392 0.7540426850318909 150 145 51
0.07614272087812424 0.15481503307819366 0.7555990815162659 150 144 49
0.0849052146077156 0.15430483222007751 0.757777988910675 150 144 48
0.0924023911356926 0.15429697930812836 0.7591251730918884 149 144 50
0.09811434149742126 0.15449415147304535 0.7597188353538513 149 144 51
0.10215583443641663 0.15539008378982544 0.7602648138999939 148 144 50
0.16507166624069214 0.15457066893577576 0.7542574405670166 184 178 81
0.169939324259758 0.15543200075626373 0.7547010779380798 185 179 85
0.2733175456523895 0.16249722242355347 0.7914507389068604 24 21 0
0.27748048305511475 0.16312727332115173 0.792945146560669 26 21 0
0.2845417857170105 0.16284538805484772 0.7948774695396423 27 22 0
0.29274770617485046 0.16319698095321655 0.7965976595878601 27 24 0
0.30100610852241516 0.16249269247055054 0.7974550724029541 26 25 1
0.3087541162967682 0.16227568686008453 0.798841118812561 30 28 2
0.4098743200302124 0.178758904337883 0.8764499425888062 20 18 0
0.41735121607780457 0.170904740691185 0.8353866338729858 15 12 0
0.4259102940559387 0.1627921313047409 0.7961868643760681 10 8 0
0.4317062497138977 0.16189327836036682 0.766808271408081 4 5 0
-0.1694926619529724 0.14705851674079895 0.7234084606170654 126 121 32
-0.1397569179534912 0.14663656055927277 0.7233214378356934 127 142 63
-0.1312396377325058 0.14633901417255402 0.7243226170539856 167 158 63
-0.12529203295707703 0.14822502434253693 0.7313469052314758 136 128 38
-0.04672539234161377 0.15233221650123596 0.7359271049499512 146 92 32
0.052194301038980484 0.1538006216287613 0.750883162021637 149 144 49
0.05761919170618057 0.15514086186885834 0.7517582178115845 149 144 48
0.10865325480699539 0.15458092093467712 0.7615430951118469 148 143 48
0.11612813919782639 0.15487661957740784 0.7630020380020142 148 143 48
0.12500149011611938 0.15425331890583038 0.7648059725761414 148 143 49
0.13268162310123444 0.15434671938419342 0.7664180397987366 148 142 46
0.14015589654445648 0.15448205173015594 0.767237663269043 150 143 49
0.31389710307121277 0.1625085324048996 0.7998249530792236 31 30 1
0.317516565322876 0.16277995705604553 0.8005178570747375 33 31 1
0.324863076210022 0.16256310045719147 0.800926923751831 35 34 2
0.3325865566730499 0.16273917257785797 0.8019222617149353 39 40 3
0.3400990664958954 0.16336646676063538 0.8036180734634399 42 45 5
0.3481701910495758 0.1622479110956192 0.804913341999054 68 71 30
0.4030824601650238 0.17948199808597565 0.8790274262428284 20 17 0
0.40864697098731995 0.18169711530208588 0.8809616565704346 19 18 0
0.4161461591720581 0.17472365498542786 0.8410560488700867 15 11 0
0.42459920048713684 0.16409802436828613 0.8023303747177124 10 8 0
0.4313192665576935 0.1545228809118271 0.7655707001686096 4 6 0
0.4321855306625366 0.1583501398563385 0.7645406126976013 5 6 0
-0.10739483684301376 0.14634940028190613 0.732430636882782 165 156 63
-0.09931213408708572 0.14652425050735474 0.7296207547187805 158 151 54
-0.09108290076255798 0.14669249951839447 0.7304597496986389 172 165 70
-0.08362185955047607 0.14699003100395203 0.7310279607772827 177 167 69
-0.07566709071397781 0.145808145403862 0.7314618825912476 193 183 85
-0.06765824556350708 0.14591021835803986 0.7327703833580017 189 182 79
-0.05937723070383072 0.14612676203250885 0.7338584661483765 194 186 83
-0.05174998193979263 0.1465194821357727 0.7346543669700623 195 185 78
0.14541533589363098 0.15455323457717896 0.767629861831665 126 116 29
0.1464807391166687 0.15662656724452972 0.7681873440742493 129 113 34
0.3549622595310211 0.16233128309249878 0.8054687976837158 142 144 121
0.4068869352340698 0.17917293310165405 0.8824416995048523 21 21 0
0.4141974449157715 0.17090179026126862 0.8520761132240295 18 13 0
0.4153420627117157 0.17101702094078064 0.8440582156181335 16 13 0
0.4224446415901184 0.1626884788274765 0.8117367029190063 14 9 0
0.4235679507255554 0.16274970769882202 0.805735170841217 10 8 0
0.4298573434352875 0.15482197701931 0.7722553610801697 9 6 0
-0.1218900978565216 0.1470063477754593 0.7410783767700195 143 137 44
-0.11610487103462219 0.14660386741161346 0.7412862181663513 156 149 52
-0.11128311604261398 0.14892828464508057 0.7367260456085205 143 133 42
-0.046107396483421326 0.14605712890625 0.7354057431221008 199 190 92
-0.042516276240348816 0.14762268960475922 0.7364223599433899 188 179 72
-0.0357975997030735 0.14668872952461243 0.7374099493026733 193 182 76
-0.027027929201722145 0.14602328836917877 0.7386738061904907 198 188 83
-0.019843729212880135 0.14619901776313782 0.740041971206665 199 188 86
-0.012016510590910912 0.14624632894992828 0.741651713848114 197 186 81
0.0014553022338077426 0.15255841612815857 0.7439239025115967 151 134 50
0.19106370210647583 0.15513649582862854 0.776768684387207 184 179 84
0.19680510461330414 0.15495938062667847 0.7777849435806274 186 181 87
0.20453394949436188 0.15507325530052185 0.778601884841919 188 182 92
0.21259905397891998 0.15444694459438324 0.7797081470489502 206 200 113
0.22018815577030182 0.15423499047756195 0.7816078662872314 86 77 20
0.4120851457118988 0.17092746496200562 0.8603513836860657 19 15 0
0.4205940365791321 0.16264952719211578 0.820061445236206 14 10 0
0.42744922637939453 0.15444551408290863 0.7799249291419983 11 7 0
-0.12713605165481567 0.1473885029554367 0.7265050411224365 175 164 73
-0.003564836923032999 0.14633411169052124 0.7428745031356812 165 155 54
0.004105286672711372 0.1460607796907425 0.7432819604873657 150 144 47
0.004479782655835152 0.1501203328371048 0.7441713809967041 149 144 49
0.012854820117354393 0.14741367101669312 0.7448095679283142 151 144 49
0.020616628229618073 0.14579375088214874 0.7464690804481506 149 145 47
0.028363097459077835 0.14631439745426178 0.747840166091919 150 144 47
0.03634175285696983 0.14623604714870453 0.7490568161010742 151 144 48
0.22804349660873413 0.15442657470703125 0.7830469012260437 30 26 0
0.23090559244155884 0.1589968204498291 0.7840555906295776 24 15 0
0.23673194646835327 0.15538980066776276 0.7851276397705078 30 25 0
0.24445581436157227 0.15486574172973633 0.7868261933326721 30 24 0
0.2519034147262573 0.15406452119350433 0.7875447869300842 33 26 0
0.26001623272895813 0.1539834588766098 0.7882353067398071 35 29 0
0.4102507531642914 0.17104612290859222 0.8681739568710327 21 17 0
0.4156202971935272 0.16930513083934784 0.8389653563499451 14 12 0
0.4185062646865845 0.16279710829257965 0.8282644152641296 15 11 0
0.4255647361278534 0.1546185314655304 0.7881210446357727 8 7 0
0.044137630611658096 0.14647522568702698 0.7497037649154663 151 144 50
0.05216243490576744 0.14641523361206055 0.7504022717475891 150 144 48
0.057867493480443954 0.14725476503372192 0.7516069412231445 151 144 49
0.06141109764575958 0.1476825624704361 0.7521924376487732 151 145 50
0.06856085360050201 0.14607089757919312 0.7534793615341187 151 145 49
0.0760621428489685 0.14623616635799408 0.7547874450683594 151 144 49
0.08420804142951965 0.1461769938468933 0.7561365365982056 149 144 51
0.16437937319278717 0.14581549167633057 0.7537931203842163 182 177 81
0.16976775228977203 0.14701874554157257 0.7538270354270935 184 179 83
0.26781973242759705 0.15443313121795654 0.7895488739013672 35 29 0
0.2753514349460602 0.15441109240055084 0.7910059094429016 33 29 1
0.2785690426826477 0.15786780416965485 0.7923114895820618 30 26 0
0.28400513529777527 0.1549859195947647 0.793363630771637 28 28 1
0.29243332147598267 0.15495330095291138 0.7949632406234741 26 26 2
0.4091780483722687 0.17206133902072906 0.8745164275169373 23 19 0
0.4166868329048157 0.16366811096668243 0.8338592052459717 15 13 0
0.424617201089859 0.15613232553005219 0.7952491641044617 8 6 0
-0.16355669498443604 0.13841333985328674 0.7214966416358948 122 115 28
-0.1556461900472641 0.13796110451221466 0.7203845381736755 125 123 39
-0.14756503701210022 0.13809961080551147 0.7211012840270996 122 114 33
-0.13960763812065125 0.13837270438671112 0.7225331664085388 105 98 23
-0.13154509663581848 0.13850131630897522 0.723402738571167 113 106 27
0.009280667640268803 0.14571307599544525 0.7436891198158264 151 143 49
0.092266745865345 0.1466483622789383 0.7579889297485352 151 144 52
0.1000136211514473 0.14670835435390472 0.7594972848892212 150 144 48
0.10338475555181503 0.1498878002166748 0.7601209878921509 149 141 48
0.10876717418432236 0.1467943787574768 0.7604371905326843 148 144 47
0.11589238792657852 0.14607380330562592 0.7614402174949646 148 143 46
0.12426012009382248 0.14610280096530914 0.7632854580879211 148 144 46
0.23296739161014557 0.1538299024105072 0.7836856842041016 30 26 0
0.30008986592292786 0.15408924221992493 0.7960365414619446 44 45 9
0.3084981143474579 0.1543794870376587 0.7980489134788513 60 59 9
0.31601664423942566 0.15432825684547424 0.7995057702064514 90 90 22
0.31864526867866516 0.157486230134964 0.8002111911773682 54 54 8
0.3248629868030548 0.15502318739891052 0.8003190755844116 135 133 72
0.3325415849685669 0.1549532264471054 0.8010099530220032 193 194 166
0.3407500088214874 0.15492501854896545 0.802678644657135 193 194 172
0.40691861510276794 0.173675075173378 0.8809577822685242 15 4 0
0.40764495730400085 0.16939137876033783 0.8755028247833252 21 15 0
0.4146079123020172 0.16306518018245697 0.8443884253501892 17 14 0
0.415544331073761 0.16287213563919067 0.8379471302032471 16 13 0
0.4240652024745941 0.15921750664710999 0.801501452922821 6 4 0
-0.12572000920772552 0.13883817195892334 0.7249114513397217 137 127 40
-0.12370669841766357 0.13902729749679565 0.7320838570594788 141 127 41
-0.10757718235254288 0.13846714794635773 0.7312784790992737 193 183 83
-0.09925651550292969 0.1382596641778946 0.7292007207870483 191 181 76
-0.09187865257263184 0.13871096074581146 0.7302820682525635 194 185 85
-0.08412393927574158 0.13848303258419037 0.7303715348243713 196 185 83
-0.07582422345876694 0.13841062784194946 0.7305755615234375 198 187 86
0.1325850486755371 0.1466764360666275 0.76569002866745 148 143 45
0.1400451511144638 0.14685331284999847 0.7666112780570984 148 143 45
0.15804941952228546 0.1461758017539978 0.7539796829223633 178 172 76
0.34807008504867554 0.15440742671489716 0.8043180704116821 150 153 104
0.4135792851448059 0.16305851936340332 0.8522064089775085 18 15 0
0.42136266827583313 0.15491344034671783 0.8122284412384033 13 11 0
0.42302945256233215 0.15481393039226532 0.8039798736572266 10 8 0
0.4237387478351593 0.15356428921222687 0.7972526550292969 7 7 0
0.42972972989082336 0.14672476053237915 0.7715864181518555 7 7 0
-0.15441271662712097 0.1375274658203125 0.7199751138687134 109 80 20
-0.12109405547380447 0.13920065760612488 0.7401622533798218 146 138 46
-0.11631879955530167 0.13893760740756989 0.739976704120636 160 149 52
-0.06756189465522766 0.13859547674655914 0.7317110300064087 202 193 94
-0.05885511264204979 0.13815246522426605 0.7331438660621643 199 191 89
-0.051810428500175476 0.13798370957374573 0.7337809205055237 174 170 69
-0.04454660043120384 0.1380673199892044 0.7350937128067017 163 161 59
-0.035750143229961395 0.13822364807128906 0.7363874316215515 166 161 62
-0.027397185564041138 0.1382746547460556 0.7371076345443726 189 181 80
0.19101567566394806 0.14767085015773773 0.7761736512184143 182 180 86
0.19694222509860992 0.14644590020179749 0.7765272259712219 184 180 87
0.20416001975536346 0.14612379670143127 0.7771635055541992 186 182 89
0.21192336082458496 0.14628662168979645 0.7786371111869812 207 201 109
0.41172555088996887 0.16280916333198547 0.8602039217948914 18 17 0
0.41985923051834106 0.15498608350753784 0.8199762105941772 11 10 0
0.42732030153274536 0.14643920958042145 0.7789976596832275 10 7 0
-0.01981041207909584 0.1387186050415039 0.7387681603431702 200 189 85
-0.011675458401441574 0.13854555785655975 0.7403226494789124 194 183 77
-0.0035251968074589968 0.13776767253875732 0.7414831519126892 166 158 59
0.004121025092899799 0.1381363719701767 0.7421117424964905 149 143 45
0.01070342119783163 0.13836044073104858 0.7431983947753906 151 144 48
0.014486820437014103 0.14014685153961182 0.744342565536499 151 144 49
0.10645324736833572 0.1454489678144455 0.7598910927772522 150 142 50
0.21978364884853363 0.1464536488056183 0.7800511717796326 103 91 27
0.22771988809108734 0.1467774361371994 0.7817823886871338 38 33 2
0.23533029854297638 0.14676867425441742 0.78323894739151 37 32 2
0.23793359100818634 0.15032385289669037 0.7844976782798767 35 29 1
0.24408739805221558 0.14645430445671082 0.785463273525238 37 31 2
0.4093504846096039 0.16290920972824097 0.8682309985160828 19 19 0
0.41811487078666687 0.15477345883846283 0.8277117013931274 11 11 0
0.4249500036239624 0.14664050936698914 0.7870897054672241 10 6 0
-0.03942951187491417 0.13752728700637817 0.7359239459037781 161 114 47
0.020580673590302467 0.1383088231086731 0.7451887130737305 151 145 48
0.028296343982219696 0.13867352902889252 0.7460936903953552 151 144 47
0.03626351058483124 0.13859055936336517 0.746695339679718 151 144 48
0.044044043868780136 0.1390371173620224 0.7480636835098267 152 145 49
0.05207083001732826 0.13773852586746216 0.7489712238311768 151 144 48
0.060603462159633636 0.13793379068374634 0.7502256631851196 151 144 51
0.06957726925611496 0.14014726877212524 0.7525676488876343 151 144 51
0.2517690658569336 0.14627310633659363 0.7871026992797852 39 31 2
0.2603795528411865 0.14619673788547516 0.7878080606460571 37 32 1
0.2688036262989044 0.14656712114810944 0.7886742949485779 36 31 1
0.27609026432037354 0.1471305787563324 0.7904655933380127 37 33 2
0.27903130650520325 0.14974774420261383 0.7922050952911377 33 16 1
0.2847873568534851 0.1471601128578186 0.7928310036659241 34 33 1
0.2916543483734131 0.1461585909128189 0.7936697006225586 69 68 8
0.4065023362636566 0.16220270097255707 0.8742179274559021 19 19 0
0.40830498933792114 0.16628128290176392 0.8724424242973328 21 14 0
0.41530734300613403 0.15477952361106873 0.8374875783920288 14 12 0
0.41651105880737305 0.15565048158168793 0.8334638476371765 14 13 0
0.42318055033683777 0.1465507596731186 0.7953168749809265 9 7 0
0.4235852360725403 0.1458868831396103 0.7910308837890625 8 8 0
-0.1515379250049591 0.13645268976688385 0.719976544380188 84 45 3
-0.11256790161132812 0.13745054602622986 0.7352094054222107 203 186 90
0.06686720997095108 0.13809122145175934 0.7514920830726624 151 144 52
0.07595460116863251 0.13864965736865997 0.7536981105804443 151 144 49
0.08412745594978333 0.13870392739772797 0.7550765872001648 151 144 49
0.09205014258623123 0.13910946249961853 0.7562012076377869 151 144 50
0.1006188914179802 0.13813433051109314 0.7571280002593994 150 144 52
0.1081121414899826 0.13812822103500366 0.7585276961326599 149 144 49
0.15548771619796753 0.1380089819431305 0.7547715902328491 127 124 40
0.1641988307237625 0.13834673166275024 0.7529502511024475 182 176 84
0.16939155757427216 0.14061185717582703 0.7527264952659607 184 179 84
0.2995801270008087 0.1461435705423355 0.7945525646209717 98 93 18
0.30790722370147705 0.14650128781795502 0.7965055108070374 114 117 38
0.3161541819572449 0.14680491387844086 0.7981630563735962 207 209 163
0.3240853548049927 0.1469588428735733 0.7996335625648499 159 161 100
0.3265656530857086 0.15061335265636444 0.800048828125 239 237 224
0.3326135575771332 0.14687012135982513 0.8004293441772461 129 131 55
0.34035804867744446 0.1460704356431961 0.8014911413192749 84 86 17
0.4136674106121063 0.1548224240541458 0.8439735174179077 16 14 0
-0.16520458459854126 0.1312471628189087 0.7204340100288391 124 117 30
-0.16249284148216248 0.12886276841163635 0.7196380496025085 123 116 30
-0.1555592268705368 0.1292378455400467 0.7196363806724548 119 111 28
-0.15140315890312195 0.129676952958107 0.7199196219444275 120 98 27
-0.14742892980575562 0.12974423170089722 0.720413327217102 115 104 22
-0.13944336771965027 0.1299704909324646 0.7216708660125732 110 101 18
-0.13219620287418365 0.130637988448143 0.7230334877967834 126 117 30
-0.12651914358139038 0.1328890472650528 0.7255425453186035 135 127 38
-0.10053010284900665 0.13658228516578674 0.7279766201972961 171 111 27
0.11003845185041428 0.14304010570049286 0.760088324546814 147 131 44
0.11775784194469452 0.13944777846336365 0.7605666518211365 149 144 47
0.12458885461091995 0.13869808614253998 0.7616485357284546 149 142 48
0.13224945962429047 0.13903887569904327 0.7637389898300171 149 143 46
0.14088350534439087 0.1379627138376236 0.7651787400245667 147 141 44
0.1909250169992447 0.14550995826721191 0.775897741317749 185 178 86
0.348652184009552 0.14612746238708496 0.8030532598495483 69 71 14
0.35636237263679504 0.1463317722082138 0.8042884469032288 55 57 12
0.41238024830818176 0.1549682766199112 0.8527673482894897 15 15 0
0.4202120006084442 0.14669758081436157 0.8118511438369751 10 10 0
0.42168837785720825 0.14657533168792725 0.8036453127861023 10 9 0
-0.17082363367080688 0.13014745712280273 0.720836877822876 129 123 35
-0.12436822056770325 0.13318952918052673 0.7323413491249084 135 127 37
-0.10897714644670486 0.13129405677318573 0.7295732498168945 195 186 86
-0.10035677254199982 0.12934468686580658 0.7274875640869141 195 184 80
-0.09778928756713867 0.1317385882139206 0.7284497618675232 195 185 81
-0.09168975800275803 0.13010486960411072 0.7287572622299194 185 178 74
-0.08395416289567947 0.12988163530826569 0.7288768291473389 185 175 66
-0.07574710249900818 0.13008564710617065 0.7300264835357666 186 179 70
-0.06747207045555115 0.13020794093608856 0.730708122253418 185 178 75
-0.05924205854535103 0.13032881915569305 0.7317208647727966 200 190 91
0.1477673202753067 0.13804015517234802 0.7636392116546631 125 118 28
0.19431591033935547 0.1446927934885025 0.7759206891059875 187 177 88
0.4106212556362152 0.15493062138557434 0.860049307346344 17 16 0
0.4186662435531616 0.14714069664478302 0.8199271559715271 10 11 0
0.4286852777004242 0.13881267607212067 0.7726779580116272 7 8 0
-0.12190931290388107 0.1313483715057373 0.7381236553192139 136 128 37
-0.11774574965238571 0.13096462190151215 0.7376008629798889 145 133 41
-0.11378293484449387 0.13107436895370483 0.733656644821167 170 156 64
-0.10592898726463318 0.12949401140213013 0.7273123264312744 193 183 81
-0.05177935212850571 0.13072259724140167 0.7333371639251709 194 183 80
-0.04403984174132347 0.13074424862861633 0.7346376776695251 195 185 82
-0.03802324831485748 0.1297294795513153 0.7356031537055969 188 178 71
-0.03425927460193634 0.13116630911827087 0.736254096031189 186 180 78
-0.02734035812318325 0.1298249512910843 0.7364314794540405 200 198 101
-0.019767502322793007 0.13019365072250366 0.7371008396148682 200 196 100
-0.011964275501668453 0.13014765083789825 0.7383622527122498 196 189 88
0.11448471993207932 0.13753698766231537 0.7595673203468323 149 143 48
0.19076396524906158 0.1388598382472992 0.7748499512672424 184 179 84
0.1961669772863388 0.13809965550899506 0.7748172879219055 185 180 85
0.20122207701206207 0.13819962739944458 0.7756195664405823 185 181 88
0.20503570139408112 0.13911563158035278 0.7766236662864685 186 182 89
0.2118905484676361 0.13872376084327698 0.7783399224281311 202 199 106
0.22033509612083435 0.13864381611347198 0.7792724370956421 104 93 27
0.22924943268299103 0.13862751424312592 0.7809641361236572 40 35 2
0.2368820160627365 0.13818921148777008 0.7825174927711487 39 34 3
0.4077989459037781 0.1625882238149643 0.8713300824165344 22 17 0
0.4087657928466797 0.1559131145477295 0.8665857911109924 20 18 0
0.41740891337394714 0.14680591225624084 0.8278760313987732 13 10 0
0.42657673358917236 0.1386721283197403 0.7803292870521545 10 8 0
-0.17006541788578033 0.1287735104560852 0.7199054956436157 122 93 25
-0.00351919699460268 0.13037560880184174 0.740389883518219 164 157 60
0.004118015523999929 0.1307656615972519 0.741503894329071 151 144 50
0.01202308014035225 0.13073883950710297 0.7424597144126892 151 144 50
0.020425081253051758 0.13035184144973755 0.743253767490387 150 144 50
0.020770708099007607 0.13415122032165527 0.7443258762359619 150 145 48
0.028254831209778786 0.13449294865131378 0.7444472908973694 150 144 48
0.03741447627544403 0.132871612906456 0.7447040677070618 151 144 49
0.04468516260385513 0.13001896440982819 0.7457540035247803 150 143 47
0.24209369719028473 0.13846750557422638 0.7835928201675415 38 34 3
0.24561014771461487 0.1389928013086319 0.7848156094551086 37 32 2
0.2518860995769501 0.13890646398067474 0.7866888642311096 37 31 1
0.26039811968803406 0.1387033611536026 0.787846565246582 38 32 1
0.26861950755119324 0.1389617919921875 0.7881195545196533 40 32 2
0.2770760655403137 0.13864435255527496 0.7897420525550842 40 34 1
0.28117436170578003 0.14646650850772858 0.7917284369468689 35 33 2
0.4052007794380188 0.15511557459831238 0.8737449049949646 19 19 0
0.4074169099330902 0.154934823513031 0.8701289892196655 19 18 0
0.41507580876350403 0.1468479484319687 0.8374229669570923 15 12 0
0.41636866331100464 0.1481538563966751 0.8333232998847961 15 12 0
0.4236045777797699 0.13850034773349762 0.7905510067939758 9 8 0
0.42482900619506836 0.13965509831905365 0.7866092920303345 10 7 0
0.05248584598302841 0.1303931176662445 0.7472133636474609 152 145 51
0.06062319129705429 0.13045842945575714 0.7489596009254456 152 145 50
0.06848795711994171 0.13092777132987976 0.7505274415016174 150 145 49
0.07793448120355606 0.13085126876831055 0.7527360916137695 150 145 52
0.08449948579072952 0.13028374314308167 0.7536466717720032 150 144 50
0.09266939014196396 0.13011586666107178 0.7545139193534851 151 144 49
0.15755845606327057 0.13262075185775757 0.7573864459991455 147 140 51
0.28345009684562683 0.1381792426109314 0.7913083434104919 40 37 3
0.2866716682910919 0.14008769392967224 0.7922683954238892 41 39 2
0.29259783029556274 0.13836713135242462 0.7933267951011658 74 73 12
0.30069926381111145 0.13850878179073334 0.7941678762435913 87 86 16
0.30815646052360535 0.13906051218509674 0.7956069707870483 85 85 19
0.315826952457428 0.13905993103981018 0.7973195910453796 81 82 16
0.3244602382183075 0.13830210268497467 0.7993615865707397 102 102 24
0.4134763777256012 0.14694233238697052 0.8438662886619568 16 14 0
0.4227036237716675 0.13921703398227692 0.7958402037620544 10 8 0
-0.15530085563659668 0.12246841937303543 0.7187631130218506 121 113 24
-0.09465271234512329 0.12862209975719452 0.7279732823371887 181 128 44
0.02817322500050068 0.1303853988647461 0.7428627014160156 150 144 51
0.035779085010290146 0.12958280742168427 0.7432155013084412 151 145 50
0.07413031905889511 0.12993767857551575 0.7516127228736877 151 145 50
0.10047392547130585 0.13037504255771637 0.7550556659698486 151 144 51
0.10845757275819778 0.13017898797988892 0.7557752728462219 149 143 49
0.11652067303657532 0.13071288168430328 0.7574018239974976 149 143 50
0.12511275708675385 0.13483388721942902 0.7604352831840515 149 142 48
0.13264264166355133 0.13111381232738495 0.7612113356590271 147 142 48
0.3324999511241913 0.1384442001581192 0.8003373742103577 103 102 23
0.3401339650154114 0.13815467059612274 0.800877034664154 82 78 14
0.3483639359474182 0.13839082419872284 0.8022496700286865 72 71 11
0.3565188944339752 0.13858892023563385 0.8033981323242188 62 63 12
0.4116387367248535 0.14667393267154694 0.8525429368019104 17 16 0
0.4158930778503418 0.1465529501438141 0.8317861557006836 10 2 0
0.4213927388191223 0.13880690932273865 0.8032405376434326 11 10 0
0.42938801646232605 0.13089965283870697 0.7635316252708435 6 7 0
-0.17033062875270844 0.1224648505449295 0.7196012139320374 129 122 35
-0.163419708609581 0.12239887565374374 0.7183614373207092 124 118 29
-0.14962154626846313 0.12252478301525116 0.719761848449707 119 112 24
-0.14604315161705017 0.1237403154373169 0.720277726650238 118 110 23
-0.13891573250293732 0.12192878872156143 0.7208888530731201 125 118 29
-0.13286520540714264 0.12231893092393875 0.7220482230186462 136 129 37
-0.10603661090135574 0.12290222197771072 0.7264214158058167 192 183 85
-0.09967498481273651 0.12266747653484344 0.7264837622642517 198 193 93
-0.03154218941926956 0.12897250056266785 0.7359843850135803 180 126 52
0.12402637302875519 0.13051442801952362 0.758659303188324 150 142 50
0.1404118686914444 0.1301940530538559 0.7639631032943726 149 145 54
0.1486213654279709 0.13071319460868835 0.7652873396873474 121 114 24
0.4095507562160492 0.14719656109809875 0.8596159219741821 19 17 0
0.41752395033836365 0.1390552967786789 0.8197734355926514 13 12 0
0.4191085696220398 0.1384260207414627 0.8112733960151672 9 11 0
0.42775118350982666 0.1305762380361557 0.7718379497528076 8 9 0
-0.11472420394420624 0.12286960333585739 0.7331418395042419 131 125 33
-0.11083138734102249 0.12312500178813934 0.7290064096450806 201 194 92
-0.09244097024202347 0.12208926677703857 0.727359414100647 176 174 71
-0.09102294594049454 0.12538722157478333 0.7282251715660095 193 186 86
-0.0831068679690361 0.12337112426757812 0.7282834649085999 195 188 84
-0.07520169764757156 0.12231945246458054 0.7289966940879822 193 183 79
-0.06742247939109802 0.12177319824695587 0.7301559448242188 195 187 86
-0.05913081020116806 0.12187466025352478 0.7307586073875427 174 169 63
-0.05172717571258545 0.12242603302001953 0.732588529586792 190 183 83
-0.04402753338217735 0.12243004143238068 0.7341118454933167 175 171 71
0.1557847112417221 0.12978123128414154 0.7630758881568909 117 109 23
0.1884380728006363 0.130351722240448 0.772996723651886 183 179 83
0.1959889829158783 0.1306031048297882 0.7740970849990845 183 179 85
0.20204590260982513 0.13130320608615875 0.7754239439964294 185 181 89
0.20594868063926697 0.13173802196979523 0.7764814496040344 186 182 89
0.21211203932762146 0.13039107620716095 0.7778692841529846 194 191 101
0.22037047147750854 0.12989236414432526 0.7790159583091736 132 122 45
0.22877216339111328 0.13031421601772308 0.7804004549980164 42 35 2
0.36278241872787476 0.1380390226840973 0.8049647808074951 21 21 0
0.36431917548179626 0.14001935720443726 0.8080592155456543 20 17 0
0.39730727672576904 0.14739464223384857 0.8664349913597107 21 19 0
0.4069429337978363 0.1471312791109085 0.8691691756248474 20 19 0
0.4081542193889618 0.14856994152069092 0.8646676540374756 20 18 0
0.41670700907707214 0.13910819590091705 0.8284437656402588 17 13 0
0.4255976974964142 0.13086600601673126 0.7799473404884338 8 8 0
-0.14253360033035278 0.12152746319770813 0.7199382781982422 111 65 15
-0.12177085876464844 0.12267578393220901 0.7373012900352478 137 129 37
-0.11887118965387344 0.12334860116243362 0.7366657257080078 146 138 43
-0.08570930361747742 0.12141513079404831 0.7277830243110657 176 175 72
-0.03581636771559715 0.12236912548542023 0.735029399394989 116 131 27
-0.030795926228165627 0.12182322144508362 0.7358596324920654 119 132 30
-0.027100825682282448 0.1227973997592926 0.7362918257713318 115 135 30
-0.019753383472561836 0.1228872761130333 0.7365543842315674 96 122 22
-0.011628887616097927 0.12254049628973007 0.7372430562973022 88 116 20
-0.003512849099934101 0.12182872742414474 0.7389306426048279 143 143 48
0.004112638533115387 0.12233143299818039 0.7404665350914001 151 144 49
0.012010660022497177 0.12229082733392715 0.7417487502098083 151 144 49
0.02049604244530201 0.1223616674542427 0.7421720623970032 151 144 47
0.0281433816999197 0.12260038405656815 0.742082417011261 151 144 50
0.036025237292051315 0.12236493080854416 0.7425457239151001 150 144 48
0.12957559525966644 0.1294725090265274 0.7594910264015198 149 142 49
0.16316582262516022 0.1291259378194809 0.7627120614051819 179 172 77
0.23668241500854492 0.13041365146636963 0.7818264365196228 39 34 4
0.24348244071006775 0.13070885837078094 0.7833273410797119 37 32 2
0.24714688956737518 0.13251036405563354 0.7844339609146118 37 32 2
0.25311973690986633 0.13073638081550598 0.7860916256904602 41 34 0
0.26075804233551025 0.13007104396820068 0.7872409820556641 40 34 0
0.2685248851776123 0.13012365996837616 0.7878265976905823 42 35 0
0.2762526869773865 0.13017576932907104 0.7885724902153015 42 36 1
0.39078280329704285 0.14637814462184906 0.8580071926116943 23 23 0
0.4041515588760376 0.14684349298477173 0.8744781017303467 19 20 0
0.4150151312351227 0.1389353722333908 0.8363838791847229 17 14 0
0.4158020317554474 0.13842137157917023 0.8309503793716431 15 12 0
0.423460990190506 0.13051964342594147 0.7892410755157471 7 8 0
0.04554197937250137 0.12311524897813797 0.7445987462997437 154 147 56
0.052695535123348236 0.12272536754608154 0.7459060549736023 149 141 51
0.06055033206939697 0.1219036877155304 0.7480404376983643 151 144 48
0.06840038299560547 0.12240371853113174 0.7495572566986084 149 145 47
0.07618435472249985 0.12216909229755402 0.7509896755218506 150 145 49
0.17161141335964203 0.12972068786621094 0.765789270401001 183 171 80
0.17434607446193695 0.12826499342918396 0.7690181136131287 185 171 83
0.18088406324386597 0.12936827540397644 0.7710521221160889 183 178 85
0.28436344861984253 0.13028663396835327 0.790109395980835 41 38 1
0.29096099734306335 0.13007718324661255 0.7912903428077698 66 66 11
0.2941264510154724 0.13233032822608948 0.792531430721283 84 83 15
0.3007862865924835 0.1308763176202774 0.7937076091766357 89 87 15
0.30882528424263 0.1310081034898758 0.7949697971343994 89 85 16
0.31618741154670715 0.13042673468589783 0.7966693639755249 90 88 15
0.4130571186542511 0.13903313875198364 0.8439421057701111 17 15 0
0.42244279384613037 0.13096970319747925 0.7961910367012024 9 10 0
-0.07926119118928909 0.1217803880572319 0.7279090881347656 171 111 31
0.08490528911352158 0.1231071949005127 0.7523710131645203 149 144 50
0.09255252033472061 0.12262420356273651 0.7533876895904541 149 144 51
0.10043659061193466 0.12296462059020996 0.7542608380317688 150 144 48
0.10901090502738953 0.12233510613441467 0.7548822164535522 150 144 51
0.11638569831848145 0.12188857048749924 0.7552053332328796 150 143 48
0.12448322027921677 0.1217140480875969 0.7558992505073547 151 144 48
0.1309492439031601 0.12297885864973068 0.7586774826049805 150 143 51
0.32385194301605225 0.1301787793636322 0.7984206676483154 101 103 20
0.3316858112812042 0.1299857348203659 0.7993410229682922 101 104 21
0.3336837589740753 0.13418713212013245 0.8001148700714111 100 96 20
0.3407840430736542 0.13210847973823547 0.8003039956092834 84 84 14
0.34801632165908813 0.1306208223104477 0.8014320135116577 79 80 11
0.3559727966785431 0.1310427337884903 0.8028441071510315 75 75 14
0.3624676465988159 0.13265080749988556 0.8044036626815796 20 20 0
0.41082170605659485 0.13911224901676178 0.8516455292701721 19 16 0
0.4210197627544403 0.13077621161937714 0.8041671514511108 10 11 0
-0.17118538916110992 0.11465898156166077 0.7189102172851562 135 125 35
-0.16324417293071747 0.11421488970518112 0.7175742983818054 124 118 28
-0.15505176782608032 0.11421901732683182 0.7175852656364441 123 118 25
-0.14714612066745758 0.11440961062908173 0.7189069390296936 127 121 29
-0.14011646807193756 0.11418946087360382 0.7196735739707947 137 131 36
0.0410454235970974 0.12232723832130432 0.7436662912368774 148 141 46
0.08225898444652557 0.12167451530694962 0.7518598437309265 151 144 49
0.13504314422607422 0.12346189469099045 0.7608503699302673 148 143 49
0.14093174040317535 0.12299234420061111 0.7634294629096985 150 144 48
0.14860013127326965 0.12207729369401932 0.765488862991333 124 118 26
0.15607787668704987 0.12222439795732498 0.7662296891212463 109 102 21
0.1644047051668167 0.12207143753767014 0.7671836614608765 174 166 75
0.16959384083747864 0.1263752579689026 0.7674321532249451 183 177 83
0.17274333536624908 0.12243399769067764 0.7689523100852966 183 178 84
0.36874520778656006 0.13430234789848328 0.8144485354423523 24 21 1
0.3911876380443573 0.1412438601255417 0.8583517670631409 22 22 1
0.40875422954559326 0.13935624063014984 0.8590639233589172 20 17 0
0.418542742729187 0.13065020740032196 0.812042236328125 13 11 0
0.4287000000476837 0.1225740909576416 0.7647874355316162 8 8 0
-0.13783791661262512 0.11676029860973358 0.7202140092849731 137 130 38
-0.13397295773029327 0.11559887230396271 0.7205778956413269 140 133 42
-0.10727210342884064 0.11481337994337082 0.7262893319129944 125 136 37
-0.1001020148396492 0.11406110972166061 0.7254717946052551 112 128 25
-0.09193892776966095 0.11419906467199326 0.7261585593223572 126 135 30
-0.08378743380308151 0.11425265669822693 0.726827085018158 132 142 37
-0.07880986481904984 0.11399248242378235 0.7277283072471619 101 120 15
-0.07497915625572205 0.11496789753437042 0.7284019589424133 118 131 28
0.18047837913036346 0.1227162629365921 0.7708268761634827 185 179 84
0.1881151646375656 0.12290776520967484 0.7720329165458679 184 177 85
0.19625486433506012 0.12257497012615204 0.7736691832542419 183 178 87
0.20320390164852142 0.12216882407665253 0.7755071520805359 185 180 89
0.20627908408641815 0.1255868822336197 0.7761374115943909 187 181 90
0.2122678905725479 0.12201834470033646 0.7767244577407837 198 191 99
0.3651575744152069 0.13123582303524017 0.8106033802032471 15 2 0
0.39779284596443176 0.13948161900043488 0.8679975867271423 21 18 0
0.40482988953590393 0.1394733041524887 0.8747605681419373 17 18 0
0.40707045793533325 0.1390029489994049 0.868870735168457 18 16 0
0.4169265925884247 0.13103124499320984 0.8201202154159546 15 12 0
0.4266015291213989 0.12254936248064041 0.77227383852005 9 8 0
-0.1189175546169281 0.11568328738212585 0.7370615601539612 154 148 53
-0.11475313454866409 0.11475975066423416 0.7329905033111572 127 127 33
-0.11148255318403244 0.11567605286836624 0.7290377020835876 165 166 73
-0.06739812344312668 0.1146397516131401 0.7298887372016907 154 158 53
-0.05882667377591133 0.11449045687913895 0.7306438088417053 122 140 29
-0.0516531802713871 0.11389415711164474 0.7315084338188171 117 130 25
-0.043964873999357224 0.11388780921697617 0.7330675721168518 156 152 37
-0.03563522920012474 0.11402922123670578 0.7339779138565063 179 167 45
-0.027623051777482033 0.11407475918531418 0.7352010607719421 183 174 41
-0.022292478010058403 0.11425726860761642 0.7359155416488647 184 168 45
-0.019746126607060432 0.11463329195976257 0.736271858215332 166 160 36
-0.011935741640627384 0.11439739912748337 0.7364652752876282 111 126 24
0.22078615427017212 0.12248058617115021 0.7784481048583984 125 112 36
0.22863173484802246 0.12264752388000488 0.7797600030899048 44 37 4
0.23648203909397125 0.12286520004272461 0.7811496257781982 39 34 3
0.2443816065788269 0.1230318546295166 0.7828682065010071 35 29 1
0.24745184183120728 0.12726303935050964 0.7840651273727417 37 29 1
0.25317317247390747 0.12281496822834015 0.7848145961761475 40 33 2
0.33865875005722046 0.12942403554916382 0.7996665835380554 92 94 20
0.369639128446579 0.13307009637355804 0.8170970678329468 16 9 0
0.38244202733039856 0.13710185885429382 0.8418534994125366 15 7 0
0.40774717926979065 0.1388419270515442 0.8625452518463135 16 17 0
0.4144274592399597 0.13079717755317688 0.8359954953193665 16 14 0
0.41573551297187805 0.13110101222991943 0.8302072882652283 16 14 0
0.4163452386856079 0.13117332756519318 0.8269544243812561 16 12 0
0.4228101074695587 0.12266984581947327 0.7882660031318665 8 9 0
0.4249047338962555 0.12316877394914627 0.7792159914970398 8 8 0
-0.13451798260211945 0.11422377824783325 0.7198976278305054 116 63 11
-0.12194561213254929 0.11544229835271835 0.7384636402130127 138 131 37
-0.0035073852632194757 0.11444613337516785 0.7375932335853577 140 139 42
0.004108026158064604 0.114891916513443 0.7392434477806091 150 144 52
0.01222781278192997 0.11386353522539139 0.7409814596176147 150 145 51
0.020478246733546257 0.11378410458564758 0.7415010929107666 151 144 48
0.028134429827332497 0.11408379673957825 0.7418088912963867 150 143 50
0.03604460880160332 0.11389172822237015 0.7421877384185791 143 136 43
0.043158575892448425 0.11432100087404251 0.7433245182037354 134 122 31
0.046902116388082504 0.11599071323871613 0.7442535161972046 135 123 32
0.052361201494932175 0.11456214636564255 0.7451372742652893 136 125 32
0.2602553963661194 0.12205224484205246 0.7855030298233032 43 33 1
0.26825782656669617 0.12228596955537796 0.7870194911956787 44 37 2
0.27621859312057495 0.12248921394348145 0.7883347868919373 42 37 1
0.28423818945884705 0.12270744144916534 0.7897455096244812 42 39 2
0.2920268774032593 0.12280037999153137 0.7907626628875732 80 79 15
0.3010185956954956 0.12263811379671097 0.7932727932929993 100 97 17
0.30865806341171265 0.12214136123657227 0.7944887280464172 104 102 21
0.38442474603652954 0.13620081543922424 0.8462180495262146 15 7 0
0.3928907811641693 0.1386190801858902 0.8612428307533264 11 2 0
0.41222456097602844 0.13115182518959045 0.843899130821228 16 15 0
0.421308308839798 0.12291965633630753 0.7956560254096985 9 9 0
0.06048046424984932 0.11450444906949997 0.7471649646759033 149 142 47
0.06830921024084091 0.11491166800260544 0.7485422492027283 149 145 48
0.07668334990739822 0.11459667980670929 0.7495601773262024 150 145 48
0.08408508449792862 0.11394429206848145 0.7511030435562134 151 145 49
0.08637003600597382 0.11819827556610107 0.7521400451660156 151 143 48
0.09268520027399063 0.1142016351222992 0.7525169849395752 150 145 48
0.10040108859539032 0.11451122909784317 0.753974199295044 149 144 47
0.1084534227848053 0.11428037285804749 0.754397451877594 151 144 51
0.2501659095287323 0.12121124565601349 0.7836107015609741 36 31 1
0.31663310527801514 0.12205572426319122 0.7956051230430603 104 104 23
0.3247290849685669 0.12232258915901184 0.7971900701522827 109 108 25
0.33270561695098877 0.12250854820013046 0.7979517579078674 107 105 24
0.34065482020378113 0.12252409011125565 0.7987881302833557 86 88 16
0.3436794579029083 0.1272604614496231 0.8001406192779541 60 35 9
0.34864166378974915 0.12358898669481277 0.8006553649902344 75 80 10
0.35403570532798767 0.12351767718791962 0.8016231060028076 73 78 13
0.38690996170043945 0.13247019052505493 0.8538360595703125 17 8 0
0.39878061413764954 0.13903869688510895 0.8753693103790283 22 15 1
0.4095562994480133 0.13087020814418793 0.8517230749130249 17 16 0
0.4199894964694977 0.12282485514879227 0.8040317296981812 11 10 0
0.11636924743652344 0.11447464674711227 0.7550750970840454 151 144 48
0.12455406039953232 0.1144612729549408 0.7562108635902405 150 144 50
0.13208383321762085 0.11473891139030457 0.7589288353919983 150 143 51
0.13547277450561523 0.11600679904222488 0.7604182958602905 150 143 50
0.1407070755958557 0.11430492252111435 0.7622169852256775 151 144 53
0.2966558635234833 0.12227730453014374 0.7917661666870117 99 90 18
0.3640486001968384 0.12422750890254974 0.8101947903633118 19 7 0
0.3816070556640625 0.13181285560131073 0.8442684412002563 18 8 0
0.38899117708206177 0.13352608680725098 0.8578814268112183 17 7 0
0.40766841173171997 0.13131918013095856 0.8616852164268494 17 16 0
0.418148398399353 0.12287909537553787 0.8121579885482788 11 12 0
0.42789503931999207 0.11443272233009338 0.763744592666626 7 7 0
0.4287085235118866 0.11549887806177139 0.7585813403129578 6 7 0
-0.1701202392578125 0.10714484006166458 0.7175530195236206 137 129 39
-0.1635764092206955 0.10614319145679474 0.7167695760726929 135 129 37
-0.15604260563850403 0.10587883740663528 0.7165839076042175 138 131 39
-0.14806336164474487 0.10602273792028427 0.717435896396637 142 135 43
-0.14023645222187042 0.10629775375127792 0.7194002866744995 143 137 45
-0.13453072309494019 0.10858132690191269 0.7199456095695496 124 77 19
0.14844901859760284 0.11446430534124374 0.7646879553794861 128 122 32
0.15602149069309235 0.11467532813549042 0.7661069631576538 108 101 20
0.16431665420532227 0.11457304656505585 0.7667690515518188 169 162 70
0.17045944929122925 0.11494520306587219 0.767551600933075 182 176 80
0.17406052350997925 0.11609316617250443 0.7685340642929077 183 177 81
0.18058444559574127 0.11439166218042374 0.7698066830635071 184 179 82
0.1879546195268631 0.11419913172721863 0.7713577747344971 185 178 82
0.19562068581581116 0.114334337413311 0.7727607488632202 184 177 81
0.2096136510372162 0.12092786282300949 0.7759056091308594 186 181 89
0.39805060625076294 0.1329125612974167 0.8696796298027039 15 11 0
0.4039537310600281 0.13088485598564148 0.8744688630104065 14 14 0
0.40655240416526794 0.13125327229499817 0.8683221340179443 14 14 0
0.4166369140148163 0.12318135052919388 0.8194692730903625 14 12 0
0.42373207211494446 0.12186072021722794 0.7833932638168335 8 8 0
0.4256027340888977 0.1145608201622963 0.7715198993682861 11 7 0
-0.11541762948036194 0.10664549469947815 0.7325500249862671 131 130 34
-0.11149854958057404 0.1110745221376419 0.7282930016517639 116 117 30
-0.10768771916627884 0.10592193156480789 0.7248590588569641 121 129 25
-0.09957170486450195 0.10595228523015976 0.7241438031196594 170 164 41
-0.09185323119163513 0.10580714046955109 0.7254651188850403 173 165 38
-0.08365143090486526 0.1059146448969841 0.7261993885040283 158 154 34
-0.07699134945869446 0.10632982850074768 0.7273616194725037 124 131 24
-0.07351171225309372 0.10793876647949219 0.7282361388206482 103 125 25
-0.06730031222105026 0.10629341751337051 0.7288063168525696 114 133 29
-0.05909828096628189 0.10646314918994904 0.7301028966903687 110 131 25
-0.01331725250929594 0.11284654587507248 0.7359557151794434 117 74 8
0.08918964862823486 0.11368365585803986 0.7519004344940186 152 144 50
0.2043347805738449 0.1142345666885376 0.7745922207832336 185 179 87
0.21063190698623657 0.11463168263435364 0.7757471203804016 185 181 89
0.21396897733211517 0.11574690043926239 0.7763332724571228 199 194 99
0.2205534428358078 0.11488640308380127 0.7774572968482971 148 131 56
0.22832240164279938 0.11506808549165726 0.7786908745765686 44 36 1
0.2364283949136734 0.11422432214021683 0.7802442312240601 40 36 1
0.24412740767002106 0.114244744181633 0.7817876935005188 39 33 1
0.34549713134765625 0.12266778200864792 0.7997620105743408 78 79 13
0.367647260427475 0.1251399666070938 0.8161302804946899 15 3 0
0.4130023121833801 0.12277645617723465 0.8360946774482727 18 15 0
0.41525736451148987 0.12271148711442947 0.8285900354385376 16 13 0
0.42347267270088196 0.11457715183496475 0.78122878074646 8 6 0
0.4243716895580292 0.11649749428033829 0.7780334949493408 10 7 0
-0.12212832272052765 0.1070575937628746 0.7374592423439026 139 132 37
-0.05160873010754585 0.10663989186286926 0.7308628559112549 105 128 24
-0.043909016996622086 0.10663190484046936 0.7321265935897827 113 128 20
-0.035585496574640274 0.10674858838319778 0.7329240441322327 144 147 28
-0.026880202814936638 0.1060587465763092 0.7345106601715088 176 165 47
-0.019578371196985245 0.10522680729627609 0.7357111573219299 174 159 40
-0.01253733690828085 0.10522972792387009 0.7354828119277954 173 162 31
-0.010924835689365864 0.1087111234664917 0.7362414002418518 159 156 33
-0.0035044250544160604 0.1060618907213211 0.73685222864151 148 144 43
0.004097835626453161 0.10646388679742813 0.7379089593887329 150 145 49
0.251878947019577 0.1141490638256073 0.7828412652015686 41 35 0
0.25482437014579773 0.11868815124034882 0.7840719223022461 38 23 0
0.2616058886051178 0.1161506399512291 0.7844704985618591 42 35 1
0.26805898547172546 0.11470567435026169 0.7864170074462891 42 37 2
0.27608299255371094 0.11492539197206497 0.7879316806793213 43 37 5
0.28417155146598816 0.11511936783790588 0.7894721627235413 41 38 5
0.2920440435409546 0.1140052080154419 0.7904870510101318 73 73 16
0.2989775538444519 0.11380980163812637 0.7916029095649719 84 83 15
0.30152833461761475 0.11639085412025452 0.7924862504005432 99 100 19
0.3612259328365326 0.12306171655654907 0.8034995794296265 35 20 3
0.3981037735939026 0.13317491114139557 0.8742612600326538 19 14 0
0.41070613265037537 0.12317542731761932 0.8436505794525146 18 15 0
0.4157409369945526 0.12181150168180466 0.8218042254447937 16 13 0
0.42202675342559814 0.11479908972978592 0.7876986861228943 9 8 0
0.011958260089159012 0.10636091977357864 0.7397412657737732 152 145 51
0.020467011258006096 0.10651969909667969 0.7410688996315002 151 144 47
0.028108008205890656 0.10671991854906082 0.7410947680473328 149 142 46
0.03601798042654991 0.10660019516944885 0.7416109442710876 133 126 35
0.04483577236533165 0.1064760759472847 0.742816150188446 138 127 36
0.047452036291360855 0.11037592589855194 0.7441298961639404 129 101 23
0.05272003263235092 0.10636337101459503 0.7450198531150818 147 136 44
0.06044191122055054 0.10604849457740784 0.7466794848442078 149 142 46
0.06813555210828781 0.10629928112030029 0.7466421127319336 149 144 47
0.07612349092960358 0.10611226409673691 0.7472331523895264 151 144 48
0.25838348269462585 0.11411168426275253 0.7834668755531311 40 34 1
0.3081664741039276 0.11419164389371872 0.7931409478187561 85 85 19
0.3161626160144806 0.11433760821819305 0.7942948937416077 86 84 16
0.324386864900589 0.11456728726625443 0.7958995699882507 85 85 22
0.33237120509147644 0.1147049218416214 0.7968559265136719 79 78 16
0.34044891595840454 0.11486724019050598 0.7979881763458252 59 59 10
0.34767094254493713 0.11504339426755905 0.7993955016136169 46 45 6
0.3511163592338562 0.11749286204576492 0.8002234101295471 69 70 15
0.354275643825531 0.1161387488245964 0.8004544973373413 50 52 11
0.37053051590919495 0.12247008085250854 0.8190674185752869 14 6 0
0.38501495122909546 0.1267239898443222 0.847517192363739 13 7 0
0.39326244592666626 0.12889812886714935 0.8620575666427612 11 6 0
0.4078931510448456 0.12265798449516296 0.8536819815635681 20 15 0
0.4088074564933777 0.12313883006572723 0.8518113493919373 17 17 0
0.41905733942985535 0.11447159945964813 0.8040563464164734 12 10 0
0.4205128848552704 0.11479797959327698 0.7957022190093994 9 9 0
-0.12248652428388596 0.10580212622880936 0.7357162237167358 125 72 16
0.08410554379224777 0.10650262236595154 0.7495207190513611 151 144 47
0.09088870137929916 0.10646846890449524 0.751213788986206 151 145 48
0.09427697211503983 0.10851965099573135 0.7523949146270752 150 144 48
0.10035205632448196 0.10702137649059296 0.753403902053833 150 145 48
0.10843843966722488 0.10565564781427383 0.7540532946586609 149 144 46
0.1163281500339508 0.1060151532292366 0.7547893524169922 149 144 48
0.12448341399431229 0.10586348176002502 0.7555348873138428 151 144 51
0.13268207013607025 0.10641538351774216 0.7583293914794922 149 144 48
0.36210161447525024 0.11756723374128342 0.8035850524902344 23 13 2
0.3686688244342804 0.1203024610877037 0.8149521350860596 11 2 0
0.39109909534454346 0.12410890311002731 0.8573153018951416 11 4 0
0.40572261810302734 0.12282853573560715 0.8681517243385315 17 17 0
0.4076223373413086 0.12317381054162979 0.8616100549697876 17 17 0
0.41743022203445435 0.11529309302568436 0.8117792010307312 12 12 0
0.42822712659835815 0.1072755828499794 0.7584434151649475 6 6 0
-0.07091254740953445 0.1048898994922638 0.7279482483863831 106 105 23
0.14090849459171295 0.10698797553777695 0.7612575888633728 148 143 49
0.14812450110912323 0.10695288330316544 0.7630065679550171 134 127 35
0.15690727531909943 0.10618209093809128 0.764650285243988 109 99 18
0.16464859247207642 0.10616288334131241 0.7660623788833618 171 164 72
0.17224515974521637 0.10621822625398636 0.7669565081596375 183 177 79
0.17504949867725372 0.11191104352474213 0.768096923828125 185 159 77
0.18089711666107178 0.1072075366973877 0.7687675952911377 183 178 81
0.367208331823349 0.1151885986328125 0.8117237091064453 14 6 0
0.3984687626361847 0.12287187576293945 0.8695200085639954 20 15 0
0.40304479002952576 0.12336762249469757 0.8736791014671326 19 19 0
0.41571930050849915 0.1148793026804924 0.8223333954811096 13 13 0
0.41633984446525574 0.11574652045965195 0.8181959390640259 12 11 0
0.42655375599861145 0.106428362429142 0.7645235657691956 5 6 0
-0.1706833839416504 0.09763455390930176 0.7165638208389282 140 131 40
-0.16402076184749603 0.09842003136873245 0.7155816555023193 139 131 39
-0.15583375096321106 0.09777567535638809 0.7159250378608704 143 134 41
-0.1481149047613144 0.09775884449481964 0.7170315980911255 146 137 41
-0.14007876813411713 0.09794674068689346 0.7183815836906433 145 138 44
-0.13410548865795135 0.09807123988866806 0.7194236516952515 145 138 45
-0.10759691894054413 0.09871580451726913 0.7237166166305542 167 159 38
-0.099907286465168 0.0985584706068039 0.7235341668128967 171 165 37
0.1878119558095932 0.10656289756298065 0.7707491517066956 184 178 80
0.19637736678123474 0.10655517876148224 0.7721726894378662 182 177 80
0.20469985902309418 0.10694451630115509 0.7735188007354736 184 180 83
0.21268707513809204 0.10675949603319168 0.7751128673553467 193 188 93
0.22108982503414154 0.10688518732786179 0.776638388633728 136 122 40
0.2280801385641098 0.1062692329287529 0.7778505086898804 51 43 1
0.23588897287845612 0.1063007116317749 0.7792537808418274 42 38 1
0.4115484952926636 0.11492705345153809 0.8360335826873779 16 14 0
0.41463616490364075 0.11461339145898819 0.827914297580719 13 13 0
0.4227644205093384 0.10666629672050476 0.7801214456558228 7 6 0
0.42469194531440735 0.1073148250579834 0.7710819840431213 7 7 0
-0.11641909927129745 0.09886324405670166 0.7318185567855835 142 138 42
-0.11256678402423859 0.09852451831102371 0.7268244624137878 128 124 24
-0.09178987145423889 0.09869186580181122 0.7249537706375122 134 140 20
-0.08328854292631149 0.09850848466157913 0.7254612445831299 121 124 18
-0.07535374909639359 0.0976184830069542 0.7261595129966736 105 106 16
-0.06773627549409866 0.09761174023151398 0.7272561192512512 93 95 8
-0.0653659999370575 0.10116124153137207 0.728268563747406 114 128 27
-0.05977140739560127 0.09818728268146515 0.7285701632499695 119 125 22
-0.052105601876974106 0.09809853881597519 0.729749858379364 105 108 13
-0.04383304342627525 0.0982418954372406 0.7308212518692017 101 101 13
-0.03551105409860611 0.09831488877534866 0.7313593029975891 109 111 18
-0.027258364483714104 0.09849455207586288 0.7333524823188782 139 142 32
-0.007788738701492548 0.10445345938205719 0.7359434366226196 181 151 50
0.1371801495552063 0.10563956946134567 0.7597337961196899 151 141 49
0.17744511365890503 0.10597546398639679 0.7675848603248596 182 177 80
0.2437753826379776 0.10643602162599564 0.7806358933448792 41 34 0
0.2522505521774292 0.10630209743976593 0.7814664244651794 41 34 1
0.2602822482585907 0.106803297996521 0.7831416726112366 41 35 0
0.26355549693107605 0.11014895886182785 0.7841420769691467 43 29 1
0.268069326877594 0.10737192630767822 0.785247266292572 43 36 1
0.2760579288005829 0.106411412358284 0.7868730425834656 44 37 1
0.2836356461048126 0.1061500534415245 0.7880401015281677 43 38 1
0.4093458950519562 0.11525566875934601 0.8435059189796448 18 14 0
0.42157232761383057 0.10714992880821228 0.7879985570907593 7 6 0
0.4237401783466339 0.1066330224275589 0.7750165462493896 6 7 0
-0.12143512070178986 0.09839644283056259 0.7353543639183044 142 134 40
-0.019712140783667564 0.09884507209062576 0.7349755764007568 137 141 16
-0.011888080276548862 0.09860897064208984 0.7346355319023132 170 162 31
-0.006162996403872967 0.09838742762804031 0.735692024230957 176 172 52
-0.002119113225489855 0.09889106452465057 0.736254096031189 151 146 45
0.004090392496436834 0.09787394851446152 0.7366731762886047 151 144 47
0.011958046816289425 0.09785179793834686 0.7384016513824463 152 145 50
0.0204292181879282 0.09802398085594177 0.7397070527076721 151 144 48
0.02805277146399021 0.09826615452766418 0.7396315932273865 146 138 42
0.03599037975072861 0.09819765388965607 0.7410181164741516 137 130 37
0.04450679197907448 0.09832632541656494 0.7421326041221619 146 136 40
0.21762017905712128 0.10568229854106903 0.7757261395454407 208 197 107
0.29168084263801575 0.10613259673118591 0.7894769906997681 51 43 5
0.3003123104572296 0.10601198673248291 0.7904170751571655 44 41 4
0.3039890229701996 0.11088432371616364 0.792030930519104 52 27 3
0.31003493070602417 0.10834896564483643 0.7923359274864197 52 49 8
0.3159486949443817 0.10670001059770584 0.7937383651733398 40 36 4
0.3243415057659149 0.10697071254253387 0.7957706451416016 50 48 4
0.33249515295028687 0.10711288452148438 0.7970720529556274 81 74 7
0.3407384157180786 0.10635685920715332 0.7978774905204773 52 49 15
0.3485676050186157 0.10611768066883087 0.7991476655006409 30 27 0
0.40774697065353394 0.11444342136383057 0.8527116775512695 19 16 0
0.4083860218524933 0.11509720981121063 0.8513715863227844 18 15 0
0.4206993877887726 0.10692126303911209 0.7965450286865234 9 7 0
0.053464531898498535 0.09936690330505371 0.7446727752685547 148 141 44
0.06033981218934059 0.0986306369304657 0.7454150915145874 149 144 46
0.06869812309741974 0.09853895008563995 0.7446238994598389 151 144 51
0.07648234069347382 0.09884106367826462 0.7452129125595093 150 144 49
0.08498801290988922 0.09833364188671112 0.7474018335342407 150 145 47
0.0925086960196495 0.09813687950372696 0.749172031879425 150 144 48
0.09890897572040558 0.09811177104711533 0.7510529160499573 151 145 51
0.10168877243995667 0.1007365956902504 0.7525138854980469 150 144 48
0.30679890513420105 0.10673642158508301 0.7915052771568298 47 43 8
0.3512415289878845 0.10971535742282867 0.8000078201293945 22 8 0
0.3546184003353119 0.10972931236028671 0.8001525402069092 25 15 0
0.36235320568084717 0.1103147566318512 0.8043781518936157 17 5 0
0.39888593554496765 0.11575096100568771 0.8696480393409729 22 18 0
0.4049168825149536 0.1149902418255806 0.8680898547172546 19 17 0
0.407138854265213 0.1145278662443161 0.8606197834014893 19 16 0
0.4167986810207367 0.10675548762083054 0.8119649887084961 12 10 0
0.41873836517333984 0.10677655041217804 0.803910493850708 12 8 0
-0.06237262859940529 0.09680735319852829 0.727870523929596 119 113 22
0.049957823008298874 0.09882643073797226 0.7434929013252258 148 138 42
0.1084040105342865 0.09829556941986084 0.7537885308265686 150 145 49
0.11625716835260391 0.09856290370225906 0.7543097138404846 150 145 52
0.12440779060125351 0.09846163541078568 0.7550542950630188 150 143 49
0.1329287588596344 0.0987003967165947 0.7577418684959412 151 144 47
0.13849057257175446 0.09822588413953781 0.7595729827880859 150 143 47
0.14191661775112152 0.09951682388782501 0.7604138851165771 150 142 46
0.14785514771938324 0.09826523810625076 0.7616063952445984 141 131 37
0.3956136703491211 0.11597005277872086 0.8636057376861572 13 5 0
0.4017256796360016 0.11552398651838303 0.8727070093154907 19 19 0
0.4155009984970093 0.10691366344690323 0.8210378289222717 13 11 0
0.4157952070236206 0.10703673958778381 0.8149013519287109 14 10 0
0.425824373960495 0.09878513962030411 0.7637439370155334 6 6 0
0.4274185299873352 0.09866833686828613 0.7581490874290466 5 6 0
-0.16340719163417816 0.090836301445961 0.7148597836494446 144 136 40
-0.15588775277137756 0.09057361632585526 0.7150111794471741 145 138 42
0.15622752904891968 0.09813127666711807 0.7630831003189087 112 101 19
0.16457468271255493 0.09850692749023438 0.7651193737983704 163 158 66
0.17209984362125397 0.09864189475774765 0.7661740779876709 181 175 79
0.17907164990901947 0.09869975596666336 0.767235517501831 183 176 80
0.1822732388973236 0.1011085957288742 0.7684658169746399 184 177 81
0.18880409002304077 0.09838099032640457 0.7701242566108704 184 177 82
0.19664335250854492 0.09807395935058594 0.7713209390640259 182 176 84
0.20432156324386597 0.09813646972179413 0.7720779180526733 182 178 86
0.2120942920446396 0.09830403327941895 0.7736911773681641 188 181 92
0.4111641049385071 0.10693385452032089 0.83590167760849 14 14 0
0.4135746657848358 0.10665624588727951 0.827416181564331 15 14 0
0.42360612750053406 0.09915001690387726 0.7737031579017639 7 6 0
0.42435094714164734 0.09947071224451065 0.7700124979019165 7 7 0
-0.1710864007472992 0.09018749743700027 0.7165975570678711 144 137 42
-0.1475970596075058 0.09025556594133377 0.7165128588676453 146 139 44
-0.13995245099067688 0.08958706259727478 0.717147171497345 145 138 43
-0.13293541967868805 0.08996120095252991 0.7182638645172119 147 138 45
-0.1074664294719696 0.09053342044353485 0.7228105068206787 177 167 45
-0.09973892569541931 0.09025593101978302 0.7225258350372314 153 153 31
-0.09159595519304276 0.09036492556333542 0.7233974933624268 125 125 18
-0.08343512564897537 0.0904400423169136 0.7241364121437073 105 100 9
0.21886730194091797 0.09838677197694778 0.7753908038139343 186 175 86
0.22241467237472534 0.10002949833869934 0.7762433886528015 127 114 31
0.22795943915843964 0.09859728068113327 0.7774145007133484 59 49 4
0.23576313257217407 0.0987623929977417 0.7787243127822876 44 37 1
0.24354642629623413 0.09890594333410263 0.7798721194267273 41 35 0
0.25221696496009827 0.09884736686944962 0.7810258865356445 42 35 1
0.26059189438819885 0.09917376190423965 0.7819744348526001 41 34 0
0.2674248516559601 0.09795410931110382 0.7830612659454346 43 34 3
0.27077075839042664 0.10085249692201614 0.7845525145530701 43 35 1
0.40936997532844543 0.10723911970853806 0.8435603976249695 17 15 0
0.42242324352264404 0.09884601086378098 0.7800867557525635 9 6 0
-0.12331144511699677 0.09000346064567566 0.7323694229125977 143 136 43
-0.11723336577415466 0.09107627719640732 0.7306026220321655 148 141 49
-0.11306948959827423 0.09122100472450256 0.72621750831604 138 129 33
-0.07525685429573059 0.09044783562421799 0.7252106666564941 113 99 9
-0.06707639247179031 0.09058830142021179 0.7263417840003967 127 98 7
-0.05999111011624336 0.09055187553167343 0.72744220495224 142 117 14
-0.05842522531747818 0.0940004363656044 0.728198230266571 122 120 19
-0.05138861760497093 0.09025741368532181 0.7286137938499451 143 115 15
-0.043779097497463226 0.089783675968647 0.7298986315727234 134 114 14
-0.03546315059065819 0.08984013646841049 0.7303518056869507 130 117 21
-0.027163881808519363 0.0899970680475235 0.7316322326660156 126 124 23
-0.01967288739979267 0.0904734879732132 0.7335072159767151 132 141 17
-0.011879125609993935 0.0902915969491005 0.7340483069419861 165 159 29
-0.003561889985576272 0.09034671634435654 0.7349256873130798 159 152 45
0.2768484950065613 0.09821447730064392 0.7858942151069641 44 37 4
0.28486302495002747 0.09834370017051697 0.7872706055641174 39 35 3
0.2927773594856262 0.09847474843263626 0.7883778214454651 39 35 3
0.3008251488208771 0.09865553677082062 0.7897806763648987 38 34 2
0.3079160451889038 0.09895153343677521 0.7911633849143982 37 33 2
0.31105610728263855 0.10195035487413406 0.7921575903892517 35 26 1
0.3158911466598511 0.09912137687206268 0.7935752868652344 37 33 2
0.3244216740131378 0.09824724495410919 0.7954468131065369 35 31 4
0.33222323656082153 0.09817800670862198 0.7964735627174377 45 43 10
0.4060911238193512 0.10747803002595901 0.8597641587257385 18 17 0
0.40750792622566223 0.10654427856206894 0.8532841205596924 18 16 0
0.4082525372505188 0.10764150321483612 0.8493688106536865 18 14 0
0.4203846752643585 0.09861040860414505 0.7958152294158936 10 7 0
0.42145833373069763 0.09904244542121887 0.7875915765762329 8 6 0
-0.1289539486169815 0.09075749665498734 0.7222509384155273 147 137 47
-0.12772749364376068 0.0912860557436943 0.7255448698997498 148 124 45
0.0014353722799569368 0.09028015285730362 0.7358627319335938 151 144 50
0.004449815955013037 0.09087654948234558 0.736253023147583 152 145 50
0.011942612938582897 0.09056378901004791 0.7374579906463623 154 144 51
0.020412053912878036 0.09074775129556656 0.7389822602272034 150 142 47
0.028294015675783157 0.09068458527326584 0.7393446564674377 146 138 42
0.03598043695092201 0.08970485627651215 0.7407819628715515 147 135 38
0.0444946214556694 0.0898045003414154 0.7416030764579773 150 138 45
0.052135441452264786 0.09009785950183868 0.7427223324775696 147 140 45
0.054724786430597305 0.09503243118524551 0.7442655563354492 153 140 44
0.06068793311715126 0.09333404898643494 0.7443605661392212 147 124 36
0.06931882351636887 0.09240679442882538 0.7441270351409912 126 86 20
0.07647431641817093 0.09043402224779129 0.7447173595428467 134 94 22
0.08454114198684692 0.09032325446605682 0.7462310791015625 154 146 51
0.34015050530433655 0.09816522896289825 0.7973490357398987 35 29 6
0.34823301434516907 0.09819603711366653 0.798358678817749 29 25 0
0.35367417335510254 0.0990695208311081 0.7991542816162109 29 26 2
0.3543064594268799 0.10286316275596619 0.8000468611717224 21 7 0
0.39882075786590576 0.10851375758647919 0.8696517944335938 21 16 0
0.4041479825973511 0.10695058852434158 0.8680704236030579 20 20 1
0.4184853732585907 0.0990242287516594 0.8035129904747009 12 9 0
-0.05444599315524101 0.08856851607561111 0.7278204560279846 157 117 14
0.09253861755132675 0.0906745120882988 0.7484133243560791 152 145 51
0.09992249310016632 0.09089916199445724 0.7506365180015564 151 144 49
0.10355594009160995 0.09467081725597382 0.7521454095840454 156 135 51
0.10889701545238495 0.0903506949543953 0.7526235580444336 151 145 51
0.11609792709350586 0.09002810716629028 0.7532596588134766 151 145 50
0.12432205677032471 0.0899205207824707 0.7545154690742493 150 143 46
0.13246214389801025 0.09040197730064392 0.756696879863739 151 144 48
0.4140123426914215 0.09866595268249512 0.8201298117637634 12 10 0
0.4155181646347046 0.09813009947538376 0.8143238425254822 12 11 0
0.41673743724823 0.09904462844133377 0.8108558058738708 11 10 0
0.4263785183429718 0.0908072367310524 0.7565918564796448 5 6 0
0.1400630623102188 0.09046922624111176 0.7592716813087463 150 144 48
0.14321154356002808 0.0941019356250763 0.7600826025009155 152 125 47
0.14848898351192474 0.09049970656633377 0.7610232830047607 139 129 33
0.15660510957241058 0.09094452857971191 0.7623498439788818 112 100 22
0.16478247940540314 0.09053342789411545 0.7643818259239197 168 158 64
0.1720324009656906 0.09005933254957199 0.7658567428588867 180 174 81
0.1804337501525879 0.08991314470767975 0.766996443271637 182 177 80
0.18903718888759613 0.09055718779563904 0.7689887881278992 184 177 82
0.4111045002937317 0.09902287274599075 0.8370199799537659 15 13 0
0.41213953495025635 0.09916188567876816 0.828121542930603 16 12 0
0.4242894947528839 0.0921357199549675 0.7689774036407471 6 6 0
0.42508599162101746 0.09071391075849533 0.7637305855751038 4 6 0
-0.17019341886043549 0.08376370370388031 0.7153890132904053 145 138 46
-0.16375546157360077 0.08237627148628235 0.7137805819511414 146 138 48
-0.15562839806079865 0.08239138871431351 0.7138973474502563 146 139 48
-0.14775846898555756 0.08249706029891968 0.7151355147361755 144 138 46
-0.13982844352722168 0.08254767209291458 0.7165006995201111 145 139 46
0.19660542905330658 0.09040814638137817 0.7706435918807983 182 176 82
0.20415477454662323 0.09050001204013824 0.771426796913147 181 176 83
0.21192656457424164 0.09067840129137039 0.7729594707489014 185 179 88
0.21981066465377808 0.09087159484624863 0.775180459022522 174 164 69
0.22332262992858887 0.09446258097887039 0.7760803699493408 131 106 29
0.22804655134677887 0.09129583835601807 0.7767969369888306 64 53 7
0.23640947043895721 0.0897163450717926 0.7781664133071899 47 38 3
0.24483555555343628 0.09020484238862991 0.7794649600982666 41 35 0
0.2526834309101105 0.09028894454240799 0.7805535793304443 40 36 1
0.2602897882461548 0.09034547954797745 0.7810556292533875 41 35 1
0.4016875922679901 0.10777992755174637 0.8728771209716797 21 20 0
0.4093377888202667 0.09907310456037521 0.8442790508270264 18 15 0
0.4219532907009125 0.09048356115818024 0.7797077298164368 7 6 0
0.42347678542137146 0.09095747768878937 0.7726964950561523 6 5 0
-0.13265275955200195 0.08259957283735275 0.7179344296455383 146 139 45
-0.1292278915643692 0.08252057433128357 0.7228205800056458 146 138 45
-0.12775109708309174 0.08578238636255264 0.7263317704200745 148 122 42
-0.11410664767026901 0.08373129367828369 0.7254006862640381 152 143 44
-0.1079147607088089 0.081939697265625 0.7222275733947754 175 165 40
-0.0997021496295929 0.08197247982025146 0.7222445011138916 149 151 27
-0.0915597677230835 0.08206897228956223 0.7230968475341797 124 114 17
-0.08332730084657669 0.0820964127779007 0.7233275175094604 148 112 15
-0.07514063268899918 0.08218181878328323 0.7240745425224304 158 111 6
-0.06773048639297485 0.08262967318296432 0.7255229949951172 156 110 8
-0.06010536849498749 0.08237750083208084 0.7260645627975464 154 109 6
-0.05262462794780731 0.08325052261352539 0.726966142654419 160 120 16
0.0600043386220932 0.08929461985826492 0.7433149814605713 134 90 17
0.06809747219085693 0.08953117579221725 0.7436776757240295 121 69 6
0.2682912051677704 0.09031887352466583 0.7826741933822632 40 34 3
0.271091103553772 0.09409783780574799 0.7841477990150452 30 11 0
0.2771499454975128 0.09094179421663284 0.7851266264915466 39 35 3
0.2847127914428711 0.09079296141862869 0.786827802658081 39 34 1
0.2925833761692047 0.09090819954872131 0.7878304123878479 39 34 1
0.30052468180656433 0.0910387709736824 0.7889646291732788 39 34 3
0.30909061431884766 0.0905793160200119 0.7907659411430359 44 41 6
0.3118501603603363 0.09577935934066772 0.7920856475830078 34 25 1
0.31743648648262024 0.09162700176239014 0.7925363183021545 42 40 6
0.4048665165901184 0.09962578117847443 0.8598979711532593 39 38 9
0.40672042965888977 0.09834951907396317 0.852043092250824 18 15 0
0.41890010237693787 0.0908549502491951 0.796122133731842 11 8 0
0.4201183319091797 0.09083875268697739 0.78812575340271 8 7 0
-0.12353268265724182 0.08162236958742142 0.7322889566421509 139 130 36
-0.11771783232688904 0.08343620598316193 0.7293545007705688 198 194 98
-0.04919198527932167 0.08629756420850754 0.7282441854476929 163 118 19
-0.04394541680812836 0.08554551005363464 0.7289316058158875 157 118 16
-0.03437638655304909 0.08409181237220764 0.7296392321586609 147 121 25
-0.027102846652269363 0.08270306885242462 0.7299758791923523 125 121 21
-0.01929914765059948 0.0822857916355133 0.7316154837608337 132 137 17
-0.011866406537592411 0.08182282745838165 0.7332791686058044 167 162 29
-0.0034918824676424265 0.08191613852977753 0.7341159582138062 145 142 40
0.0034081689082086086 0.08222362399101257 0.7354387044906616 153 145 48
0.005932171829044819 0.08515381067991257 0.7361509799957275 154 144 48
0.011934066191315651 0.08219010382890701 0.7365464568138123 152 144 46
0.02037522755563259 0.08231136202812195 0.7376821637153625 153 143 44
0.028689058497548103 0.08235497027635574 0.7385156154632568 149 140 41
0.10588054358959198 0.08855735510587692 0.7517538666725159 152 144 51
0.14439748227596283 0.0898374393582344 0.7599067091941833 155 130 50
0.3244456350803375 0.09010487049818039 0.7933345437049866 50 49 7
0.3323233425617218 0.0902809202671051 0.7948127388954163 59 60 13
0.34024861454963684 0.09032805263996124 0.7959871888160706 71 67 15
0.34792840480804443 0.09064462035894394 0.7971215844154358 76 72 15
0.35307782888412476 0.09130727499723434 0.7977638244628906 71 67 15
0.3989197611808777 0.09889452159404755 0.8697017431259155 26 23 4
0.40145647525787354 0.10179182887077332 0.8726463317871094 37 38 10
0.4030105471611023 0.09855257719755173 0.8685575723648071 37 38 6
0.41759130358695984 0.09089352935552597 0.8044390082359314 11 9 0
0.03639895096421242 0.08264575153589249 0.7398717999458313 147 135 39
0.04445870965719223 0.0825318917632103 0.7409855127334595 145 134 39
0.05213767662644386 0.08278913050889969 0.7415409088134766 151 130 36
0.06005748733878136 0.08263608813285828 0.7419086694717407 106 67 6
0.06860493123531342 0.0827178880572319 0.742641031742096 152 112 29
0.07552754878997803 0.08196863532066345 0.743574321269989 115 79 17
0.07739732414484024 0.08436306565999985 0.7444115281105042 103 55 2
0.08449923247098923 0.0817653015255928 0.7454984784126282 112 62 4
0.0924585610628128 0.08225785195827484 0.7477526068687439 144 121 39
0.1005224883556366 0.0821571797132492 0.7494297623634338 151 144 52
0.18537241220474243 0.08930566906929016 0.7677897810935974 186 174 83
0.40781930088996887 0.09957113116979599 0.8471885323524475 19 15 0
0.41288021206855774 0.09081573784351349 0.8201640844345093 13 10 0
0.4150357246398926 0.09120182693004608 0.8132257461547852 10 10 0
0.41640785336494446 0.0921449363231659 0.8093448877334595 10 9 0
-0.1284286081790924 0.08180521428585052 0.7290337085723877 149 133 47
0.1084417998790741 0.0824153944849968 0.7509288191795349 151 144 53
0.11061044782400131 0.08649115264415741 0.7520970106124878 141 104 34
0.11650876700878143 0.08290643990039825 0.7528740167617798 150 144 49
0.12428658455610275 0.08256363868713379 0.7542814016342163 150 144 48
0.13227388262748718 0.0828915685415268 0.7554636597633362 151 144 46
0.1403077244758606 0.08235076069831848 0.758208692073822 150 143 46
0.14613810181617737 0.08205492049455643 0.7597095966339111 149 141 45
0.1502031683921814 0.08344634622335434 0.7604115009307861 136 125 33
0.15659184753894806 0.08232582360506058 0.7617172002792358 108 99 19
0.1642492562532425 0.08247118443250656 0.7637606263160706 155 148 52
0.2731773555278778 0.09034068137407303 0.7837057113647461 38 34 1
0.3154938519001007 0.088932104408741 0.7916869521141052 51 50 8
0.41180288791656494 0.09132736176252365 0.8285795450210571 15 12 0
0.4244867265224457 0.08319602906703949 0.7631384134292603 6 5 0
0.42551562190055847 0.08264520764350891 0.7566152215003967 5 5 0
0.17198419570922852 0.08253408223390579 0.7656187415122986 179 173 76
0.18038202822208405 0.08244537562131882 0.7666759490966797 182 175 79
0.18673023581504822 0.08280078321695328 0.7675085663795471 182 177 81
0.1902845799922943 0.08398480713367462 0.7685613632202148 182 176 81
0.1963798850774765 0.08297552168369293 0.7697435617446899 180 175 80
0.20408786833286285 0.08305802941322327 0.7710278034210205 181 176 83
0.2117995321750641 0.08200608938932419 0.7724810242652893 183 177 83
0.22039194405078888 0.08189413696527481 0.7742016315460205 174 160 67
0.2282336801290512 0.08213693648576736 0.7752912640571594 61 49 3
0.23056858777999878 0.08584577590227127 0.7763796448707581 46 39 2
0.409070760011673 0.09130840003490448 0.842541515827179 17 14 0
0.41072389483451843 0.09088533371686935 0.8363809585571289 17 13 0
0.422881156206131 0.08255914598703384 0.7726606726646423 6 4 0
-0.17037077248096466 0.07440025359392166 0.7129769325256348 146 139 48
-0.16466687619686127 0.07747882604598999 0.7125279307365417 145 138 48
-0.1546858698129654 0.07591679692268372 0.7125868797302246 147 140 49
-0.1473354697227478 0.07416974753141403 0.713204562664032 147 140 47
-0.1395837962627411 0.07437741756439209 0.7152324318885803 148 139 44
-0.13291822373867035 0.07478836923837662 0.7175788283348083 146 140 45
0.23677630722522736 0.08229101449251175 0.7771477103233337 46 38 2
0.24464820325374603 0.08244097977876663 0.7786272168159485 42 36 1
0.25242483615875244 0.08255651593208313 0.7797269225120544 41 34 3
0.26029855012893677 0.08269589394330978 0.7810578942298889 40 34 3
0.2682773470878601 0.08285936713218689 0.7826175093650818 38 34 1
0.27397316694259644 0.08318047225475311 0.7835261821746826 39 34 0
0.27791503071784973 0.0839892104268074 0.7847150564193726 40 35 0
0.2847418785095215 0.08286602050065994 0.7861299514770508 40 36 1
0.2923092842102051 0.08204209804534912 0.7870781421661377 59 57 13
0.30008476972579956 0.08211706578731537 0.7877985239028931 77 74 13
0.3081771731376648 0.0822070762515068 0.7893959283828735 80 72 12
0.40423253178596497 0.09139271080493927 0.8594540953636169 53 52 13
0.40559542179107666 0.09099274128675461 0.8517503142356873 16 14 0
0.40734341740608215 0.09141740947961807 0.8467158675193787 17 15 0
0.4187772870063782 0.08299753814935684 0.7876983284950256 7 7 0
0.42089879512786865 0.08270495384931564 0.7799832820892334 7 6 0
0.4238075911998749 0.08243656903505325 0.7666610479354858 5 5 0
-0.16302670538425446 0.07352146506309509 0.711532473564148 145 140 48
-0.12948638200759888 0.07530855387449265 0.7239654064178467 147 140 45
-0.11829104274511337 0.07632666081190109 0.7298807501792908 159 151 53
-0.11486384272575378 0.0747358426451683 0.7254015207290649 154 144 45
-0.10779482871294022 0.0736144408583641 0.7211626768112183 172 159 39
-0.0996110662817955 0.07365694642066956 0.7215719819068909 157 154 27
-0.09148993343114853 0.07375401258468628 0.7225289940834045 120 109 8
-0.08329937607049942 0.07380955666303635 0.7230726480484009 157 112 8
-0.07537912577390671 0.07398242503404617 0.723182737827301 145 102 7
-0.06892045587301254 0.07612571120262146 0.7240421772003174 151 108 11
-0.06072032451629639 0.07922479510307312 0.7254442572593689 151 105 5
-0.032608095556497574 0.07953249663114548 0.7289542555809021 147 114 28
-0.026542814448475838 0.07474984973669052 0.7296295166015625 139 135 25
-0.01963723637163639 0.07471836358308792 0.730644941329956 150 149 21
0.3163757920265198 0.08223014324903488 0.7909738421440125 93 87 18
0.3226637840270996 0.08242060989141464 0.7918399572372437 75 72 6
0.3262232542037964 0.0836598202586174 0.7923574447631836 82 79 11
0.3326874077320099 0.08253282308578491 0.793914258480072 94 88 12
0.34100064635276794 0.08271180838346481 0.7956562042236328 88 77 9
0.3488604426383972 0.08277729153633118 0.7962877154350281 87 80 17
0.3533802628517151 0.0840553343296051 0.7970708608627319 85 79 14
0.3987022638320923 0.09139228612184525 0.8690358996391296 31 24 3
0.40225526690483093 0.09060057997703552 0.8679497241973877 47 42 9
0.4167434871196747 0.08284510672092438 0.8037383556365967 10 8 0
0.41783520579338074 0.08299421519041061 0.7956944108009338 8 8 0
-0.15591742098331451 0.0730767622590065 0.7117404341697693 146 140 46
-0.12823370099067688 0.07592496275901794 0.729555070400238 148 139 45
-0.12350678443908691 0.07464877516031265 0.7329978942871094 146 139 42
-0.011856711469590664 0.0746413990855217 0.7327058911323547 142 144 27
-0.0034878207370638847 0.07472196221351624 0.733508288860321 136 138 39
0.004327538423240185 0.07470037788152695 0.7343595027923584 153 145 48
0.01035467628389597 0.07367526739835739 0.7354932427406311 153 144 47
0.01372809149324894 0.07569635659456253 0.7362830638885498 155 144 45
0.020349645987153053 0.07379437237977982 0.7367650866508484 152 143 45
0.028777601197361946 0.0738195851445198 0.7370033264160156 148 140 43
0.0364002026617527 0.07411807030439377 0.7374740242958069 146 134 40
0.044298794120550156 0.07395344972610474 0.7383280396461487 145 135 40
0.05265432968735695 0.07397598773241043 0.7388357520103455 129 101 28
0.060348991304636 0.07438396662473679 0.7397826910018921 136 88 14
0.06844831258058548 0.07421261072158813 0.7409387230873108 130 101 17
0.0761476531624794 0.07451362907886505 0.7417578101158142 109 86 18
0.08016100525856018 0.08006978780031204 0.7438737750053406 83 38 0
0.11275018006563187 0.08255770057439804 0.7518484592437744 153 145 52
0.41272279620170593 0.08266153186559677 0.8196139931678772 14 10 0
0.41498002409935 0.08304301649332047 0.8114945888519287 12 9 0
0.08376267552375793 0.07404442876577377 0.7428478598594666 78 54 5
0.08624491840600967 0.07750757783651352 0.7446756958961487 97 57 4
0.09250641614198685 0.07507708668708801 0.7453267574310303 99 58 2
0.10027223080396652 0.07463434338569641 0.7466671466827393 143 129 44
0.10871805995702744 0.07452023774385452 0.7493345737457275 151 143 51
0.11323485523462296 0.07460565119981766 0.7514089345932007 151 144 51
0.1171160414814949 0.07497934997081757 0.7531411647796631 151 144 49
0.12429121136665344 0.07409455627202988 0.7542921304702759 150 143 49
0.13222117722034454 0.07443452626466751 0.7551477551460266 150 143 51
0.13981372117996216 0.0745505765080452 0.7575109601020813 149 143 48
0.4114464521408081 0.08335323631763458 0.8278724551200867 12 10 0
0.4157470762729645 0.0834171250462532 0.8060689568519592 11 10 0
0.14816926419734955 0.07439728081226349 0.7593753933906555 142 134 43
0.15139152109622955 0.07785217463970184 0.7601712942123413 138 122 39
0.15662890672683716 0.07496163994073868 0.7608117461204529 113 101 20
0.16406521201133728 0.07496225833892822 0.762699544429779 149 141 48
0.1725071668624878 0.07463819533586502 0.7644239664077759 180 174 77
0.1805899739265442 0.07401780784130096 0.7659029364585876 183 176 78
0.18833094835281372 0.07408307492733002 0.7670972347259521 182 175 79
0.19111570715904236 0.07951845973730087 0.7680898904800415 183 158 75
0.19648604094982147 0.0746207907795906 0.7686633467674255 181 174 79
0.20372988283634186 0.07439129799604416 0.7697972655296326 181 175 79
0.4071027636528015 0.08291362971067429 0.8440237641334534 17 14 0
0.409489244222641 0.08258020132780075 0.8354158401489258 13 13 0
0.4228147566318512 0.07799459993839264 0.7705287337303162 4 4 0
0.4235219955444336 0.07651031017303467 0.7646176815032959 4 4 0
0.4242040812969208 0.07725609093904495 0.761057436466217 5 5 0
-0.16891740262508392 0.07294643670320511 0.7118911147117615 144 122 42
-0.1512758880853653 0.07268373668193817 0.7118624448776245 152 122 47
0.2116532176733017 0.07438809424638748 0.771925151348114 183 178 82
0.22038531303405762 0.07435581088066101 0.7737348079681396 180 167 74
0.22862054407596588 0.07464215904474258 0.7745860815048218 60 52 4
0.23460569977760315 0.07464572042226791 0.7756621837615967 45 38 3
0.2379516214132309 0.07604166120290756 0.7764076590538025 44 37 4
0.24428024888038635 0.07491455972194672 0.7774397134780884 41 35 1
0.25214648246765137 0.07504894584417343 0.7788515686988831 40 34 1
0.26051437854766846 0.07459791004657745 0.7805755734443665 41 34 2
0.2681939899921417 0.0741046592593193 0.7823594808578491 41 31 2
0.27486947178840637 0.07496201992034912 0.7833343148231506 40 32 1
0.28026512265205383 0.07588221877813339 0.7838987708091736 41 31 2
0.28400716185569763 0.07545843720436096 0.7849748134613037 40 34 0
0.4034709632396698 0.08312926441431046 0.859866738319397 41 41 11
0.4049820601940155 0.0825791135430336 0.8518692255020142 18 16 1
0.41995811462402344 0.0786445364356041 0.7812983989715576 6 6 0
-0.17298349738121033 0.06648456305265427 0.7131612300872803 146 139 44
-0.16891586780548096 0.06646206974983215 0.7116162776947021 145 139 45
-0.16316212713718414 0.06583616137504578 0.7111588716506958 145 139 43
-0.1550724059343338 0.06585074961185455 0.7113061547279358 146 139 44
-0.149502694606781 0.06636892259120941 0.7116685509681702 147 139 44
-0.14576932787895203 0.06700333207845688 0.7128649353981018 146 139 45
-0.13957910239696503 0.06620430201292038 0.715194046497345 147 139 45
-0.13268765807151794 0.06668361276388168 0.7177906632423401 147 140 44
-0.10593252629041672 0.06581668555736542 0.7198750376701355 129 130 25
0.19300302863121033 0.07361077517271042 0.7677215933799744 181 174 79
0.29252007603645325 0.07435911148786545 0.7856769561767578 68 66 10
0.2999015152454376 0.07448796927928925 0.7866976261138916 72 70 6
0.30737975239753723 0.0751071497797966 0.7884883284568787 70 66 8
0.3163251578807831 0.07590393722057343 0.7908260226249695 84 80 14
0.32166531682014465 0.07689287513494492 0.791819155216217 74 71 11
0.32543808221817017 0.07615738362073898 0.7926040291786194 75 71 8
0.33277490735054016 0.07611871510744095 0.7939603328704834 81 75 10
0.34077170491218567 0.07508308440446854 0.7951058745384216 71 66 10
0.3485872447490692 0.07513434439897537 0.7956458926200867 66 63 11
0.39840152859687805 0.0857933983206749 0.8683748841285706 16 7 0
0.40161463618278503 0.084120012819767 0.8664684891700745 49 45 13
0.41730359196662903 0.07696062326431274 0.7949180603027344 9 7 0
0.4182315766811371 0.07762826234102249 0.7881131768226624 7 7 0
-0.12917104363441467 0.06714064627885818 0.7239176034927368 147 140 45
-0.12826000154018402 0.0698351338505745 0.7289783954620361 149 138 46
-0.12396914511919022 0.06651598960161209 0.7309215068817139 147 139 44
-0.119132399559021 0.0686546340584755 0.729170024394989 148 137 43
-0.11579687893390656 0.0661187469959259 0.724513590335846 149 141 44
-0.10865876823663712 0.06716214865446091 0.7204691171646118 140 137 32
-0.10117790102958679 0.06554588675498962 0.7198895812034607 175 168 47
-0.09906454384326935 0.06681451201438904 0.7202540040016174 172 166 35
-0.09129176288843155 0.06659236550331116 0.720950186252594 145 120 8
-0.08321153372526169 0.06671316176652908 0.722311794757843 161 109 7
-0.07720576226711273 0.06837525963783264 0.7226499915122986 147 98 5
-0.04880916699767113 0.06679853796958923 0.6968192458152771 96 68 0
-0.04340586066246033 0.06605453044176102 0.7011204957962036 133 99 11
-0.03961354121565819 0.06723206490278244 0.7037239670753479 159 105 16
-0.026065615937113762 0.06790042668581009 0.7292423248291016 152 137 21
-0.019991274923086166 0.06616072356700897 0.7298572063446045 150 150 30
-0.011828468181192875 0.06625235825777054 0.7308555841445923 115 128 30
-0.0034818125423043966 0.06635671108961105 0.7320199608802795 175 169 76
0.004408988635987043 0.0665242001414299 0.7332639694213867 152 145 49
0.08946041017770767 0.07299234718084335 0.7436620593070984 78 50 3
0.407619833946228 0.08089698106050491 0.839094877243042 15 13 0
0.41454780101776123 0.07835233956575394 0.8127591609954834 14 10 0
0.41562071442604065 0.07712307572364807 0.805228590965271 13 7 0
0.41634252667427063 0.07794910669326782 0.8028493523597717 11 7 0
0.012118355371057987 0.06659267097711563 0.7347339987754822 152 145 49
0.020631730556488037 0.06714410334825516 0.7361953854560852 153 143 46
0.028149060904979706 0.06704600900411606 0.7361831665039062 150 139 42
0.036787938326597214 0.06720282882452011 0.7361745238304138 143 132 36
0.044185515493154526 0.06661111861467361 0.7364394664764404 140 126 30
0.052639078348875046 0.06665879487991333 0.7369625568389893 114 87 10
0.06030284985899925 0.06692277640104294 0.7377395629882812 115 83 15
0.0687108039855957 0.06596226245164871 0.7395296096801758 99 72 9
0.0760856494307518 0.06599558889865875 0.7408910989761353 80 64 9
0.08403576165437698 0.06579596549272537 0.7414711117744446 56 50 3
0.09257931262254715 0.06583882123231888 0.7425857782363892 74 47 2
0.09486289322376251 0.07093507051467896 0.7442458868026733 101 52 0
0.10137105733156204 0.06715840846300125 0.7446919083595276 133 113 39
0.10800201445817947 0.06647420674562454 0.7471150755882263 149 143 51
0.1530357003211975 0.07335084676742554 0.7598296999931335 127 106 24
0.41073843836784363 0.07836092263460159 0.828163743019104 14 12 0
0.41260096430778503 0.0778525099158287 0.818894624710083 13 9 0
-0.05856814235448837 0.06565290689468384 0.6980565786361694 154 81 12
-0.05707012116909027 0.06473663449287415 0.6937177181243896 148 98 6
-0.05203898251056671 0.06496066600084305 0.6942479610443115 132 97 5
0.11500971019268036 0.06648086756467819 0.7505987286567688 151 144 49
0.11819333583116531 0.06854620575904846 0.7526064515113831 151 144 49
0.12440869957208633 0.06684959679841995 0.7536125779151917 150 143 49
0.13218733668327332 0.06701613962650299 0.7549169063568115 150 143 49
0.1398155242204666 0.06596937775611877 0.7571632266044617 150 143 48
0.14816026389598846 0.06585961580276489 0.7587061524391174 144 135 43
0.15582849085330963 0.0660204216837883 0.7596014142036438 123 113 25
0.15826399624347687 0.06993308663368225 0.7602790594100952 100 90 12
0.164454847574234 0.06603825837373734 0.7610918283462524 142 136 48
0.17262621223926544 0.06645932793617249 0.7626587152481079 180 173 76
0.4066984951496124 0.07764658331871033 0.8441814184188843 16 13 0
0.40757399797439575 0.07716948539018631 0.8384901285171509 15 13 0
0.408664345741272 0.07773222774267197 0.8350061178207397 15 13 0
-0.09482400864362717 0.06532368063926697 0.7199195027351379 156 127 27
-0.028460651636123657 0.06527233123779297 0.7263316512107849 155 123 17
0.09787804633378983 0.06571464985609055 0.7437670230865479 115 58 1
0.18058139085769653 0.0664379671216011 0.7649200558662415 181 174 80
0.18827901780605316 0.06658059358596802 0.7665895819664001 182 175 82
0.19605222344398499 0.06631480902433395 0.767291784286499 180 173 77
0.19823624193668365 0.07045292109251022 0.7682230472564697 181 171 80
0.20475827157497406 0.0667901262640953 0.76906418800354 180 174 81
0.2128395140171051 0.06697962433099747 0.7712276577949524 182 177 82
0.2206863909959793 0.06715020537376404 0.7727863192558289 185 174 79
0.2287077009677887 0.06655997782945633 0.7736599445343018 64 50 6
0.23607927560806274 0.06599748879671097 0.7749057412147522 48 38 3
0.23882701992988586 0.07056811451911926 0.776051938533783 35 18 0
0.24481487274169922 0.06723243743181229 0.7764025330543518 44 35 2
0.2514890730381012 0.06646371632814407 0.7776879668235779 43 33 1
0.25874626636505127 0.06905191391706467 0.7794053554534912 39 33 0
0.4004002809524536 0.0796743705868721 0.8650732040405273 3 1 0
0.4024486541748047 0.07826254516839981 0.8603700399398804 7 10 0
0.4048253893852234 0.07778012007474899 0.8517827987670898 14 14 0
-0.17691391706466675 0.06654836237430573 0.7137165665626526 148 136 47
-0.059401944279670715 0.057875875383615494 0.6947206258773804 140 96 11
-0.05371694639325142 0.058863066136837006 0.6948462128639221 132 89 6
-0.049942899495363235 0.05793772637844086 0.6977047324180603 156 121 24
-0.04468798637390137 0.058866776525974274 0.7019380927085876 151 109 15
-0.03691411390900612 0.05818925052881241 0.708889901638031 154 114 14
0.029053814709186554 0.06609120965003967 0.7358629703521729 150 138 41
0.035529568791389465 0.06602039933204651 0.7358710765838623 143 134 36
0.2678825557231903 0.07074423134326935 0.7818436026573181 42 32 2
0.2746522128582001 0.07051461935043335 0.7830800414085388 39 32 1
0.28464022278785706 0.0708479955792427 0.7845838665962219 40 33 3
0.29308393597602844 0.0708061084151268 0.78511643409729 65 63 9
0.3003137409687042 0.07105884701013565 0.7863069772720337 71 69 10
0.3412848114967346 0.07091847062110901 0.7950008511543274 49 45 8
-0.1775313764810562 0.05864008516073227 0.7130118608474731 145 138 47
-0.17425867915153503 0.059136368334293365 0.7125738263130188 145 138 45
-0.16995275020599365 0.0581696517765522 0.7112515568733215 145 138 46
-0.1630389541387558 0.05767019838094711 0.7106043100357056 146 138 46
-0.1549997478723526 0.057699378579854965 0.7109587788581848 147 138 47
-0.14870524406433105 0.05815131589770317 0.7114477157592773 147 139 44
-0.14511896669864655 0.059246502816677094 0.7126606702804565 147 140 45
-0.13959497213363647 0.0580420158803463 0.715262234210968 147 140 47
-0.13289707899093628 0.05844354256987572 0.7175188660621643 148 140 47
-0.1294490247964859 0.05981040373444557 0.7228593826293945 148 141 46
-0.11574596911668777 0.058755435049533844 0.7230226993560791 150 142 45
-0.10696347057819366 0.05857447534799576 0.7193992733955383 165 166 65
-0.09931086748838425 0.05836765468120575 0.719348132610321 125 130 20
-0.0928935706615448 0.05877544730901718 0.7196770310401917 154 136 21
-0.0892130434513092 0.05988970771431923 0.7202758193016052 161 126 15
-0.08444556593894958 0.05930263176560402 0.721101701259613 166 127 20
0.018345437943935394 0.0658046156167984 0.7358684539794922 153 143 47
-0.1242847740650177 0.05835390463471413 0.7292285561561584 147 140 43
-0.041099775582551956 0.05925745144486427 0.7047596573829651 152 106 11
-0.03343980386853218 0.05814164876937866 0.7134280800819397 156 119 15
-0.03105946257710457 0.05885392054915428 0.7171528339385986 156 121 15
-0.027098746970295906 0.05900312587618828 0.7239406108856201 146 125 20
-0.024610482156276703 0.06250526756048203 0.7283933162689209 152 126 33
-0.019421067088842392 0.05825960636138916 0.7292091846466064 121 129 35
-0.011818365193903446 0.057850755751132965 0.7301874756813049 194 186 84
-0.0034774942323565483 0.057914506644010544 0.7309933304786682 176 168 67
0.004863574635237455 0.05805947631597519 0.732760488986969 153 146 49
0.012431344017386436 0.05837923288345337 0.7339447140693665 152 144 48
0.02028769999742508 0.058190617710351944 0.7345578670501709 150 143 45
0.02156960591673851 0.06347689032554626 0.7360653281211853 152 136 45
0.02897593379020691 0.06285712122917175 0.736061155796051 147 137 40
0.02870304509997368 0.05822751298546791 0.7350957989692688 146 137 40
0.034763313829898834 0.05906214565038681 0.7358127236366272 140 129 33
0.03805014118552208 0.059638358652591705 0.7360629439353943 134 122 27
0.04356718435883522 0.058821775019168854 0.7360768914222717 119 92 9
0.05280629172921181 0.05847933515906334 0.7362146377563477 134 92 25
0.06020919978618622 0.058606091886758804 0.7365922331809998 107 66 0
0.36259615421295166 0.056468717753887177 0.650505781173706 5 3 0
-0.12481830269098282 0.05839235708117485 0.727381706237793 147 139 44
0.06810998171567917 0.05834944546222687 0.7376026511192322 107 67 1
0.07600294798612595 0.058632053434848785 0.7396919131278992 103 69 7
0.08399739861488342 0.05856185778975487 0.740987241268158 71 48 4
0.09261014312505722 0.05865049362182617 0.7422378063201904 96 56 6
0.09851732850074768 0.05908670648932457 0.7436452507972717 112 61 3
0.10199899226427078 0.05971180275082588 0.7443428635597229 139 125 51
0.10788271576166153 0.05792156606912613 0.7460036873817444 149 142 47
0.11631359905004501 0.05790720134973526 0.7491561770439148 150 143 49
0.1256171464920044 0.06207416206598282 0.7526073455810547 150 143 47
0.1321505904197693 0.058688316494226456 0.7535173296928406 150 143 48
0.2416810393333435 0.06562647968530655 0.775808572769165 44 36 0
0.35737475752830505 0.04961176961660385 0.6525372266769409 7 5 0
0.36300694942474365 0.05003303661942482 0.6457262635231018 5 5 0
0.12400908768177032 0.057782575488090515 0.750864565372467 150 143 46
0.14033976197242737 0.05824253708124161 0.7555382251739502 150 143 48
0.1485251933336258 0.058592602610588074 0.7575322985649109 145 136 41
0.15608741343021393 0.05871974304318428 0.7592113018035889 125 114 32
0.16586075723171234 0.05951627716422081 0.7604206204414368 156 150 60
0.17261964082717896 0.05892777815461159 0.7619367837905884 179 172 74
0.18037539720535278 0.05904852971434593 0.7639276385307312 181 174 78
0.18798145651817322 0.05793922021985054 0.7653641104698181 181 174 78
0.19642935693264008 0.05776560679078102 0.7665349841117859 179 172 78
0.2026633769273758 0.05795563757419586 0.7675541043281555 179 173 78
0.20603381097316742 0.059397079050540924 0.7686008214950562 179 173 80
0.21259541809558868 0.05828297510743141 0.7699830532073975 180 175 83
0.22010253369808197 0.05832880735397339 0.7705825567245483 190 180 90
0.35376304388046265 0.04995174705982208 0.657900869846344 8 6 0
0.36134302616119385 0.05205812305212021 0.64915531873703 6 6 0
-0.061281412839889526 0.06153600290417671 0.697334885597229 152 72 14
0.22769780457019806 0.058325350284576416 0.7715654969215393 78 64 10
0.23520521819591522 0.058676887303590775 0.7733088135719299 46 37 0
0.24210256338119507 0.06025952473282814 0.7752887606620789 44 35 1
-0.11257218569517136 0.05702591687440872 0.7199673652648926 131 89 23
-0.06570128351449966 0.05037996545433998 0.6986104846000671 160 131 23
-0.05929720029234886 0.05008210241794586 0.6994008421897888 139 107 14
-0.05886925384402275 0.05512269586324692 0.695796549320221 150 116 23
-0.05146896839141846 0.050309713929891586 0.7018056511878967 155 124 24
-0.04582950845360756 0.05125207081437111 0.7034585475921631 156 124 22
-0.042722973972558975 0.05186886712908745 0.7045387625694275 151 118 17
-0.03899547830224037 0.05451415851712227 0.7073705792427063 157 105 20
-0.0234022568911314 0.0576101578772068 0.7275258898735046 102 106 8
0.16174490749835968 0.058702219277620316 0.7598695158958435 97 91 17
0.3451423645019531 0.049765121191740036 0.6730559468269348 13 10 0
0.34797602891921997 0.04985259473323822 0.668494462966919 12 7 0
0.35099926590919495 0.04975152388215065 0.6618156433105469 9 8 0
-0.1773853898048401 0.05078935995697975 0.712501585483551 146 139 47
-0.17504486441612244 0.0523056723177433 0.7122662663459778 147 139 47
-0.17095617949962616 0.04963179677724838 0.7111058831214905 148 138 44
-0.1637982279062271 0.04978254809975624 0.710454523563385 147 138 46
-0.15621493756771088 0.049558125436306 0.7104175090789795 145 138 43
-0.14811281859874725 0.04954807460308075 0.7107741832733154 147 139 43
-0.13859286904335022 0.05019787698984146 0.7132955193519592 148 140 44
-0.13304811716079712 0.05155089870095253 0.7158917784690857 149 140 48
-0.129102885723114 0.05328119173645973 0.7232888340950012 148 140 47
-0.11630582809448242 0.050969790667295456 0.7227561473846436 150 139 44
-0.11294686794281006 0.05008622258901596 0.7194570899009705 152 138 44
-0.10733268409967422 0.05006423965096474 0.7180231213569641 188 176 69
-0.09923484176397324 0.05011687055230141 0.718794047832489 185 176 77
-0.09245526045560837 0.0505141019821167 0.7196493744850159 146 127 23
-0.08548759669065475 0.052266716957092285 0.7201831340789795 165 131 25
0.044723447412252426 0.05812310799956322 0.7358169555664062 162 133 41
0.05138520896434784 0.05788314715027809 0.7358337640762329 153 117 42
-0.177443265914917 0.0489652045071125 0.7118028402328491 142 113 37
-0.14285099506378174 0.048992786556482315 0.7115909457206726 148 140 45
-0.12299027293920517 0.05205904319882393 0.7272173762321472 148 138 45
-0.1244526207447052 0.051058877259492874 0.7290231585502625 149 139 45
-0.08356165140867233 0.04913755878806114 0.7195668816566467 169 135 25
-0.024853907525539398 0.05484423786401749 0.7258880138397217 110 85 6
-0.022648589685559273 0.05478118360042572 0.7273244857788086 108 96 9
-0.018258891999721527 0.05387275293469429 0.7290933728218079 192 184 85
-0.01181374117732048 0.050741735845804214 0.7300085425376892 200 188 80
-0.0031792118679732084 0.050505854189395905 0.7304460406303406 178 167 70
0.0048681702464818954 0.049614086747169495 0.7317097187042236 155 145 48
0.012430334463715553 0.04994954168796539 0.733136773109436 154 143 46
0.02026384137570858 0.04973895475268364 0.7336198687553406 151 140 40
0.028673410415649414 0.0497831329703331 0.73427414894104 127 106 21
0.03605303540825844 0.04997668042778969 0.7355045080184937 189 163 60
0.03819519281387329 0.053684111684560776 0.7360624670982361 192 161 60
0.04428062215447426 0.04972461238503456 0.7352596521377563 213 181 64
0.05245494470000267 0.04977734014391899 0.7347719073295593 199 165 64
0.05321833863854408 0.05536084249615669 0.7360239624977112 171 128 54
0.06093302741646767 0.05434805154800415 0.7361060976982117 110 66 0
0.06859063357114792 0.05036752298474312 0.7364029288291931 125 77 0
0.07663731276988983 0.05004807561635971 0.7381930947303772 139 96 8
0.08450532704591751 0.05044645071029663 0.7404240965843201 89 55 6
0.09253280609846115 0.050273966044187546 0.7416074872016907 102 60 3
0.10027272254228592 0.05055001750588417 0.7424749135971069 148 132 43
0.10254934430122375 0.05554256588220596 0.7441359162330627 155 127 52
0.12831243872642517 0.05672571435570717 0.7517161965370178 153 134 48
0.33825740218162537 0.0492970310151577 0.6822015643119812 13 11 0
0.34208157658576965 0.0492732971906662 0.6765514016151428 14 10 0
0.10913918167352676 0.05088963359594345 0.7455142736434937 151 144 47
0.11656635254621506 0.05079108849167824 0.7483246326446533 150 143 47
0.12415003776550293 0.05086677148938179 0.7498013973236084 150 143 47
0.12918370962142944 0.05163421854376793 0.7513934969902039 151 144 48
0.13324429094791412 0.05072452872991562 0.7531247735023499 150 144 47
0.1401999443769455 0.04970741271972656 0.7547733187675476 150 144 46
0.14837972819805145 0.05009356886148453 0.7567739486694336 147 138 42
0.15600858628749847 0.05022508278489113 0.7588121891021729 132 118 35
0.16297949850559235 0.05035574361681938 0.7597326636314392 113 99 17
0.1670634150505066 0.051954902708530426 0.7601636648178101 176 167 70
0.1724821776151657 0.050387848168611526 0.7613155841827393 177 170 72
0.1800190806388855 0.05046441778540611 0.762520432472229 180 173 75
0.35823893547058105 0.04196656495332718 0.6519693732261658 28 29 1
0.36053672432899475 0.043015699833631516 0.6484453082084656 24 25 1
0.36302077770233154 0.04207926616072655 0.6457443833351135 25 24 0
0.18809834122657776 0.050201501697301865 0.764164924621582 180 173 77
0.196544349193573 0.05043663829565048 0.7660101056098938 179 173 76
0.2044288069009781 0.0505099892616272 0.7670040726661682 179 173 76
0.20731092989444733 0.05486634373664856 0.7680772542953491 174 155 66
0.2131423056125641 0.05160292237997055 0.7686546444892883 181 176 80
0.21973301470279694 0.05069532245397568 0.7692661881446838 193 185 92
0.22801603376865387 0.05075445398688316 0.7708280682563782 79 68 11
0.23456497490406036 0.05409109219908714 0.7721525430679321 45 37 2
0.3477855920791626 0.041362177580595016 0.6675455570220947 12 9 0
0.35085946321487427 0.043355319648981094 0.6622340679168701 11 7 0
0.35418450832366943 0.0423060804605484 0.6581176519393921 20 20 1
0.05996551737189293 0.04965302720665932 0.7354694604873657 112 69 0
0.10500535368919373 0.05014755576848984 0.743459939956665 149 141 45
0.20986858010292053 0.050036586821079254 0.7675992846488953 179 174 79
0.340963751077652 0.04176263511180878 0.6759275794029236 12 10 0
0.344342976808548 0.04359685629606247 0.672527015209198 9 9 0
-0.07733926922082901 0.04843617230653763 0.7156474590301514 248 185 92
-0.07279541343450546 0.04334592446684837 0.7107136249542236 180 140 19
-0.06821563839912415 0.04193978011608124 0.706897497177124 163 138 29
-0.0661504790186882 0.04530763253569603 0.7022866010665894 155 127 27
-0.059895310550928116 0.0448211170732975 0.7031015157699585 139 100 12
-0.051144037395715714 0.04255218058824539 0.7021270990371704 145 112 16
-0.04407669976353645 0.04240120202302933 0.6996924877166748 152 122 22
-0.03794030100107193 0.04148587957024574 0.6967895030975342 167 134 37
-0.17703494429588318 0.04340765252709389 0.7110872864723206 147 138 43
-0.17113497853279114 0.042638447135686874 0.7104969024658203 146 137 41
-0.1637628674507141 0.042806386947631836 0.7102805972099304 146 138 42
-0.15620803833007812 0.042627181857824326 0.7102693319320679 146 139 43
-0.14816699922084808 0.04264825955033302 0.7106152772903442 147 139 43
-0.1408902406692505 0.042324814945459366 0.7114915251731873 149 138 44
-0.13445521891117096 0.044236499816179276 0.7134643793106079 149 139 46
-0.1299772560596466 0.04271626099944115 0.7250804305076599 153 139 47
-0.12468096613883972 0.04324668273329735 0.7289851903915405 149 139 45
-0.12112747877836227 0.04330860823392868 0.7269948720932007 147 138 45
-0.11719648540019989 0.04304727166891098 0.7226797938346863 149 141 46
-0.11320173740386963 0.04289088770747185 0.718522310256958 153 142 44
-0.10712027549743652 0.04178069531917572 0.7165831923484802 191 180 79
-0.0990375354886055 0.0418248176574707 0.7173461318016052 195 182 78
-0.0910397469997406 0.04191383346915245 0.7188267111778259 171 153 44
-0.08365276455879211 0.04215149208903313 0.7189674377441406 192 150 25
-0.07617364078760147 0.04157417640089989 0.7157852649688721 219 167 28
-0.00945313647389412 0.046476684510707855 0.7296615242958069 202 188 84
-0.002840994857251644 0.04305146262049675 0.7299336791038513 179 167 66
0.0650421679019928 0.049333952367305756 0.7358737587928772 119 72 0
-0.13494129478931427 0.04272707924246788 0.7119602560997009 133 77 20
0.004873442463576794 0.04243728891015053 0.7305719256401062 154 144 44
0.012430375441908836 0.04270865023136139 0.7319620251655579 151 143 40
0.020243830978870392 0.04256778210401535 0.7328653931617737 143 125 31
0.028642304241657257 0.042602136731147766 0.7334606051445007 116 75 2
0.03625374287366867 0.04285002499818802 0.734424352645874 187 150 51
0.04406917467713356 0.04266064986586571 0.7344710826873779 209 173 66
0.05240967124700546 0.04261958599090576 0.7337148189544678 136 95 15
0.060066644102334976 0.04283413290977478 0.7343466281890869 119 74 1
0.06767848134040833 0.04261113330721855 0.7354803085327148 130 84 2
0.07034006714820862 0.04619387164711952 0.7361209392547607 137 87 5
0.07688841223716736 0.04299407824873924 0.7366325259208679 130 86 3
0.08429587632417679 0.04188518226146698 0.7385690808296204 145 120 41
0.09242472797632217 0.04175162687897682 0.7407228946685791 147 133 44
0.0996939018368721 0.042685944586992264 0.7412757277488708 150 139 42
0.10670740157365799 0.04313148558139801 0.7427864074707031 151 142 48
0.11084399372339249 0.04349327087402344 0.7447929978370667 150 143 47
0.11655692756175995 0.04234404116868973 0.7469019293785095 150 143 47
0.12405934929847717 0.04247185215353966 0.7492353916168213 153 143 48
0.1291205734014511 0.04363182932138443 0.7513755559921265 151 143 47
0.13302847743034363 0.04303314909338951 0.7531295418739319 151 144 47
0.14015750586986542 0.04235825687646866 0.7545252442359924 150 143 45
0.14813028275966644 0.04261093586683273 0.7554885745048523 153 141 42
0.15610766410827637 0.04254838451743126 0.7573064565658569 131 115 31
0.16443461179733276 0.04277229309082031 0.7592819333076477 127 114 31
0.16720730066299438 0.04632584750652313 0.7600332498550415 159 97 27
0.17312701046466827 0.043558117002248764 0.7606738805770874 178 170 78
0.18047523498535156 0.042736053466796875 0.7618342041969299 179 173 78
0.1886087954044342 0.04303876310586929 0.762840211391449 179 172 78
0.1968318074941635 0.04278310015797615 0.764661431312561 176 170 77
0.20422282814979553 0.041942235082387924 0.7660694718360901 176 171 78
0.21193288266658783 0.04181172698736191 0.7669231295585632 180 173 80
0.21866144239902496 0.04641168192028999 0.7685995101928711 190 183 90
0.36419594287872314 0.0350852869451046 0.6463884115219116 27 28 2
-0.0599212646484375 0.041654132306575775 0.7047067284584045 147 115 19
0.21697668731212616 0.043809112161397934 0.7676336765289307 184 173 83
0.34981995820999146 0.03381264582276344 0.6675809621810913 10 8 0
0.35144925117492676 0.03800493851304054 0.6629295945167542 11 8 0
0.3544757068157196 0.03344989940524101 0.6594586372375488 16 17 0
0.3580792248249054 0.03453211486339569 0.6540977954864502 26 27 1
0.3616684377193451 0.034522105008363724 0.6500464081764221 26 28 0
0.07315608114004135 0.04158209264278412 0.7358389496803284 127 83 4
0.3418389558792114 0.03512424975633621 0.6779640913009644 10 9 0
0.34569236636161804 0.03439532592892647 0.6742873787879944 11 8 0
-0.17687110602855682 0.03577364981174469 0.7104111909866333 146 138 46
-0.17166483402252197 0.0349121056497097 0.7097377181053162 147 137 43
-0.16403363645076752 0.034577224403619766 0.7091706991195679 145 138 46
-0.15598450601100922 0.034610483795404434 0.709233283996582 147 139 46
-0.1480674147605896 0.034652531147003174 0.7101198434829712 149 140 48
-0.14013782143592834 0.03463073447346687 0.7108676433563232 151 140 44
-0.06664390861988068 0.038188833743333817 0.7099080681800842 158 138 33
-0.061779845505952835 0.038945335894823074 0.7069061994552612 158 134 32
-0.05088533088564873 0.037069909274578094 0.6981683969497681 150 124 20
-0.044713862240314484 0.03896758332848549 0.6966689229011536 160 134 33
-0.04386650025844574 0.03377029299736023 0.6936269402503967 138 120 16
-0.03542501479387283 0.03370347246527672 0.6936173439025879 191 169 56
-0.03256344050168991 0.039147138595581055 0.6960586309432983 163 103 26
-0.0260449331253767 0.034933771938085556 0.6973211169242859 204 190 87
0.16976143419742584 0.0423986054956913 0.7598391175270081 178 169 74
-0.12964171171188354 0.037550415843725204 0.7274764776229858 153 118 42
-0.12878765165805817 0.03535405173897743 0.729216992855072 149 140 46
-0.12564516067504883 0.03558310493826866 0.7289649844169617 149 139 46
-0.1217334195971489 0.03463626280426979 0.7256397604942322 149 138 45
-0.11798012256622314 0.03586607798933983 0.7218247652053833 148 139 46
-0.11411145329475403 0.03403416648507118 0.7178177237510681 153 145 51
-0.1073671281337738 0.03372930362820625 0.7160711288452148 188 175 70
-0.09993252158164978 0.03368169069290161 0.7163174152374268 202 189 87
-0.09219631552696228 0.03361175209283829 0.7173328995704651 196 180 67
-0.08415640145540237 0.03368471562862396 0.718548595905304 206 164 25
-0.07591399550437927 0.033669233322143555 0.7182102799415588 184 145 16
-0.06914756447076797 0.03383029252290726 0.7157793641090393 127 108 4
-0.02976236306130886 0.034325528889894485 0.6951636672019958 199 183 74
-0.0015972466208040714 0.038162730634212494 0.7298861145973206 161 148 52
0.005524426233023405 0.03473910689353943 0.7299642562866211 155 143 45
0.012407905422151089 0.034486398100852966 0.7306699156761169 149 138 39
0.020199444144964218 0.03426718711853027 0.7312799692153931 121 93 16
0.02860230952501297 0.03431854397058487 0.7324065566062927 106 69 1
0.036215756088495255 0.03462330996990204 0.7336471080780029 99 64 2
0.044045064598321915 0.0343925841152668 0.7340352535247803 82 49 1
0.05240454524755478 0.03437503054738045 0.7336273193359375 89 54 0
0.060810387134552 0.034387100487947464 0.7338659167289734 94 64 7
0.06847008317708969 0.03468072786927223 0.7348384857177734 146 121 49
0.07581140100955963 0.034377384930849075 0.7358731627464294 160 140 54
0.07852822542190552 0.0375639945268631 0.7361287474632263 145 117 48
0.08414167910814285 0.03458895906805992 0.7372035384178162 130 118 27
-0.04995829239487648 0.0338028222322464 0.6947664618492126 131 114 7
-0.01952974684536457 0.03384047746658325 0.7004411220550537 207 191 85
0.09106223285198212 0.03525342792272568 0.740034282207489 146 135 39
0.09667742252349854 0.03843152895569801 0.7406629920005798 154 128 45
0.11136841028928757 0.036752406507730484 0.7449449896812439 151 142 47
0.11651004105806351 0.034916218370199203 0.7462663650512695 150 143 47
0.12385956943035126 0.03385690227150917 0.7480119466781616 151 143 49
0.1303030401468277 0.034096166491508484 0.7505876421928406 151 144 46
0.1345522701740265 0.03515340015292168 0.752890408039093 150 143 46
0.14059767127037048 0.03416096791625023 0.7540367245674133 150 144 47
0.14799249172210693 0.03415103256702423 0.7547741532325745 152 145 52
0.1563265025615692 0.03395751118659973 0.7562121748924255 128 116 27
0.16460107266902924 0.03430965915322304 0.7583927512168884 120 109 23
0.17173828184604645 0.03424373269081116 0.7594755291938782 179 168 72
0.17444993555545807 0.03791384398937225 0.7602598667144775 180 171 75
0.18075691163539886 0.034330643713474274 0.7610059380531311 180 172 75
0.18855920433998108 0.034457698464393616 0.7617620229721069 177 170 74
0.1960882544517517 0.0344729982316494 0.7629106044769287 176 168 75
0.339190274477005 0.03363361582159996 0.6808958649635315 11 10 0
0.20403485000133514 0.034405868500471115 0.7653406262397766 178 171 77
0.20982502400875092 0.03546842560172081 0.7662107348442078 178 171 76
-0.01528560183942318 0.03389092534780502 0.7029792070388794 203 184 76
0.3551892936229706 0.025705378502607346 0.6593599319458008 18 17 0
0.35870814323425293 0.026832817122340202 0.6541255712509155 28 29 2
0.36134833097457886 0.026385515928268433 0.6503425240516663 27 27 0
0.36388877034187317 0.026226382702589035 0.6462301015853882 24 24 1
0.3409070670604706 0.028196660801768303 0.6810258626937866 13 9 0
0.34303024411201477 0.027163324877619743 0.6787979602813721 12 9 0
0.34590280055999756 0.026878541335463524 0.6750595569610596 12 8 0
0.3500669598579407 0.026190174743533134 0.6678510308265686 10 7 0
0.35238412022590637 0.026681600138545036 0.6646226644515991 8 7 0
-0.1714225560426712 0.02671637013554573 0.7083660364151001 147 138 46
-0.16365653276443481 0.026442669332027435 0.7073642015457153 146 139 44
-0.1557326316833496 0.026467567309737206 0.708069384098053 146 139 43
-0.14773187041282654 0.026483533903956413 0.7084920406341553 148 141 45
-0.05040601268410683 0.029357844963669777 0.6938477754592896 196 180 75
-0.04379696026444435 0.026202905923128128 0.6927559971809387 236 201 72
-0.03552090749144554 0.02574780583381653 0.6929810047149658 241 203 74
-0.028712790459394455 0.026460176333785057 0.6947413682937622 248 215 94
-0.025018591433763504 0.027421295642852783 0.6968557834625244 240 213 98
-0.019339680671691895 0.026190798729658127 0.6997649669647217 239 215 105
-0.012286863289773464 0.02642608992755413 0.7029739022254944 207 192 84
-0.12917670607566833 0.027068089693784714 0.7273816466331482 151 142 46
-0.12862452864646912 0.030350590124726295 0.7284690737724304 154 138 48
-0.12739358842372894 0.02957240864634514 0.7282377481460571 152 138 46
-0.12430422753095627 0.02590453438460827 0.7256404161453247 152 140 44
-0.11952582001686096 0.027510428801178932 0.7211742401123047 150 137 42
-0.1150522530078888 0.026513395830988884 0.7172017693519592 156 144 47
-0.107636958360672 0.02675151266157627 0.7146736979484558 191 177 76
-0.10014650970697403 0.02659337967634201 0.7154787182807922 205 188 77
-0.0921562984585762 0.026643408462405205 0.7169184684753418 218 196 79
-0.08404812216758728 0.02666587382555008 0.7176082730293274 236 205 82
-0.07595642656087875 0.026702141389250755 0.7186307907104492 245 215 96
-0.06931480765342712 0.027072399854660034 0.7184637188911438 248 219 98
0.006495143752545118 0.027184797450900078 0.7286258935928345 152 140 43
0.012388220988214016 0.026097791269421577 0.7294845581054688 141 129 32
0.020174821838736534 0.02588069997727871 0.7303704619407654 104 82 11
0.028544269502162933 0.025900494307279587 0.7309324145317078 82 53 2
0.035868946462869644 0.026377195492386818 0.7320606112480164 141 117 35
0.04291718825697899 0.029777171090245247 0.7337496280670166 161 136 53
0.05243012681603432 0.030565327033400536 0.7338917255401611 188 167 70
0.0616159662604332 0.027499418705701828 0.7341997623443604 176 152 55
0.06856760382652283 0.026394523680210114 0.7355436086654663 150 131 40
0.07529724389314651 0.02721845544874668 0.7359634637832642 129 115 26
0.0777370035648346 0.026821905747056007 0.7361160516738892 136 104 29
0.11711705476045609 0.02694525197148323 0.7465503215789795 152 144 46
-0.010222707875072956 0.03030834160745144 0.7042192816734314 202 181 77
0.1244332492351532 0.026293020695447922 0.7476775646209717 152 143 48
0.1320645660161972 0.02663113921880722 0.7504172921180725 150 143 49
0.13552068173885345 0.028833072632551193 0.7524921894073486 151 142 48
0.1405862718820572 0.026717232540249825 0.7535978555679321 148 142 50
0.1479385793209076 0.0267472080886364 0.7544756531715393 151 143 52
0.15626460313796997 0.02659628912806511 0.7558937072753906 128 118 27
0.16451849043369293 0.026866095140576363 0.7579887509346008 113 105 18
0.17200201749801636 0.026905493810772896 0.759143590927124 177 167 71
0.1799362748861313 0.026458384469151497 0.7598081231117249 180 169 73
0.1818794161081314 0.030255721881985664 0.760256826877594 180 169 74
0.1885758340358734 0.027158940210938454 0.7608486413955688 176 168 71
0.19598817825317383 0.02701619453728199 0.7623959183692932 174 167 71
0.20314350724220276 0.0273382980376482 0.7643224596977234 176 169 74
0.36285799741744995 0.018372448161244392 0.6453991532325745 26 27 4
0.07080218195915222 0.025236397981643677 0.7360622882843018 95 42 1
0.34012338519096375 0.02391187474131584 0.6801961064338684 14 7 0
0.34236523509025574 0.022724566981196404 0.6772071719169617 12 10 0
0.34508654475212097 0.022511761635541916 0.6739833354949951 11 7 0
0.3491554260253906 0.021272404119372368 0.6661857962608337 11 7 0
0.35392650961875916 0.02024425007402897 0.6578786373138428 13 11 0
0.3573458194732666 0.01804376021027565 0.6533742547035217 24 25 1
0.36081770062446594 0.01951488107442856 0.6494529843330383 27 28 2
-0.1715521514415741 0.018341897055506706 0.7065766453742981 146 138 39
-0.16320189833641052 0.01831393875181675 0.7053752541542053 146 139 42
-0.15531562268733978 0.018333999440073967 0.7061569094657898 148 139 44
-0.14750966429710388 0.018363894894719124 0.7074099779129028 151 140 45
-0.11536502093076706 0.019128942862153053 0.7163603901863098 203 183 73
-0.10798578709363937 0.01848284713923931 0.713470995426178 227 201 80
-0.09997367858886719 0.018530284985899925 0.7142210602760315 236 207 79
-0.09203390777111053 0.0185718797147274 0.7159379720687866 243 213 86
-0.08395253866910934 0.018592242151498795 0.7167739868164062 249 217 98
-0.07582361251115799 0.018606843426823616 0.7173458337783813 250 218 96
-0.06782446056604385 0.01856766827404499 0.7184948921203613 248 218 96
-0.042616188526153564 0.0223675649613142 0.6931551694869995 254 227 113
-0.0346188060939312 0.019695503637194633 0.6935963034629822 237 201 76
-0.02917713113129139 0.019220251590013504 0.6951053142547607 237 198 70
-0.02556983381509781 0.018525028601288795 0.6969574093818665 248 210 84
-0.019340498372912407 0.01819450408220291 0.6997824311256409 252 216 94
-0.012135959230363369 0.018490293994545937 0.7028049230575562 250 220 104
0.18542881309986115 0.02626117318868637 0.7598203420639038 178 169 73
-0.12904764711856842 0.019613834097981453 0.7267224788665771 166 154 59
-0.12440352886915207 0.018833830952644348 0.7251713275909424 170 157 65
0.007164880633354187 0.0212111659348011 0.7280827164649963 152 138 41
0.012720880098640919 0.020288193598389626 0.7283880114555359 137 120 29
0.018793482333421707 0.020735707134008408 0.7292304635047913 122 104 16
0.028406525030732155 0.02213013917207718 0.7304498553276062 153 131 38
0.13262079656124115 0.018327342346310616 0.7491540312767029 151 143 48
0.13952061533927917 0.017874734476208687 0.7511863112449646 150 143 47
0.14154639840126038 0.02107602171599865 0.7525388598442078 150 143 47
0.14855657517910004 0.018031282350420952 0.7534191608428955 150 143 48
0.15665461122989655 0.01837262511253357 0.7550230026245117 126 115 26
0.16426879167556763 0.018383890390396118 0.7568255066871643 110 99 20
0.17223231494426727 0.018254118040204048 0.7585143446922302 176 164 69
0.18032795190811157 0.018338236957788467 0.759204626083374 179 168 72
0.1866144984960556 0.018366849049925804 0.759739875793457 175 166 72
0.18968075513839722 0.02023189701139927 0.7604093551635742 174 166 71
0.19636039435863495 0.018235258758068085 0.7615029811859131 173 166 72
0.20134739577770233 0.0203933734446764 0.7626468539237976 174 167 75
0.006894150748848915 0.017690418288111687 0.7277153134346008 150 137 37
0.34252703189849854 0.017482204362750053 0.6695024967193604 11 6 0
0.011202436871826649 0.017439214512705803 0.7277600765228271 138 123 25
0.3399515151977539 0.01474479679018259 0.6657558083534241 12 6 0
0.35703805088996887 0.009312573820352554 0.6513041257858276 10 9 1
0.36028680205345154 0.013477221131324768 0.6482544541358948 5 7 0
0.3620513677597046 0.009628613479435444 0.6450636386871338 10 10 0
-0.17687484622001648 0.01185516081750393 0.7071886658668518 144 136 42
-0.17130012810230255 0.010256778448820114 0.7055251598358154 144 137 43
-0.16313177347183228 0.010251283645629883 0.7050562500953674 146 138 45
-0.15521454811096191 0.010259261354804039 0.7056798934936523 149 139 46
-0.14749564230442047 0.010280135087668896 0.7073274850845337 150 137 41
-0.14098584651947021 0.01087547279894352 0.7087646126747131 191 172 67
-0.12887486815452576 0.012035214342176914 0.7255721092224121 244 214 93
-0.12408255785703659 0.010734758339822292 0.7231793999671936 234 208 83
-0.11586920917034149 0.01059151440858841 0.7151512503623962 231 202 77
-0.10808327794075012 0.01186868455260992 0.712336540222168 235 206 77
-0.09985367953777313 0.010358941741287708 0.7133467197418213 242 213 85
-0.09184268116950989 0.010373207740485668 0.7144266366958618 246 215 90
-0.08385882526636124 0.01039242371916771 0.7159603238105774 248 217 93
-0.0757761299610138 0.010404406115412712 0.7168824076652527 249 218 93
-0.06761913746595383 0.010409767739474773 0.7172393798828125 250 217 94
-0.031089872121810913 0.015352782793343067 0.6956508159637451 247 195 80
-0.0267365500330925 0.015385777689516544 0.6972877383232117 231 190 61
-0.01818438060581684 0.014372874051332474 0.7009983062744141 249 213 89
-0.013279619626700878 0.014571309089660645 0.7029333710670471 251 217 97
0.006097045727074146 0.010835818015038967 0.7258448004722595 153 136 33
0.010555876418948174 0.013277912512421608 0.7265065312385559 140 126 25
0.03809386119246483 0.009687632322311401 0.5888628363609314 110 92 12
0.34856438636779785 0.009480037726461887 0.6532366275787354 4 4 0
-0.1078263595700264 0.00980178453028202 0.711618959903717 237 208 78
0.14385627210140228 0.014291497878730297 0.7515835165977478 155 111 48
0.1497831493616104 0.014205080457031727 0.7534623742103577 149 142 47
0.15717820823192596 0.012821963056921959 0.7545274496078491 126 115 24
0.16407884657382965 0.012196877039968967 0.7554512023925781 115 101 18
0.1724705547094345 0.010775400325655937 0.7574601769447327 171 159 65
0.1806134283542633 0.010998190380632877 0.7588560581207275 179 168 71
0.18800468742847443 0.010965696536004543 0.7596206665039062 175 165 70
0.19141145050525665 0.013113483786582947 0.7601699233055115 175 124 56
0.1963374763727188 0.011355205439031124 0.7606386542320251 175 165 68
0.2009570598602295 0.013355761766433716 0.7615522146224976 179 156 74
-0.010510743595659733 0.011208700016140938 0.7054036259651184 254 208 107
0.044850580394268036 0.009383847005665302 0.5884888768196106 117 98 13
0.05157925933599472 0.009078449569642544 0.5876860022544861 130 114 23
0.3392219841480255 0.009336885064840317 0.6590225696563721 8 6 0
0.34269946813583374 0.009874590672552586 0.6544816493988037 4 6 0
0.05642211437225342 0.008531499654054642 0.5857711434364319 129 95 22
0.03739583119750023 0.005010566674172878 0.5858664512634277 122 103 15
0.04455634579062462 0.0032094039488583803 0.5851382613182068 129 115 23
0.05142790451645851 0.005444504786282778 0.5851666331291199 137 123 28
0.056310396641492844 0.006490202154964209 0.5847168564796448 131 96 21
0.3627121150493622 0.0024241702631115913 0.6454395651817322 24 24 2
-0.17724372446537018 0.002877639140933752 0.7053685784339905 143 135 41
-0.17135652899742126 0.002347439294680953 0.7044730186462402 143 136 43
-0.16328097879886627 0.0020583346486091614 0.7045299410820007 147 137 45
-0.15513162314891815 0.002197285182774067 0.7052841186523438 150 138 42
-0.14738214015960693 0.00219940603710711 0.7067704796791077 211 184 73
-0.14119364321231842 0.002726038685068488 0.7085009217262268 237 203 77
-0.1346035599708557 0.007513131480664015 0.7096978425979614 247 180 69
-0.1326192170381546 0.00758553808555007 0.7172367572784424 245 180 70
-0.12878359854221344 0.003813990158960223 0.7247180938720703 231 202 77
-0.12428412586450577 0.002651365241035819 0.722696840763092 230 201 73
-0.12106439471244812 0.003536535194143653 0.7196422815322876 231 201 75
-0.11646628379821777 0.0027954643592238426 0.7146878838539124 230 202 73
-0.1085042953491211 0.002446067752316594 0.7113829851150513 235 208 80
-0.09983189404010773 0.0022077870089560747 0.7131751179695129 242 212 82
-0.09179974347352982 0.002209343947470188 0.7140765190124512 246 215 87
-0.08380847424268723 0.0022114503663033247 0.7155166864395142 248 216 92
-0.07571510225534439 0.0022126685362309217 0.7162872552871704 248 217 92
-0.06757234036922455 0.002213499741628766 0.7167300581932068 250 215 85
-0.05944706127047539 0.0022152338642627 0.7175134420394897 250 216 90
-0.05134008079767227 0.0022165561094880104 0.7188053727149963 251 219 99
-0.0034108594991266727 0.0021687091793864965 0.7231781482696533 251 219 106
0.0024913994129747152 0.005031018052250147 0.7243443727493286 236 213 107
0.07634906470775604 0.0016585906269028783 0.5778541564941406 152 142 46
0.08421479910612106 0.0016330428188666701 0.5778698325157166 152 142 47
0.17368599772453308 0.005043132230639458 0.7569715976715088 175 163 68
0.18083566427230835 0.003416097955778241 0.7586139440536499 179 167 72
0.1880427449941635 0.002527940319851041 0.759602963924408 178 165 70
0.19122327864170074 0.006717140320688486 0.7601226568222046 159 98 32
0.19698649644851685 0.0068212286569178104 0.760240912437439 175 163 70
0.33905431628227234 0.0023599115666002035 0.6584891676902771 7 8 0
0.34236252307891846 0.002704255050048232 0.6542709469795227 6 7 0
0.3480741083621979 0.002176278969272971 0.653099000453949 9 6 0
0.35703274607658386 0.001704027527011931 0.6518852114677429 22 21 3
0.3604123294353485 0.003095767693594098 0.6483921408653259 22 22 1
-0.11290876567363739 0.0030470474157482386 0.7116845846176147 234 202 76
-0.04345867410302162 0.0017713384004309773 0.7190709114074707 254 223 108
-0.010337653569877148 0.006263593211770058 0.7172482013702393 254 203 106
-0.011434733867645264 0.0015272716991603374 0.7222810387611389 240 204 77
0.029304737225174904 0.0027253811713308096 0.5836470127105713 124 106 19
0.034026775509119034 0.0025373429525643587 0.583549976348877 133 98 20
0.05269436910748482 0.001588399289175868 0.5811553597450256 146 133 38
0.06052949279546738 0.0017679445445537567 0.5782554149627686 151 138 40
0.06819433718919754 0.0017282332992181182 0.5773394107818604 151 140 42
0.19509181380271912 0.0023330138064920902 0.7597213387489319 176 165 69
-0.035731252282857895 0.0012533442350104451 0.7192589640617371 254 227 116
-0.026933597400784492 0.0012908608186990023 0.7208002209663391 254 229 122
-0.019934559240937233 0.0012192708672955632 0.7219675779342651 224 189 66
0.04602661356329918 0.0012717634672299027 0.5831946134567261 134 121 28
-0.17831045389175415 -0.00570719363167882 0.7048288583755493 142 134 42
-0.17326535284519196 -0.004054153338074684 0.7041922211647034 143 135 42
-0.1704527735710144 -0.005832879338413477 0.7036471962928772 145 136 41
-0.16420406103134155 -0.006116670556366444 0.7033407688140869 148 137 43
-0.16259947419166565 -0.0015794717473909259 0.7042355537414551 148 136 44
-0.15549927949905396 -0.005259667057543993 0.7042816877365112 169 147 45
-0.14760912954807281 -0.006083242129534483 0.705410897731781 230 197 67
-0.14217178523540497 -0.004355951678007841 0.7075444459915161 233 198 69
-0.12931080162525177 -0.005276780109852552 0.7246005535125732 224 196 72
-0.1247539222240448 -0.005517138168215752 0.7225945591926575 225 197 72
-0.12098714709281921 -0.004427080508321524 0.7193495631217957 228 198 73
-0.11605608463287354 -0.005579633638262749 0.7141013741493225 229 199 75
-0.11288969218730927 -0.004284777212888002 0.7116865515708923 233 202 79
-0.1085258200764656 -0.005683837924152613 0.71151202917099 233 205 80
-0.10481629520654678 -0.004350949544459581 0.7122848033905029 236 208 82
-0.0998101755976677 -0.005939356982707977 0.7130014300346375 237 209 83
-0.09173912554979324 -0.00594502966850996 0.7135897278785706 239 213 89
-0.08365918695926666 -0.00595087232068181 0.7142149209976196 242 213 89
-0.07560750842094421 -0.005961303599178791 0.7152589559555054 242 212 83
-0.0675157830119133 -0.005970197729766369 0.7161104679107666 242 212 80
-0.05937633663415909 -0.005975145380944014 0.7166380882263184 244 214 86
-0.05124162137508392 -0.005982242524623871 0.717397928237915 188 157 51
-0.043079178780317307 -0.005987845826894045 0.7179921269416809 244 213 98
-0.03569673001766205 -0.005748647730797529 0.7184141278266907 254 224 112
-0.0266805998980999 -0.00512417359277606 0.7207375764846802 254 225 113
-0.019938090816140175 -0.006028821691870689 0.7219200134277344 236 206 93
-0.011693408712744713 -0.006031997036188841 0.7222784757614136 220 187 63
-0.005095660220831633 -0.004779012408107519 0.7228170037269592 234 204 83
0.026465874165296555 -0.0059447078965604305 0.5806072354316711 136 120 25
0.04500887170433998 -0.0062886010855436325 0.5777694582939148 148 136 39
0.05090805143117905 -0.003481522435322404 0.5774124264717102 151 139 38
0.05863673985004425 -0.0004756368580274284 0.5765619277954102 151 139 41
0.06860942393541336 -0.0019230778561905026 0.5743582248687744 153 141 44
0.07604153454303741 -0.001917047891765833 0.574467122554779 152 141 48
0.08590250462293625 -0.005856543313711882 0.5733099579811096 154 144 48
0.08510889112949371 -0.0003995138395112008 0.576404333114624 152 141 46
0.0930044874548912 -0.0021792082116007805 0.5769368410110474 151 143 50
0.1003863736987114 -0.0035732509568333626 0.5782803297042847 152 143 46
0.18261083960533142 -0.0014933862257748842 0.7587031722068787 177 159 69
0.1899164617061615 -0.005268212873488665 0.7589437961578369 176 165 70
0.19431088864803314 -0.004619409330189228 0.758951723575592 175 164 68
0.3379652202129364 -0.005246399436146021 0.6572691798210144 10 10 0
0.3416347801685333 -0.006490527186542749 0.6531015634536743 11 11 1
0.3481956720352173 -0.00613928260281682 0.6528245210647583 12 10 1
0.356956422328949 -0.006864510476589203 0.6530207395553589 20 21 1
0.36047765612602234 -0.005019227042794228 0.6488743424415588 28 29 1
0.36274024844169617 -0.006080194842070341 0.6454354524612427 26 27 1
-0.030741073191165924 -0.005324084777384996 0.7196478843688965 254 226 114
0.059128012508153915 -0.003054893109947443 0.5745123028755188 151 141 40
0.09262595325708389 -0.006911612581461668 0.5732755661010742 155 143 47
0.1081802174448967 -0.006822110619395971 0.578321635723114 151 143 49
0.051286730915308 -0.006266325246542692 0.5748419761657715 152 141 42
-0.15823806822299957 -0.006697781849652529 0.7038233280181885 156 140 45
0.09755947440862656 -0.006405569147318602 0.5745242238044739 153 143 47
-0.17960727214813232 -0.012705495581030846 0.7044857740402222 140 133 41
-0.17174381017684937 -0.013898217119276524 0.7019868493080139 144 134 42
-0.16373194754123688 -0.01384440716356039 0.7018303275108337 147 136 42
-0.15715913474559784 -0.01347022969275713 0.7036137580871582 173 151 40
-0.15336252748966217 -0.012855908833444118 0.7042052745819092 205 175 51
-0.14737361669540405 -0.0139978202059865 0.7052413821220398 232 199 71
-0.14151400327682495 -0.013161870650947094 0.7065313458442688 213 179 50
-0.13075244426727295 -0.014213078655302525 0.7230979204177856 213 188 63
-0.12571090459823608 -0.012349751777946949 0.7217178344726562 219 192 67
-0.12192709743976593 -0.013928401283919811 0.7169703841209412 217 190 67
-0.11758455634117126 -0.011835243552923203 0.7131993770599365 222 194 70
-0.11438322812318802 -0.013852388598024845 0.7110887169837952 208 181 61
-0.10767166316509247 -0.01406045164912939 0.7109813094139099 223 195 75
-0.09970960021018982 -0.014403521083295345 0.7113690376281738 232 202 79
-0.09901615977287292 -0.010211705230176449 0.7123808860778809 236 207 83
-0.09112276881933212 -0.013676097616553307 0.7128055691719055 234 208 84
-0.08357500284910202 -0.014096787199378014 0.7134785056114197 184 153 40
-0.07547622174024582 -0.014107424765825272 0.7139870524406433 208 177 59
-0.06738235056400299 -0.014121795073151588 0.7146807312965393 239 210 83
-0.05931687727570534 -0.014148770831525326 0.7159039378166199 241 213 85
-0.051167067140340805 -0.01415760163217783 0.7163309454917908 217 190 79
-0.04378048703074455 -0.013901232741773129 0.7168912291526794 240 209 89
-0.03623368591070175 -0.014213860966265202 0.7181081175804138 249 217 97
-0.030894629657268524 -0.013386028818786144 0.7195934653282166 253 221 105
-0.026801634579896927 -0.01349463127553463 0.7204602956771851 254 222 106
-0.019917048513889313 -0.014261811971664429 0.7211544513702393 250 219 99
-0.011688267812132835 -0.014279543422162533 0.7219448089599609 207 167 32
-0.006468555424362421 -0.013025186024606228 0.7220708131790161 211 172 39
0.1913004368543625 -0.010538971051573753 0.7583227157592773 175 163 72
0.337121844291687 -0.008264661766588688 0.6564717292785645 11 6 0
0.33925074338912964 -0.009740728884935379 0.65427565574646 18 16 2
0.34935462474823 -0.008870858699083328 0.6527817845344543 10 8 0
0.3548075258731842 -0.01201563235372305 0.6542404294013977 12 12 0
0.36033135652542114 -0.009175697341561317 0.6487476825714111 28 25 2
0.3626358211040497 -0.009678110480308533 0.644547700881958 21 23 1
-0.17746904492378235 -0.01399904489517212 0.7035976648330688 142 133 41
0.028535736724734306 -0.014630570076406002 0.5793699622154236 152 135 36
0.04141315072774887 -0.011816597543656826 0.576576292514801 151 139 38
0.04472891613841057 -0.014508797787129879 0.5737565755844116 155 142 43
0.0493275411427021 -0.01183734554797411 0.5727747082710266 154 142 45
0.08585794270038605 -0.010004306212067604 0.5703513622283936 154 143 48
0.09251772612333298 -0.00887725967913866 0.5718124508857727 152 143 47
0.1019882932305336 -0.012932810001075268 0.5712719559669495 153 143 48
0.10836058109998703 -0.01433322113007307 0.5727530121803284 150 142 46
0.1102384403347969 -0.00982177909463644 0.5769420266151428 153 142 48
-0.09469129890203476 -0.014526590704917908 0.7117331027984619 233 204 79
0.021475154906511307 -0.014616296626627445 0.5809892416000366 152 133 36
0.11639615893363953 -0.013473546132445335 0.5773404240608215 152 143 46
0.03642125800251961 -0.014797907322645187 0.5776699185371399 152 138 36
-0.1784265786409378 -0.021375881507992744 0.7011220455169678 139 130 39
-0.17139579355716705 -0.021814795210957527 0.7003583312034607 149 140 47
-0.16373534500598907 -0.02186417765915394 0.7018327713012695 157 146 50
-0.1569022834300995 -0.02189003862440586 0.7036733627319336 180 153 34
-0.15393219888210297 -0.01948336325585842 0.7042788863182068 203 170 42
-0.14769907295703888 -0.0218270942568779 0.7044764161109924 223 190 62
-0.13009347021579742 -0.02042863331735134 0.7214612364768982 207 178 50
-0.12711358070373535 -0.0185534730553627 0.7204307913780212 214 179 59
-0.12393708527088165 -0.022186635062098503 0.7157788276672363 207 182 57
-0.11555904895067215 -0.02219282276928425 0.7101781964302063 142 113 26
-0.10751893371343613 -0.022137390449643135 0.7100717425346375 208 181 64
-0.09946494549512863 -0.02215132862329483 0.7104977369308472 224 195 69
-0.09208187460899353 -0.022215938195586205 0.711378812789917 226 201 81
-0.08937371522188187 -0.019448790699243546 0.7123833894729614 234 208 92
-0.08352528512477875 -0.022235818207263947 0.7130429744720459 159 138 49
-0.0754680335521698 -0.022264324128627777 0.7138972878456116 226 199 87
-0.06734594702720642 -0.022276563569903374 0.714275598526001 198 167 54
-0.05925889313220978 -0.02230624482035637 0.7151883244514465 237 206 78
-0.05113052949309349 -0.02232707105576992 0.7158078551292419 239 210 79
-0.04374829679727554 -0.022074909880757332 0.7163257002830505 240 211 82
-0.03622280806303024 -0.02241288311779499 0.717880368232727 246 216 92
-0.028260357677936554 -0.0225249994546175 0.7196277976036072 250 218 98
-0.02576470375061035 -0.018575087189674377 0.720056414604187 252 219 102
-0.018817029893398285 -0.021192653104662895 0.7202515006065369 246 215 93
-0.011669592000544071 -0.02249016985297203 0.7207537293434143 221 186 61
-0.005822352599352598 -0.021642964333295822 0.7210485935211182 189 148 23
0.11383038014173508 -0.0148731404915452 0.5751654505729675 150 142 45
0.3526456356048584 -0.018970388919115067 0.6551571488380432 9 5 0
0.021461039781570435 -0.01804943010210991 0.5813790559768677 152 135 35
0.029474658891558647 -0.021921716630458832 0.5808555483818054 152 139 40
0.12321224808692932 -0.015660183504223824 0.5804705023765564 130 118 31
0.12197931110858917 -0.020616240799427032 0.5779046416282654 130 120 30
-0.15043915808200836 -0.023048214614391327 0.7038975358009338 213 151 35
0.03518250957131386 -0.02178754284977913 0.5778629183769226 155 141 42
0.043423403054475784 -0.021729206666350365 0.5720154643058777 155 143 45
0.04828070104122162 -0.018212076276540756 0.5705254077911377 159 127 45
0.10218196362257004 -0.017384452745318413 0.5691989660263062 162 116 49
0.11106795817613602 -0.019423797726631165 0.571887195110321 152 143 46
0.11656475812196732 -0.021645797416567802 0.5739791989326477 151 142 44
0.11901719123125076 -0.018153749406337738 0.5765519738197327 147 137 43
-0.12850052118301392 -0.023289240896701813 0.7195658087730408 209 161 51
-0.02171148732304573 -0.02316066436469555 0.7198789119720459 248 216 94
-0.1307426393032074 -0.02536264806985855 0.7202214598655701 203 158 44
-0.12040112167596817 -0.02223934419453144 0.7112683653831482 223 189 76
-0.08758921176195145 -0.023640736937522888 0.7119048833847046 222 174 77
-0.017641933634877205 -0.02499808557331562 0.7201293706893921 242 177 70
-0.011494494043290615 -0.025352973490953445 0.7201352715492249 226 191 66
-0.005286730360239744 -0.025348937138915062 0.7202039957046509 179 142 34
0.038695480674505234 -0.021441509947180748 0.5752077102661133 155 142 44
0.3535718023777008 -0.02175825461745262 0.6568133234977722 9 7 0
-0.1785746067762375 -0.029293013736605644 0.7019444108009338 173 157 66
-0.1714484840631485 -0.029827456921339035 0.700556218624115 177 160 68
-0.16345952451229095 -0.029803918674588203 0.700549840927124 182 162 66
-0.15613636374473572 -0.029114698991179466 0.7012633681297302 190 157 40
-0.14858855307102203 -0.028351427987217903 0.7025096416473389 209 178 49
-0.12964648008346558 -0.028827978298068047 0.7186994552612305 197 164 38
-0.12455647438764572 -0.02964804135262966 0.714773416519165 201 170 44
-0.120990090072155 -0.028951406478881836 0.7113382816314697 204 176 50
-0.11549341678619385 -0.030212773010134697 0.7091931700706482 207 180 53
-0.1073811799287796 -0.030210088938474655 0.7091460227966309 208 183 56
-0.09935762733221054 -0.030235575512051582 0.7097129821777344 216 189 65
-0.09134440869092941 -0.030269097536802292 0.710462212562561 171 137 32
-0.08468899130821228 -0.03057727962732315 0.7113996148109436 154 130 34
-0.08197005093097687 -0.028308093547821045 0.7124926447868347 168 143 50
-0.07540301233530045 -0.030394505709409714 0.7132676243782043 163 134 44
-0.06729209423065186 -0.03041316755115986 0.7136844992637634 183 153 45
-0.05916936695575714 -0.030431009829044342 0.714082658290863 230 199 72
-0.051070500165224075 -0.0304702240973711 0.7149638533592224 234 202 73
-0.04417186602950096 -0.02963404543697834 0.7159161567687988 240 210 81
-0.03618784248828888 -0.029336702078580856 0.7169144153594971 245 214 88
-0.028062058612704277 -0.029406972229480743 0.7186207175254822 247 215 88
-0.01985928975045681 -0.02942260541021824 0.7190110683441162 246 214 85
-0.01165303960442543 -0.029556728899478912 0.7192791700363159 225 194 67
-0.005435009021311998 -0.029105395078659058 0.7194852232933044 169 148 41
-0.14391082525253296 -0.027443459257483482 0.7028203010559082 191 99 9
0.0019895480945706367 -0.030567800626158714 0.7207556962966919 164 112 38
0.03064597211778164 -0.02622109465301037 0.5806387066841125 153 141 44
0.03536980226635933 -0.029178280383348465 0.5774333477020264 157 144 46
0.03852416202425957 -0.02903979830443859 0.5750482678413391 157 144 45
0.041163280606269836 -0.029345599934458733 0.5730385780334473 158 144 45
0.11127181351184845 -0.028769206255674362 0.5692024827003479 152 142 45
0.1149316355586052 -0.029891442507505417 0.5705080628395081 152 144 46
-0.12946175038814545 -0.03623959422111511 0.7173965573310852 190 155 31
-0.12482001632452011 -0.036948103457689285 0.7148773074150085 192 158 33
-0.05102391168475151 -0.03738559037446976 0.7142720818519592 227 195 69
-0.043702758848667145 -0.03713048994541168 0.7154872417449951 229 197 69
-0.03615441918373108 -0.037347983568906784 0.7162086963653564 240 206 78
-0.027996230870485306 -0.037385255098342896 0.7169072031974792 241 206 76
-0.019811131060123444 -0.03740132227540016 0.7172064185142517 245 208 80
-0.011629327200353146 -0.03745950385928154 0.7182707190513611 250 225 119
-0.0045502688735723495 -0.0371491014957428 0.7194214463233948 184 170 67
-0.000752874300815165 -0.037114664912223816 0.7202595472335815 160 143 43
0.00371170393191278 -0.03774233162403107 0.7213037610054016 156 143 43
-0.17850500345230103 -0.03740726783871651 0.7009730339050293 134 119 35
-0.17136642336845398 -0.037772368639707565 0.7000329494476318 133 114 27
-0.1646161824464798 -0.035389047116041183 0.7000749111175537 155 135 49
-0.15920604765415192 -0.03375989943742752 0.699549674987793 180 147 56
-0.1209864392876625 -0.03671300411224365 0.7115594148635864 194 159 35
-0.11547248065471649 -0.03830987215042114 0.7090436816215515 198 164 37
-0.10720386356115341 -0.03824802488088608 0.7079519629478455 201 170 40
-0.09915175288915634 -0.03826290741562843 0.7082229256629944 202 175 49
-0.0912606492638588 -0.038351889699697495 0.709798276424408 204 179 55
-0.08321945369243622 -0.03838442638516426 0.7103841304779053 214 187 63
-0.0748971700668335 -0.034043412655591965 0.7124210000038147 237 217 101
-0.06651118397712708 -0.03620894253253937 0.7125608921051025 227 196 69
-0.05915460363030434 -0.0378083698451519 0.7130144238471985 225 193 67
-0.07520316541194916 -0.038715049624443054 0.7109450101852417 226 196 72
-0.06768503785133362 -0.03933603689074516 0.7116159200668335 224 193 68
0.008909115567803383 -0.039091337472200394 0.7211472988128662 161 130 42
-0.12490246444940567 -0.04467557743191719 0.71439129114151 187 151 27
-0.0671212300658226 -0.04065990820527077 0.7120580673217773 219 149 39
-0.05715656653046608 -0.041622668504714966 0.7125000357627869 221 188 63
-0.05180138349533081 -0.04509422928094864 0.713033139705658 216 183 50
-0.04419359937310219 -0.045407626777887344 0.7140292525291443 213 178 44
-0.03612383455038071 -0.04549422115087509 0.7156000733375549 221 184 48
-0.02797890454530716 -0.04555104672908783 0.7164578437805176 223 183 49
-0.019802479073405266 -0.04557894542813301 0.7168813347816467 237 201 70
-0.01162031851708889 -0.04563244432210922 0.7177017331123352 241 209 83
-0.0035606087185442448 -0.04579152911901474 0.7193241715431213 232 207 92
-0.0007767353090457618 -0.04202419891953468 0.720196008682251 157 135 37
0.004899689462035894 -0.04529476538300514 0.7203484177589417 158 143 42
0.009128809906542301 -0.042717788368463516 0.7205651998519897 158 142 43
0.03432293236255646 -0.033801738172769547 0.5765618681907654 156 144 44
0.03460519388318062 -0.03598271682858467 0.5751106142997742 157 144 44
0.041842084378004074 -0.03283818066120148 0.5721521973609924 159 140 48
0.11581330001354218 -0.036818601191043854 0.5707560181617737 154 143 49
-0.17851410806179047 -0.044722095131874084 0.6984525322914124 130 111 21
-0.17426882684230804 -0.043634455651044846 0.6985573172569275 133 114 24
-0.12104015797376633 -0.04519405588507652 0.7110423445701599 189 151 28
-0.11554734408855438 -0.04615502431988716 0.7075356841087341 190 152 25
-0.10726796835660934 -0.046384941786527634 0.7065650224685669 191 154 25
-0.09911194443702698 -0.04633808508515358 0.7079238891601562 196 157 28
-0.09119310230016708 -0.04642745479941368 0.7092509269714355 195 156 26
-0.08312720060348511 -0.046450283378362656 0.7095863223075867 204 166 37
-0.07562783360481262 -0.0461779348552227 0.7104435563087463 210 173 47
-0.06704408675432205 -0.045336801558732986 0.7110151052474976 221 187 61
-0.05987134948372841 -0.04530124366283417 0.7112811803817749 221 186 57
0.11121568083763123 -0.033776357769966125 0.5688109993934631 153 142 49
-0.12940512597560883 -0.04430233687162399 0.717033326625824 186 149 26
0.12080340087413788 -0.03850797563791275 0.574796736240387 144 114 36
-0.1215069368481636 -0.05348290130496025 0.7084469199180603 183 145 21
-0.08364519476890564 -0.053812287747859955 0.7093506455421448 208 146 15
-0.07509610056877136 -0.05336647108197212 0.7105482816696167 223 159 24
-0.06704770773649216 -0.05330909416079521 0.7109321355819702 230 165 25
-0.059727419167757034 -0.053088583052158356 0.7110095024108887 225 157 19
-0.05490373075008392 -0.0529550276696682 0.7116380929946899 223 160 22
-0.05095548555254936 -0.05250807851552963 0.7125139236450195 235 183 46
-0.044142451137304306 -0.05347100645303726 0.7129673361778259 246 207 68
-0.03604736179113388 -0.053555749356746674 0.714070200920105 248 211 83
-0.027964917942881584 -0.05371354892849922 0.7161047458648682 227 189 52
-0.019792543724179268 -0.05374424159526825 0.7165002226829529 229 193 63
-0.01160445436835289 -0.05375610291957855 0.7166532874107361 229 194 69
-0.003419328248128295 -0.05389298498630524 0.7184271216392517 210 185 68
0.00251974374987185 -0.053026556968688965 0.7192081212997437 159 142 39
0.0033721502404659986 -0.04865880683064461 0.720015287399292 165 104 38
-0.1799599528312683 -0.051255811005830765 0.6981179714202881 112 84 8
-0.17487332224845886 -0.04853898286819458 0.6981634497642517 83 31 0
-0.11575329303741455 -0.05402909591794014 0.7058982253074646 186 146 19
-0.10744111239910126 -0.05447451025247574 0.7059110403060913 185 142 14
-0.0990690216422081 -0.05439043417572975 0.7074576020240784 194 141 11
-0.09107597172260284 -0.05446001514792442 0.708258867263794 208 145 12
-0.08405086398124695 -0.06191380321979523 0.7089672088623047 206 131 4
-0.07507064938545227 -0.061361704021692276 0.7100512981414795 200 124 4
-0.06761332601308823 -0.06110840663313866 0.7102670073509216 193 118 4
-0.060144539922475815 -0.06141749396920204 0.7103768587112427 208 135 6
-0.05225735902786255 -0.06155266612768173 0.7111114859580994 215 148 8
-0.05029042065143585 -0.05712975189089775 0.7122466564178467 232 166 22
-0.0435018464922905 -0.06113559007644653 0.7125568985939026 254 217 85
-0.035995952785015106 -0.0616249181330204 0.7130045890808105 254 221 98
-0.02789800800383091 -0.06174495443701744 0.7143650054931641 234 199 70
-0.01976826600730419 -0.06185847893357277 0.7156361937522888 213 179 44
-0.011597237549722195 -0.06190949305891991 0.7162037491798401 210 178 46
-0.003414762206375599 -0.06199035793542862 0.7171191573143005 182 162 56
0.0023247702047228813 -0.06108361855149269 0.7174976468086243 160 145 46
-0.1827847808599472 -0.0589798241853714 0.6979420781135559 136 91 23
-0.1229606568813324 -0.06167755275964737 0.7073609828948975 193 153 23
-0.11606709659099579 -0.06224938482046127 0.7046229839324951 173 127 6
-0.10807699710130692 -0.06225162371993065 0.705202043056488 177 131 6
-0.10010285675525665 -0.06233837455511093 0.7056002020835876 188 126 2
-0.09192550927400589 -0.062388475984334946 0.706345796585083 207 134 5
-0.13057340681552887 -0.06235156208276749 0.7149878144264221 213 182 47
-0.12837238609790802 -0.06150641292333603 0.7115609645843506 213 156 44
-0.13101691007614136 -0.0699327290058136 0.7164575457572937 211 177 41
-0.12328613549470901 -0.06903459876775742 0.7077929973602295 211 179 39
-0.08392992615699768 -0.07035354524850845 0.7061551809310913 178 122 2
-0.07623405754566193 -0.06957925111055374 0.7084921002388 177 123 4
-0.06809881329536438 -0.06942557543516159 0.7095167636871338 184 129 4
-0.06016434729099274 -0.0694427490234375 0.7096858620643616 195 144 18
-0.05210471153259277 -0.0695144459605217 0.7103979587554932 224 185 54
-0.04254705831408501 -0.06534804403781891 0.7123193144798279 253 217 89
-0.0350094810128212 -0.06857754290103912 0.7125344276428223 254 219 97
-0.02786267362535 -0.0698186531662941 0.7134249210357666 252 217 93
-0.019740590825676918 -0.0699416920542717 0.7146525979042053 223 186 57
-0.011595577001571655 -0.07008857280015945 0.7161149382591248 206 175 48
-0.003413337515667081 -0.0701572597026825 0.7167968153953552 159 145 43
0.004495605360716581 -0.07033789157867432 0.7171996831893921 158 145 46
-0.11658191680908203 -0.06894583255052567 0.7043235898017883 199 160 26
-0.10810849815607071 -0.07033941894769669 0.7051665782928467 189 147 14
-0.10011355578899384 -0.0703602135181427 0.705524206161499 179 130 5
-0.09195379912853241 -0.07028105854988098 0.704662561416626 177 118 0
-0.044143255800008774 -0.06973651051521301 0.7111271023750305 249 214 83
-0.1801697313785553 -0.0698535218834877 0.6970059871673584 99 75 10
-0.13648678362369537 -0.07074037194252014 0.7193676233291626 204 151 35
-0.03807728365063667 -0.07042917609214783 0.7116504311561584 252 218 94
-0.13624891638755798 -0.07577884942293167 0.7184401750564575 196 150 26
-0.1315455436706543 -0.07825761288404465 0.7157949805259705 198 154 28
-0.12322156876325607 -0.07729052007198334 0.7076682448387146 204 166 34
-0.11563754826784134 -0.0710524469614029 0.7038277387619019 201 163 26
-0.10676013678312302 -0.0773872435092926 0.7045937180519104 192 152 19
-0.10002131760120392 -0.07834624499082565 0.7047522068023682 192 152 22
-0.08380451798439026 -0.07320088893175125 0.7052758932113647 191 146 17
-0.07606668770313263 -0.0749385878443718 0.7070844769477844 203 166 30
-0.06113969162106514 -0.07378313690423965 0.7086832523345947 215 183 53
-0.05132022872567177 -0.07398687303066254 0.7099969983100891 231 199 68
-0.04390700161457062 -0.07520084828138351 0.7107155323028564 242 212 79
-0.03732229024171829 -0.07603126019239426 0.711154580116272 247 216 92
-0.033020392060279846 -0.07478981465101242 0.7122480273246765 250 217 95
-0.027216298505663872 -0.07742350548505783 0.7134273648262024 250 219 102
-0.01972266100347042 -0.07803294062614441 0.7139405608177185 242 217 101
-0.011883482336997986 -0.07802269607782364 0.7151886224746704 227 206 96
-0.0034095065202564 -0.07616525888442993 0.7164850234985352 166 148 44
-0.18192531168460846 -0.07541751116514206 0.696593165397644 105 81 14
-0.17497988045215607 -0.07267012447118759 0.6963140964508057 82 45 5
-0.11793618649244308 -0.07430462539196014 0.7043040990829468 205 159 32
-0.11564967036247253 -0.07809718698263168 0.7023153901100159 197 155 25
-0.09318020194768906 -0.07679582387208939 0.7042660713195801 189 149 19
-0.1783575415611267 -0.07822740823030472 0.6950227618217468 105 83 12
-0.17297302186489105 -0.07797233015298843 0.6945012807846069 108 86 12
-0.11051353812217712 -0.07799848914146423 0.7035462856292725 194 152 22
-0.09233953803777695 -0.07801072299480438 0.7037900686264038 196 156 27
-0.1322064995765686 -0.08606189489364624 0.7148854732513428 172 132 18
-0.12378241866827011 -0.08549973368644714 0.7071362137794495 184 139 20
-0.12029588222503662 -0.07798860967159271 0.703639566898346 204 155 32
-0.096958689391613 -0.07892259955406189 0.7038165926933289 195 149 24
-0.17918767035007477 -0.0862836167216301 0.6941466927528381 111 88 16
-0.1727983057498932 -0.08573538064956665 0.6938416957855225 113 89 14
-0.11576592177152634 -0.08612606674432755 0.702534556388855 182 141 20
-0.10801751166582108 -0.08629640191793442 0.703342854976654 194 155 27
-0.10566520690917969 -0.08229950070381165 0.7041617035865784 193 153 24
-0.10153055936098099 -0.08198733627796173 0.7043753862380981 196 158 27
-0.10233032703399658 -0.08467568457126617 0.7034770846366882 196 157 29
-0.09322018176317215 -0.08099139481782913 0.703711748123169 212 148 41
-0.13749724626541138 -0.08592643588781357 0.7166650891304016 151 117 16
-0.1847609430551529 -0.08566015213727951 0.6946250796318054 108 80 14
-0.1375093311071396 -0.091987244784832 0.715793251991272 134 99 13
-0.1283901333808899 -0.08621328324079514 0.7116020321846008 185 130 24
-0.13265660405158997 -0.09372813999652863 0.7137007117271423 137 99 14
-0.12455720454454422 -0.09323477745056152 0.7066010236740112 144 99 12
-0.11643049120903015 -0.09320428222417831 0.7017854452133179 168 126 16
-0.10840337723493576 -0.09057503193616867 0.701781690120697 192 154 27
-0.10342410206794739 -0.08885285258293152 0.7016714811325073 188 126 19
-0.18482908606529236 -0.09274128079414368 0.6939707398414612 131 112 37
-0.17950855195522308 -0.09391367435455322 0.6934175491333008 140 128 45
-0.17280292510986328 -0.09347386658191681 0.693418025970459 134 116 35
-0.12911078333854675 -0.09329476207494736 0.7112688422203064 141 104 16
-0.13739636540412903 -0.10211651027202606 0.7134894728660583 136 77 12
-0.12101804465055466 -0.09288030117750168 0.7033236026763916 144 101 11
-0.13312004506587982 -0.09801537543535233 0.7129082679748535 133 67 2
-0.13061058521270752 -0.09910405427217484 0.711098313331604 141 72 4
-0.1255226731300354 -0.09703194350004196 0.7069227695465088 145 74 5
-0.12187307327985764 -0.09711513668298721 0.7030483484268188 134 59 0
-0.11879449337720871 -0.0967518612742424 0.701464056968689 137 68 9
-0.18022345006465912 -0.10200541466474533 0.693094789981842 157 139 44
-0.13492617011070251 -0.10579711943864822 0.7123095989227295 148 74 16
-0.13329575955867767 -0.10562565922737122 0.7114315032958984 144 78 8
-0.18010342121124268 -0.10984966158866882 0.6925563812255859 137 117 28
-0.18538238108158112 -0.11703258007764816 0.6912565231323242 128 108 20
-0.17965207993984222 -0.11746395379304886 0.6907997727394104 122 104 13
-0.17514128983020782 -0.1167718693614006 0.6910758018493652 131 101 18
-0.18549522757530212 -0.12438204139471054 0.6903725266456604 201 185 92
-0.17888866364955902 -0.1259623020887375 0.6891946196556091 204 187 95
-0.1721900850534439 -0.12613104283809662 0.6887980103492737 208 189 99
-0.18632110953330994 -0.1332787126302719 0.6911804676055908 205 186 88
-0.17980457842350006 -0.1340138167142868 0.6893416047096252 210 190 91
-0.17210395634174347 -0.12927356362342834 0.6882053017616272 213 186 99
-0.17286615073680878 -0.13359004259109497 0.6874166131019592 211 191 93
-0.1855650544166565 -0.13763195276260376 0.6896128058433533 204 168 74
-0.18148978054523468 -0.13755826652050018 0.688517153263092 201 173 73
-0.18075242638587952 -0.13940736651420593 0.6875002384185791 186 153 52
-0.1732129007577896 -0.13695213198661804 0.6869288086891174 207 175 78
-0.03732980042695999 0.3387892544269562 0.751824140548706 166 117 18
0.09772298485040665 0.353549599647522 0.7780103087425232 150 144 84
0.10132238268852234 0.3529002368450165 0.7745973467826843 215 199 163
0.12057945877313614 0.35297366976737976 0.7758291363716125 164 153 102
0.16588985919952393 0.36107754707336426 0.7932206988334656 214 212 173
0.3781995475292206 0.3781031370162964 0.8313236832618713 101 77 53
0.3789532780647278 0.3781089782714844 0.8336982131004333 84 70 32
0.38573911786079407 0.37986311316490173 0.8415500521659851 80 49 22
0.41327348351478577 0.4038633704185486 0.8917055726051331 83 61 26
0.4198896288871765 0.4100072979927063 0.90236896276474 99 88 54
0.4222791790962219 0.4104955494403839 0.9052858352661133 80 73 37
0.4317336678504944 0.40092775225639343 0.8794112205505371 162 132 95
0.44038984179496765 0.3783416748046875 0.8331792950630188 83 77 40
0.10152967274188995 0.34686577320098877 0.7734616994857788 128 128 40
0.16648592054843903 0.3567207455635071 0.7929626107215881 170 169 78
0.4065771698951721 0.39641255140304565 0.883919894695282 62 50 5
0.09700839221477509 0.34786099195480347 0.7787074446678162 130 128 38
0.37722939252853394 0.374210000038147 0.8316020369529724 68 49 6
-0.1561366319656372 0.33087635040283203 0.7444570660591125 118 117 29
0.398515522480011 0.38749784231185913 0.8657815456390381 73 42 9
0.3794887661933899 0.37089747190475464 0.8347062468528748 64 59 7
0.4088149964809418 0.39639610052108765 0.8858247995376587 69 47 6
0.11041412502527237 0.3402235805988312 0.7713897228240967 128 130 41
0.23854751884937286 0.35869401693344116 0.8082746863365173 51 46 1
0.3871624171733856 0.3711833655834198 0.8440789580345154 69 47 6
0.3991692364215851 0.3821716010570526 0.8670738339424133 68 50 6
0.40963253378868103 0.38887614011764526 0.8851897120475769 67 51 5
0.4123370051383972 0.39547428488731384 0.8914991617202759 67 55 7
0.37691518664360046 0.36385801434516907 0.8317176699638367 69 47 6
0.3975817859172821 0.38083556294441223 0.8637577295303345 73 43 6
0.40593892335891724 0.3886018395423889 0.8836154341697693 69 55 9
-0.15679875016212463 0.3232627213001251 0.7444868683815002 116 114 30
0.3794248700141907 0.36315152049064636 0.8339017629623413 64 60 6
0.39138299226760864 0.3727080225944519 0.8510711193084717 67 50 6
0.4035000205039978 0.38732337951660156 0.8758646249771118 67 57 8
0.4133262634277344 0.3879007399082184 0.8911172151565552 68 54 9
0.3848167955875397 0.3636418581008911 0.8379225730895996 66 54 5
0.40385276079177856 0.3808945119380951 0.8736166954040527 67 53 9
0.4170409142971039 0.38699808716773987 0.8947785496711731 67 54 8
-0.1606602519750595 0.32307687401771545 0.744704008102417 125 112 36
0.3884884715080261 0.36447498202323914 0.8445685505867004 66 58 7
0.41054481267929077 0.3812658190727234 0.8843892812728882 65 57 7
-0.1606590300798416 0.3210221827030182 0.7437923550605774 131 92 43
0.3770601153373718 0.3565520942211151 0.8313331007957458 67 59 8
0.4169071316719055 0.3811442255973816 0.8944666385650635 64 58 9
-0.08163390308618546 0.3167765438556671 0.7523921728134155 103 102 23
0.04454120621085167 0.30455124378204346 0.7278158664703369 134 51 0
-0.11178512126207352 0.31639206409454346 0.7597830295562744 102 90 22
0.4321882426738739 0.35760384798049927 0.8571624755859375 66 63 9
-0.07301259785890579 0.3112965524196625 0.7521474957466125 93 77 15
-0.017547184601426125 0.309878945350647 0.7603663802146912 85 58 0
-0.12982690334320068 0.3023660182952881 0.7442386746406555 103 99 22
0.10456199944019318 0.31342142820358276 0.7781018614768982 148 98 43
0.11683927476406097 0.31380224227905273 0.7808921337127686 148 103 48
0.4122706651687622 0.35686373710632324 0.8931114077568054 74 48 7
-0.10818314552307129 0.29967039823532104 0.761307954788208 112 108 24
-0.10716032236814499 0.29863327741622925 0.7592820525169373 113 107 26
-0.009580652229487896 0.30194079875946045 0.7604345083236694 81 53 1
-0.023486103862524033 0.2970629334449768 0.7518320083618164 79 40 1
0.024455005303025246 0.28666967153549194 0.7281484007835388 96 77 12
0.05440058931708336 0.28679534792900085 0.7283294796943665 155 136 49
0.44026997685432434 0.31813177466392517 0.8090077042579651 67 61 7
0.4128299951553345 0.3503996729850769 0.8931447267532349 77 42 6
-0.10934867709875107 0.2935127317905426 0.7603740096092224 117 115 29
-0.0029364696238189936 0.2920210063457489 0.7602733373641968 88 58 1
-0.04686671867966652 0.28465142846107483 0.7442353963851929 66 45 0
0.07290222495794296 0.2768845856189728 0.7354894280433655 141 53 0
0.07615815848112106 0.27672404050827026 0.7372854351997375 140 53 0
0.08134695142507553 0.28249290585517883 0.7560911178588867 147 45 0
0.0826142355799675 0.2850722074508667 0.7654018402099609 145 47 0
0.36822745203971863 0.30012181401252747 0.8236579895019531 65 63 10
0.44297918677330017 0.2887783646583557 0.7838361859321594 42 29 1
-0.05908343568444252 0.2672012746334076 0.744476854801178 88 83 17
0.4166875183582306 0.32464417815208435 0.8966256976127625 62 64 12
0.43991124629974365 0.28919804096221924 0.7917589545249939 37 28 1
0.2404031753540039 0.2890811264514923 0.7998999953269958 85 58 14
0.06565828621387482 0.26292163133621216 0.7345678210258484 126 97 37
-0.1478443145751953 0.25854337215423584 0.7364732623100281 118 113 28
0.001004728372208774 0.26606348156929016 0.7562873363494873 87 77 14
-0.13762615621089935 0.25069084763526917 0.7363181710243225 127 122 37
0.21595074236392975 0.273325115442276 0.7952454686164856 93 59 10
0.39215052127838135 0.2941901981830597 0.8554263114929199 49 41 11
0.41654321551322937 0.3002007305622101 0.8896012902259827 6 6 0
-0.13832159340381622 0.24646182358264923 0.7362396121025085 126 122 37
0.42427578568458557 0.29086756706237793 0.8575262427330017 6 7 0
0.20978008210659027 0.2645739018917084 0.7918937802314758 148 121 54
0.39224717020988464 0.2842234969139099 0.8555898070335388 9 6 0
0.42430379986763 0.28409984707832336 0.8575820326805115 7 6 0
0.4321824014186859 0.262360543012619 0.808262288570404 6 6 0
0.41617801785469055 0.28500425815582275 0.8890470862388611 8 7 0
0.38516566157341003 0.27168455719947815 0.8472352027893066 11 7 0
0.37549981474876404 0.2640678286552429 0.832978367805481 12 6 0
0.4006155729293823 0.27799054980278015 0.8774725794792175 11 7 0
-0.12874169647693634 0.23100246489048004 0.7361218929290771 134 118 40
0.2645110785961151 0.24904608726501465 0.7999407649040222 13 8 0
0.35246166586875916 0.249286487698555 0.8159005045890808 13 7 0
-0.03367774188518524 0.21942901611328125 0.7363511919975281 118 111 22
0.2241048514842987 0.24095287919044495 0.7918826341629028 23 14 0
0.391754686832428 0.26274070143699646 0.8651964664459229 11 8 0
0.4241766929626465 0.2548986077308655 0.8411110043525696 8 6 0
0.39241427183151245 0.25728553533554077 0.8632802367210388 10 3 0
0.3767176866531372 0.24647341668605804 0.8322929739952087 12 6 0
-0.07112740725278854 0.20856904983520508 0.7362741231918335 132 122 35
0.05430927500128746 0.2130371630191803 0.760121762752533 113 98 24
-0.08933109790086746 0.19784599542617798 0.7362529635429382 135 130 39
0.32875514030456543 0.2174946814775467 0.8078464269638062 14 10 0
0.2009396106004715 0.2082880288362503 0.783945620059967 201 164 101
-0.16574054956436157 0.18815487623214722 0.728348970413208 136 131 43
-0.11116812378168106 0.1906893253326416 0.7444669604301453 144 125 46
0.34412357211112976 0.20110644400119781 0.8078294396400452 16 10 0
0.2964945137500763 0.1925838738679886 0.7999079823493958 20 14 0
0.42423489689826965 0.18861308693885803 0.8167725205421448 9 9 0
-0.12085404247045517 0.17008772492408752 0.7434864044189453 143 126 43
0.4237804114818573 0.18528012931346893 0.8156381249427795 9 7 0
0.15893615782260895 0.16419874131679535 0.753439724445343 182 174 82
-0.12652964890003204 0.16153961420059204 0.7272912859916687 132 125 40
-0.124179907143116 0.1611056923866272 0.7323604226112366 138 131 42
0.36520853638648987 0.17331743240356445 0.8097655773162842 23 18 0
0.36131933331489563 0.1727563738822937 0.807563841342926 24 19 0
0.15905939042568207 0.15598630905151367 0.752533495426178 182 172 81
-0.16888299584388733 0.13958831131458282 0.7227537035942078 126 119 29
-0.041023366153240204 0.14028292894363403 0.736137330532074 175 169 69
0.06342218071222305 0.14393927156925201 0.7520553469657898 158 138 54
0.32313573360443115 0.1534174084663391 0.7998670935630798 154 154 87
-0.15520335733890533 0.13384999334812164 0.7201130390167236 120 112 27
0.32920363545417786 0.14668188989162445 0.7998864650726318 130 131 54
0.16258133947849274 0.13245955109596252 0.7560991644859314 180 174 79
0.3291449248790741 0.13924704492092133 0.7999212145805359 105 106 24
-0.17254315316677094 0.12475020438432693 0.7201754450798035 132 124 37
0.42433226108551025 0.13226430118083954 0.7859802842140198 8 8 0
0.07924208790063858 0.12589746713638306 0.7521600127220154 152 143 51
-0.02529800496995449 0.11807326972484589 0.7361441254615784 160 161 44
-0.13391967117786407 0.10759122669696808 0.7202705144882202 144 137 45
-0.11930911988019943 0.10822124034166336 0.7366552352905273 156 149 55
-0.13633078336715698 0.10703535377979279 0.720099925994873 144 135 46
0.21657255291938782 0.11348777264356613 0.7759106159210205 234 194 130
0.39972904324531555 0.1253272444009781 0.872070848941803 28 13 0
0.30478790402412415 0.11248152703046799 0.7918547987937927 81 71 15
-0.12183224409818649 0.10195749253034592 0.7363556027412415 142 133 39
0.3538934886455536 0.10678558796644211 0.7998285889625549 27 24 0
0.4159064292907715 0.11271562427282333 0.8156508803367615 16 11 0
0.26547786593437195 0.10574901849031448 0.7837483882904053 43 33 2
0.4083212912082672 0.10244955867528915 0.8480229377746582 21 13 0
0.22502189874649048 0.0900750532746315 0.7758910655975342 118 101 28
0.3207509219646454 0.08814305812120438 0.7919207811355591 54 37 2
0.23305851221084595 0.08072011917829514 0.7758615016937256 50 37 4
0.4082723557949066 0.08615592122077942 0.841608464717865 16 14 0
-0.17665939033031464 0.07420050352811813 0.7158007025718689 155 130 51
0.015333060175180435 0.07014685124158859 0.736097514629364 159 139 51
-0.06097731739282608 0.06704242527484894 0.7070074081420898 171 84 19
0.278816282749176 0.07090471684932709 0.7840694189071655 41 28 1
0.3343580961227417 0.07169079780578613 0.794299304485321 62 50 5
-0.11119966208934784 0.060757290571928024 0.7202168703079224 129 122 26
0.3607458174228668 0.05570764094591141 0.6560766696929932 5 4 0
-0.06526767462491989 0.05713466554880142 0.6965013742446899 170 122 26
-0.06460907310247421 0.05705815553665161 0.6956923007965088 172 118 30
-0.14436744153499603 0.05440378561615944 0.7122914791107178 152 136 46
-0.08889810740947723 0.051687538623809814 0.7201189994812012 165 134 27
0.04200395196676254 0.05380282551050186 0.7360624074935913 221 190 80
0.33756616711616516 0.04645479843020439 0.6815637946128845 14 12 0
-0.1370859295129776 0.04340000078082085 0.7124435901641846 149 139 45
0.21481627225875854 0.047269806265830994 0.7681532502174377 183 171 84
-0.0354091078042984 0.040845707058906555 0.6953497529029846 162 131 32
-0.12858828902244568 0.0419052317738533 0.7286857962608337 152 137 47
0.08083716779947281 0.029876763001084328 0.7357851266860962 136 110 28
0.08379638940095901 0.03075835295021534 0.7367443442344666 135 121 31
0.0897476002573967 0.031160950660705566 0.739615797996521 146 132 39
0.35968759655952454 0.010450663976371288 0.647578775882721 5 6 0
0.3597186803817749 0.003637503832578659 0.6476191878318787 21 22 1
-0.01021372340619564 0.007480662316083908 0.7115462422370911 255 190 88
-0.007071604952216148 0.007161091081798077 0.7181780338287354 255 212 110
0.028337640687823296 0.003314684145152569 0.5850371718406677 129 97 21
0.0902356281876564 0.0020135531667619944 0.5795214176177979 151 141 47
-0.17494553327560425 -0.008925508707761765 0.7041045427322388 151 123 48
-0.14617502689361572 -0.024700844660401344 0.7041561603546143 230 184 64
0.12301578372716904 -0.025448568165302277 0.5773779153823853 132 119 30
0.12066482752561569 -0.026138586923480034 0.575204610824585 134 120 32
-0.08077362924814224 -0.033152852207422256 0.7120522260665894 242 185 103
-0.1841769963502884 -0.03754567354917526 0.7027789950370789 137 86 27
0.030322350561618805 -0.03876001015305519 0.5737404227256775 157 143 44
0.12280037254095078 -0.03929402679204941 0.5769623517990112 146 107 35
-0.18503953516483307 -0.07533390074968338 0.6969559192657471 108 75 13
-0.1848187893629074 -0.07769454270601273 0.6952448487281799 121 73 18
-0.12049594521522522 -0.08529994636774063 0.7032983303070068 181 133 19
-0.16645322740077972 -0.1243477612733841 0.6887794137001038 217 180 103
-0.11147764325141907 0.33915865421295166 0.750835657119751 176 176 101
0.4278070032596588 0.4084453582763672 0.8956472873687744 164 140 109
0.13723763823509216 0.3456708788871765 0.7811283469200134 102 89 24
0.2886062562465668 0.36140772700309753 0.8159917593002319 75 48 15
-0.1607840210199356 0.32818904519081116 0.74463951587677 131 110 40
0.44764629006385803 0.35280320048332214 0.799945592880249 62 34 11
-0.1380978673696518 0.3265886604785919 0.7443050742149353 140 135 43
0.06998073309659958 0.317407488822937 0.7364988327026367 139 63 19
0.3806624710559845 0.3581855297088623 0.8333043456077576 67 61 9
0.41197142004966736 0.3824548125267029 0.8909912109375 72 55 10
0.03954369202256203 0.3063696622848511 0.7279385924339294 149 47 0
0.4476074278354645 0.3305512070655823 0.7918997406959534 45 25 1
0.2641820013523102 0.32860180735588074 0.8079603314399719 78 51 19
0.31343719363212585 0.3209436535835266 0.8158795237541199 80 54 17
0.0969168022274971 0.29633888602256775 0.7758920192718506 159 42 0
0.2214076817035675 0.3052334785461426 0.7998678088188171 82 65 13
-0.052057601511478424 0.2659192383289337 0.7444236278533936 83 74 12
0.41414183378219604 0.31614455580711365 0.8964850902557373 28 29 1
0.4051946699619293 0.3120640814304352 0.8835036158561707 33 25 4
0.3761000633239746 0.2837696671485901 0.8237628936767578 35 27 3
0.249323770403862 0.27427688241004944 0.7999163866043091 87 54 12
0.3949900269508362 0.2943646311759949 0.8607276082038879 37 27 4
0.43991613388061523 0.26568061113357544 0.7836542129516602 43 31 6
0.3761499524116516 0.2770325541496277 0.8238856792449951 9 6 0
0.3764951825141907 0.2750074565410614 0.824525773525238 7 7 0
0.37609830498695374 0.2693248689174652 0.823776364326477 11 6 0
0.39909955859184265 0.28137773275375366 0.877630889415741 10 8 0
0.40643617510795593 0.2806510329246521 0.8966526389122009 10 7 0
0.40703698992729187 0.27592071890830994 0.8970052599906921 6 8 0
0.41072046756744385 0.2683475613594055 0.8964811563491821 7 8 0
0.2722046971321106 0.24000470340251923 0.7999812364578247 22 10 0
0.37631043791770935 0.24756252765655518 0.8311259746551514 8 7 0
-0.12033092975616455 0.21860045194625854 0.7458288073539734 139 122 44
0.4077986180782318 0.2594295144081116 0.8929981589317322 9 7 0
0.36940979957580566 0.23434436321258545 0.8157942295074463 7 6 0
0.16999828815460205 0.20644424855709076 0.7747982144355774 185 179 89
0.1740788072347641 0.20550580322742462 0.777496337890625 186 181 90
-0.12729786336421967 0.1890789270401001 0.7306503653526306 150 106 50
0.41579678654670715 0.22432048618793488 0.8637393712997437 10 7 0
0.17555807530879974 0.19903381168842316 0.7772350311279297 193 174 95
0.1751352995634079 0.1970837265253067 0.7753759026527405 194 174 95
-0.07417145371437073 0.18130750954151154 0.7362064719200134 144 138 43
-0.12096603214740753 0.1851172298192978 0.7468990683555603 141 128 43
0.36823177337646484 0.19491280615329742 0.8131547570228577 13 11 0
0.36802518367767334 0.19119244813919067 0.8128868341445923 16 9 0
0.4339591860771179 0.17723608016967773 0.7678573131561279 7 7 0
0.05515482276678085 0.1683068573474884 0.7519844174385071 166 124 62
0.2648448348045349 0.17711910605430603 0.7919028401374817 27 16 0
0.053512897342443466 0.16132324934005737 0.7518424391746521 150 144 52
0.05707960203289986 0.16229654848575592 0.7518489956855774 155 138 55
0.14559787511825562 0.14722655713558197 0.76607346534729 131 121 28
0.15677422285079956 0.140275776386261 0.7516761422157288 180 161 77
0.3996623754501343 0.15229687094688416 0.8751175403594971 25 20 2
0.3997032344341278 0.14888416230678558 0.8753303289413452 24 22 1
0.4076384902000427 0.14566564559936523 0.8638997077941895 24 15 0
-0.17743344604969025 0.11999857425689697 0.7194557785987854 154 110 54
-0.17607608437538147 0.12000652402639389 0.7195053100585938 152 107 51
-0.02010609209537506 0.10868269950151443 0.7361195087432861 164 149 37
0.4079990088939667 0.12929947674274445 0.8543212413787842 26 13 0
0.3534358739852905 0.11380653828382492 0.7998890280723572 24 20 0
0.048987243324518204 0.10533323884010315 0.7438369989395142 146 132 41
0.4078369140625 0.11436121165752411 0.8472443222999573 20 15 0
0.07048188149929047 0.09734103828668594 0.7438488602638245 154 141 51
0.0728694424033165 0.09748050570487976 0.7439061403274536 161 136 55
0.4078916311264038 0.10887043178081512 0.847330629825592 17 14 0
0.07288144528865814 0.09484487026929855 0.7439174652099609 165 137 60
0.3999040126800537 0.09932805597782135 0.872148871421814 45 36 17
0.42365577816963196 0.07539819926023483 0.7598512768745422 5 5 0
-0.039415642619132996 0.06617773324251175 0.7042045593261719 164 114 19
0.35836997628211975 0.056471750140190125 0.6508480906486511 6 5 0
0.20106902718544006 0.06574714928865433 0.7678237557411194 182 170 82
-0.07531072199344635 0.04819105193018913 0.7113772630691528 255 211 116
0.10860166698694229 0.038938894867897034 0.7437450885772705 159 133 53
0.33568596839904785 0.0343458317220211 0.6816272735595703 18 9 0
0.08080767095088959 0.03384571895003319 0.7358561158180237 131 104 23
0.3358955383300781 0.02981792949140072 0.6820546984672546 15 8 0
0.17723959684371948 0.03259223699569702 0.7599088549613953 185 165 78
0.3494058847427368 0.01801038533449173 0.6593971848487854 9 6 0
0.0775153636932373 0.022545967251062393 0.7368805408477783 148 101 39
0.34622466564178467 0.015433719381690025 0.6575813293457031 8 6 0
0.33539387583732605 0.010107766836881638 0.6618332266807556 11 8 0
-0.12095575034618378 0.01076118927448988 0.7196401953697205 233 198 78
0.08422941714525223 0.006697717122733593 0.584743082523346 150 141 47
-0.10493430495262146 0.0038865776732563972 0.7121047377586365 239 210 82
-0.030944375321269035 0.0013858883175998926 0.7198310494422913 255 228 120
0.03770581632852554 -0.007112369406968355 0.5791780352592468 149 121 35
0.07803796231746674 -0.00022494675067719072 0.5761290788650513 155 139 48
0.3357647955417633 -0.008187617175281048 0.6564515233039856 12 10 0
-0.11936234682798386 -0.017931202426552773 0.7126295566558838 224 195 81
0.12730515003204346 -0.016469601541757584 0.5840033292770386 135 102 32
-0.18446852266788483 -0.0353829599916935 0.7041212916374207 189 138 85
-0.18310174345970154 -0.035378437489271164 0.7040184736251831 183 133 80
-0.12426715344190598 -0.04882868379354477 0.7126820087432861 196 137 33
-0.1283404529094696 -0.06547582894563675 0.7117774486541748 222 172 57
0.10560978204011917 0.34710144996643066 0.7678266763687134 154 121 61
0.10109411925077438 0.3408712148666382 0.7717500925064087 131 127 41
0.10633660107851028 0.3384007215499878 0.7672643065452576 138 124 45
0.09698794037103653 0.3399839699268341 0.7798467874526978 117 96 21
-0.11209676414728165 0.3156245946884155 0.7604824304580688 108 94 26
-0.10318475216627121 0.3158746659755707 0.7603609561920166 113 107 28
0.15119168162345886 0.32128575444221497 0.7703593373298645 189 154 93
0.14957433938980103 0.3187686800956726 0.7695943713188171 187 151 91
0.15498898923397064 0.31932908296585083 0.770976185798645 187 160 96
-0.11210452020168304 0.31195616722106934 0.7603136301040649 122 89 33
0.1655334234237671 0.31332895159721375 0.7876463532447815 184 170 91
0.09261080622673035 0.29340144991874695 0.7762357592582703 145 55 0
0.22355403006076813 0.3012104034423828 0.8002470135688782 73 70 8
0.43993261456489563 0.30400457978248596 0.7999622225761414 75 48 10
-0.04524373635649681 0.27012166380882263 0.7441844344139099 74 52 2
0.05495290085673332 0.26443326473236084 0.728168785572052 200 126 27
0.07220720499753952 0.2694162130355835 0.7356464862823486 176 83 14
-0.16816559433937073 0.25946131348609924 0.7394140362739563 105 78 25
-0.07073553651571274 0.26234960556030273 0.7442064881324768 97 90 18
-0.025642622262239456 0.2557510733604431 0.7441407442092896 65 46 3
-0.16676677763462067 0.2471417933702469 0.7362114191055298 115 94 28
0.07111962139606476 0.2566516101360321 0.7682577967643738 176 146 72
0.031420208513736725 0.23893915116786957 0.7312554717063904 113 80 8
0.3445003926753998 0.2587372064590454 0.8159430623054504 17 10 0
-0.052910204976797104 0.23129349946975708 0.7362114191055298 108 100 22
-0.04263727739453316 0.23140548169612885 0.7361133098602295 106 97 22
-0.001142131513915956 0.2295684814453125 0.7522729635238647 134 130 38
0.3655489981174469 0.23704342544078827 0.816291093826294 7 8 0
0.1536751091480255 0.19992098212242126 0.7747862339019775 123 101 30
-0.16891880333423615 0.17985786497592926 0.7283827066421509 136 130 40
-0.1667502075433731 0.18267367780208588 0.7281435132026672 139 128 42
-0.06618265807628632 0.1750258356332779 0.7361989617347717 144 138 44
-0.1763542890548706 0.17085063457489014 0.7264118194580078 152 117 54
0.056571055203676224 0.16827505826950073 0.7519574165344238 162 125 60
0.24073439836502075 0.14480271935462952 0.7839540243148804 35 28 2
0.1511584371328354 0.13933879137039185 0.7584981918334961 120 108 31
-0.03298589959740639 0.12611927092075348 0.7361243963241577 127 135 35
-0.1769518256187439 0.09891024231910706 0.717904269695282 145 130 44
-0.1361672580242157 0.10355725139379501 0.7200371026992798 147 135 48
-0.13318805396556854 0.10171620547771454 0.7201704978942871 147 135 48
0.22402144968509674 0.09889758378267288 0.7759595513343811 115 92 28
-0.046823836863040924 0.08246605843305588 0.7279056310653687 166 115 23
0.30678048729896545 0.0712660625576973 0.7879260778427124 74 64 14
0.3148200511932373 0.07134706526994705 0.7900378108024597 78 67 16
0.16112610697746277 0.06434589624404907 0.7599242329597473 118 97 31
-0.007541780360043049 0.022776534780859947 0.703808069229126 213 188 90
0.006140530575066805 0.02539009414613247 0.7278527617454529 156 137 44
0.34326475858688354 0.017050541937351227 0.6623613834381104 13 5 0
0.0315835103392601 0.008532033301889896 0.5871168375015259 130 80 20
0.2006647139787674 0.006806494668126106 0.7604992985725403 190 153 83
-0.10392511636018753 0.0043527670204639435 0.7119035720825195 248 205 88
0.09749218821525574 0.0012402524007484317 0.5799857378005981 165 123 54
-0.14273133873939514 -0.019679946824908257 0.7050437331199646 207 170 41
0.0027688422705978155 -0.04674004390835762 0.7198135852813721 153 137 34
-0.047332488000392914 -0.06212889775633812 0.7117490172386169 247 202 66
-0.18504294753074646 -0.06852903217077255 0.6970820426940918 108 57 12
-0.12702682614326477 -0.0752774104475975 0.7123741507530212 212 162 42
-0.17651018500328064 -0.1349029690027237 0.687881350517273 222 185 101
0.278173565864563 0.3667025566101074 0.8163597583770752 53 47 2
0.0427783727645874 0.3285558223724365 0.7359181642532349 125 98 26
0.11013657599687576 0.3336297273635864 0.7688911557197571 138 124 47
0.18499349057674408 0.34351101517677307 0.7979305982589722 193 183 105
0.10840518772602081 0.33063244819641113 0.7659334540367126 139 128 45
0.10874193161725998 0.32714352011680603 0.765854001045227 140 120 46
0.12075350433588028 0.32092276215553284 0.7678545713424683 148 120 51
-0.11476334929466248 0.29147034883499146 0.7477192282676697 110 107 26
-0.11315612494945526 0.29119351506233215 0.7558109760284424 117 111 29
0.0795116052031517 0.282229483127594 0.765092134475708 149 49 0
-0.045470789074897766 0.27323129773139954 0.744188129901886 73 50 1
0.07986083626747131 0.28112971782684326 0.7689772844314575 152 44 0
0.07703069597482681 0.2762794494628906 0.7569326162338257 164 70 9
0.15144069492816925 0.2794327735900879 0.7841705679893494 156 150 72
0.4054535925388336 0.310165137052536 0.8827595710754395 31 28 2
-0.12091180682182312 0.17234212160110474 0.7444624900817871 143 131 44
0.13548196852207184 0.16744117438793182 0.7680672407150269 150 137 50
0.3285365104675293 0.15292394161224365 0.799964427947998 255 255 255
0.39130663871765137 0.13721616566181183 0.8642168045043945 30 23 2
0.18378493189811707 0.09577419608831406 0.7680703401565552 187 174 85
0.3627221882343292 0.056183286011219025 0.6455747485160828 6 6 0
0.2168302685022354 0.03784746304154396 0.7665104866027832 199 164 99
0.35193729400634766 0.0280207097530365 0.6633228063583374 10 7 0
0.1927320957183838 0.010651182383298874 0.7598831057548523 175 165 70
0.022311167791485786 -0.0010580031666904688 0.58460533618927 142 101 35
0.02552599087357521 -0.0007167093572206795 0.5845910906791687 131 111 24
0.022368794307112694 -0.006834607105702162 0.5813493132591248 141 124 27
0.3354102075099945 -0.004250026773661375 0.6584377288818359 10 9 0
0.03949110582470894 -0.01511949859559536 0.5756987929344177 159 136 47
-0.17935751378536224 -0.07064128667116165 0.6954247355461121 109 72 12
0.4402155876159668 0.37423089146614075 0.8323089480400085 65 59 7
0.1027083694934845 0.3369995951652527 0.7672885656356812 136 126 44
0.10090339928865433 0.3346465826034546 0.7701786756515503 137 123 45
0.1022646352648735 0.3331502079963684 0.766200065612793 138 124 46
0.11414474248886108 0.32901889085769653 0.7679290175437927 140 120 49
0.4319324791431427 0.3686996102333069 0.8631345629692078 72 59 10
-0.1122005432844162 0.2940780520439148 0.7607566118240356 130 102 39
0.0829409658908844 0.2906745374202728 0.7642077207565308 144 52 0
0.0790533497929573 0.28166329860687256 0.7567030191421509 146 50 0
-0.14745178818702698 0.2552788555622101 0.7361413836479187 121 115 30
-0.022757623344659805 0.25707724690437317 0.7438538670539856 59 39 0
0.386096715927124 0.2876441478729248 0.8421684503555298 36 32 4
0.39147359132766724 0.27317342162132263 0.8666934967041016 8 7 0
-0.0628829300403595 0.22350025177001953 0.736244797706604 125 115 30
-0.1205974891781807 0.21522541344165802 0.7454403042793274 136 124 43
0.15172816812992096 0.20759224891662598 0.776062548160553 101 80 4
0.43195950984954834 0.20034657418727875 0.7828424572944641 8 7 0
0.07189039885997772 0.19109834730625153 0.7601050734519958 149 141 50
-0.17686773836612701 0.10783453285694122 0.7191185355186462 148 126 47
-0.17763826251029968 0.10707149654626846 0.7200261354446411 149 120 47
0.3998904824256897 0.11650539934635162 0.8721471428871155 24 18 0
0.3998929560184479 0.11035050451755524 0.8721335530281067 22 17 0
-0.053678739815950394 0.07817428559064865 0.7252910137176514 152 107 15
0.057347621768713 0.05690501630306244 0.7359246611595154 109 60 0
0.35976260900497437 0.045028842985630035 0.6477743983268738 21 21 1
-0.10392238199710846 0.008981926366686821 0.7119240164756775 244 204 85
-0.10443507879972458 -0.008679083548486233 0.7120819687843323 240 201 84
0.047107186168432236 -0.007566142361611128 0.5755624771118164 152 138 44
0.0015862085856497288 -0.03077438659965992 0.7197506427764893 166 137 45
0.0006056257989257574 -0.032478705048561096 0.7198958396911621 162 138 43
-0.10319399833679199 0.32509133219718933 0.7601314783096313 100 97 25
-0.11206113547086716 0.32088494300842285 0.760179340839386 99 84 20
0.09660952538251877 0.3246249854564667 0.7789378762245178 128 63 4
0.1600947380065918 0.3169967532157898 0.774478018283844 186 170 94
0.16184303164482117 0.3126842975616455 0.7808331251144409 187 170 94
0.15906283259391785 0.3132498562335968 0.7809648513793945 186 169 93
0.1375252604484558 0.3124040365219116 0.7835807800292969 116 103 27
0.140851229429245 0.31298407912254333 0.785312294960022 107 100 20
0.15501490235328674 0.31290942430496216 0.7858113646507263 180 166 86
-0.16878201067447662 0.26779085397720337 0.7420797348022461 93 52 11
0.07779098302125931 0.2771967351436615 0.7472400069236755 149 58 3
0.06871047616004944 0.26299214363098145 0.7366385459899902 138 98 33
0.4075206518173218 0.2717069685459137 0.8961948752403259 8 7 0
-0.016303017735481262 0.22029902040958405 0.7442400455474854 139 128 40
-0.13705044984817505 0.17494343221187592 0.7282118201255798 165 156 64
-0.17644232511520386 0.16536669433116913 0.7263790369033813 147 122 46
0.12797504663467407 0.17472220957279205 0.7680995464324951 154 138 53
0.22476249933242798 0.1693248599767685 0.7839428782463074 32 23 2
0.15065033733844757 0.14603817462921143 0.7583815455436707 114 83 19
0.19892890751361847 0.1435358077287674 0.7760351300239563 189 178 92
-0.1771378517150879 0.12839683890342712 0.7205923199653625 146 123 44
-0.177291139960289 0.12367554008960724 0.721225380897522 145 122 43
-0.174971804022789 0.11871460825204849 0.7201036810874939 142 119 42
-0.04514436051249504 0.07888466864824295 0.726341187953949 167 114 25
0.4159521758556366 0.08807267993688583 0.8067684173583984 16 9 0
-0.043962448835372925 0.07379215210676193 0.7080569863319397 141 95 11
-0.04299682751297951 0.07543712854385376 0.7132257223129272 168 113 27
-0.04326457530260086 0.0718536376953125 0.704670786857605 131 94 13
0.28221648931503296 0.07070794701576233 0.783766508102417 45 33 4
0.32718807458877563 0.07151918858289719 0.7931026220321655 61 41 0
-0.12527166306972504 0.0653233602643013 0.7276845574378967 149 137 46
0.04282211884856224 0.06554421037435532 0.7359371781349182 144 127 34
0.3598218262195587 0.04874932020902634 0.6479403376579285 7 6 0
-0.07142859697341919 0.0400717556476593 0.7120397090911865 180 139 43
0.07667679339647293 0.02261057309806347 0.7359288334846497 142 113 40
0.35091036558151245 0.016736026853322983 0.6556259393692017 8 9 0
-0.1449211686849594 0.3377073407173157 0.7442751526832581 145 138 70
0.19144035875797272 0.36261069774627686 0.8001604676246643 194 195 130
0.4083520472049713 0.4022432863712311 0.8868667483329773 82 76 35
-0.1448751986026764 0.3327070474624634 0.7442271709442139 130 124 39
0.41474586725234985 0.3953498601913452 0.90081387758255 66 57 8
0.4144820272922516 0.3893561363220215 0.8983688354492188 67 60 6
0.3841131031513214 0.3595649003982544 0.8360857963562012 65 59 6
-0.11354882270097733 0.30809855461120605 0.7557357549667358 104 102 24
-0.11579262465238571 0.2989700138568878 0.7473928928375244 108 103 25
0.03256412222981453 0.29597383737564087 0.7280855178833008 137 50 0
0.44009456038475037 0.30275651812553406 0.8002932667732239 66 64 7
-0.15846703946590424 0.2549082934856415 0.7361917495727539 105 99 22
-0.08831970393657684 0.25480395555496216 0.7440630793571472 115 108 26
0.40605974197387695 0.2912942171096802 0.8832359313964844 7 7 0
0.38346755504608154 0.2732768952846527 0.8412309288978577 9 8 0
0.3847668170928955 0.2743900716304779 0.8463048934936523 9 8 0
0.3023052215576172 0.25522300601005554 0.8081400394439697 6 7 0
0.43196365237236023 0.21889181435108185 0.7910329103469849 7 8 0
0.4163312017917633 0.21462775766849518 0.8572258353233337 8 9 0
0.1765480488538742 0.17352354526519775 0.758029580116272 191 179 91
0.18042585253715515 0.17666806280612946 0.7671170830726624 193 177 94
0.18317608535289764 0.17789551615715027 0.7725040316581726 194 178 94
0.18542715907096863 0.17745791375637054 0.7754017114639282 191 178 91
0.1794893592596054 0.17334561049938202 0.7651569843292236 188 180 89
0.1829541027545929 0.1741655319929123 0.7720401883125305 189 180 90
0.4319870173931122 0.17608506977558136 0.7748817801475525 7 7 0
-0.009287956170737743 0.16582490503787994 0.7441551089286804 147 142 49
-0.05677480250597 0.15914076566696167 0.7360903024673462 147 140 47
-0.04030687361955643 0.13535034656524658 0.736031174659729 166 156 63
0.28897374868392944 0.13624270260334015 0.7918880581855774 46 42 1
0.41597452759742737 0.12952233850955963 0.8219192028045654 15 9 0
0.42378413677215576 0.11273156106472015 0.7759822607040405 9 8 0
0.09657159447669983 0.10525678843259811 0.7519484162330627 153 142 53
-0.1768643856048584 0.0929006040096283 0.7174257636070251 148 134 48
-0.1769925355911255 0.08698337525129318 0.7168955206871033 152 132 52
0.11228766292333603 0.08804798126220703 0.7519336342811584 158 143 55
0.4238009452819824 0.08819085359573364 0.7679758071899414 6 6 0
-0.06455932557582855 0.05522536486387253 0.6959067583084106 170 126 29
0.35990121960639954 -0.002871781587600708 0.6479329466819763 28 30 1
-0.1815979927778244 -0.01661592163145542 0.7040788531303406 145 131 43
-0.005830233916640282 -0.02387480065226555 0.7199678421020508 189 145 32
0.008718977682292461 -0.04546302556991577 0.7198279500007629 161 142 45
-0.055560674518346786 -0.0464082807302475 0.7118044495582581 224 185 54
-0.11592738330364227 -0.06299936771392822 0.703885018825531 166 119 4
-0.17503486573696136 -0.0717281699180603 0.6943857669830322 106 70 9
-0.16050294041633606 0.31876832246780396 0.744284987449646 118 107 32
-0.15830768644809723 0.31885167956352234 0.7442035675048828 115 107 31
-0.025598449632525444 0.31883978843688965 0.7601127624511719 107 74 5
0.14180676639080048 0.3192855417728424 0.7713494896888733 120 109 36
0.000789284473285079 0.30220749974250793 0.7614894509315491 83 54 0
0.31165215373039246 0.318599671125412 0.8161754608154297 69 64 7
0.11144737899303436 0.26952677965164185 0.7761327624320984 140 135 42
-0.17173300683498383 0.1732478141784668 0.7282390594482422 135 126 39
0.15857288241386414 0.15393021702766418 0.7513593435287476 186 173 86
0.16109444200992584 0.15246041119098663 0.7519949674606323 189 174 86
0.15850763022899628 0.1488903909921646 0.7512832880020142 185 173 84
0.16108466684818268 0.15101978182792664 0.7519511580467224 188 175 86
0.1656525433063507 0.13725942373275757 0.7518836259841919 189 176 86
0.16824325919151306 0.1381261944770813 0.7519326210021973 191 178 88
0.40819674730300903 0.1315377652645111 0.8577250838279724 17 17 0
-0.05195695161819458 0.07144913077354431 0.7058676481246948 119 83 4
0.22477193176746368 0.04726839065551758 0.7701252698898315 135 121 31
0.3354046940803528 0.00374552677385509 0.6603806018829346 10 9 0
0.2003960907459259 0.005631638690829277 0.7597224712371826 180 166 73
0.10434962809085846 -0.007820220664143562 0.5756728053092957 155 143 53
-0.06270213425159454 -0.039884939789772034 0.7118561267852783 221 188 62
0.3195418417453766 0.37365463376045227 0.8242242932319641 79 72 29
0.1913578063249588 0.35991746187210083 0.800085186958313 190 187 98
0.3750550150871277 0.36703959107398987 0.8320873379707336 65 60 7
0.4246852993965149 0.3995175361633301 0.904064953327179 64 62 5
0.4403439164161682 0.3589383661746979 0.8248788118362427 64 63 7
0.09634757786989212 0.3313785493373871 0.7801074981689453 118 62 2
0.42446357011795044 0.37499192357063293 0.8960793614387512 67 63 7
0.2719205617904663 0.3027231693267822 0.8080771565437317 70 67 9
0.10295552015304565 0.287033349275589 0.7761091589927673 134 129 41
0.07191556692123413 0.2669108211994171 0.7477147579193115 147 105 26
-0.05804430693387985 0.2628351151943207 0.7440832853317261 92 82 17
-0.05387122556567192 0.26272109150886536 0.7440773248672485 85 78 12
0.39201468229293823 0.29676851630210876 0.8553574085235596 36 32 1
0.42432159185409546 0.2708047032356262 0.8490719795227051 7 6 0
0.1279081404209137 0.24735784530639648 0.7760274410247803 141 134 44
0.17569030821323395 0.24946439266204834 0.7841200828552246 183 181 90
0.1757017970085144 0.24659466743469238 0.7840645909309387 183 181 90
0.04707897827029228 0.2229652851819992 0.7600852847099304 90 69 9
-0.16855424642562866 0.18751071393489838 0.7289602756500244 136 132 44
-0.1768621951341629 0.17011690139770508 0.7284044623374939 135 127 42
0.39368343353271484 0.19485288858413696 0.8623162508010864 15 13 0
0.39985719323158264 0.19550642371177673 0.8722939491271973 14 11 0
0.39421582221984863 0.19029226899147034 0.8635981678962708 19 14 0
0.41612833738327026 0.12581585347652435 0.8252134919166565 17 13 0
0.2725988030433655 0.09610769897699356 0.7839634418487549 44 35 5
-0.051201194524765015 0.0730111226439476 0.7144811153411865 115 80 0
0.2402413785457611 0.07295108586549759 0.7758960723876953 46 38 3
0.3687251806259155 0.05674908682703972 0.6524688005447388 5 5 0
0.20924746990203857 0.03124999813735485 0.7655602097511292 176 170 76
-0.11208829283714294 0.009055974893271923 0.7118716239929199 236 206 79
-0.17019900679588318 0.0015327866422012448 0.7039493918418884 147 135 44
-0.1658305674791336 0.0009801174746826291 0.7039356231689453 147 136 44
-0.1765880435705185 -0.007046038284897804 0.703967273235321 145 131 43
-0.013946063816547394 -0.02386445179581642 0.7199317812919617 239 203 78
0.03142251446843147 -0.03422480821609497 0.5776263475418091 157 144 46
0.3741340637207031 0.37785041332244873 0.8323574066162109 83 76 39
0.41550374031066895 0.40989524126052856 0.9025452136993408 104 84 39
0.41577592492103577 0.4041478633880615 0.9031273126602173 61 60 6
0.2870749533176422 0.3595477044582367 0.8161600232124329 64 59 6
0.24732188880443573 0.34347644448280334 0.8081418871879578 66 64 6
0.41798052191734314 0.36418265104293823 0.9041197299957275 68 66 11
0.23101109266281128 0.29595857858657837 0.8000475168228149 72 69 6
0.11895422637462616 0.2636665105819702 0.7760958075523376 140 135 43
0.07122852653265 0.2544747292995453 0.7680911421775818 162 141 64
-0.009022624231874943 0.2456679791212082 0.7521199584007263 91 89 15
0.3694109320640564 0.23189541697502136 0.8160109519958496 9 11 0
0.4105978310108185 0.23185592889785767 0.8880366683006287 12 11 0
0.256371408700943 0.19220426678657532 0.7919211983680725 19 18 0
0.00062920106574893 0.09608408808708191 0.7359893321990967 152 147 49
0.008359047584235668 0.08064702153205872 0.735974133014679 152 145 49
0.32065194845199585 0.07126708328723907 0.791585385799408 68 65 12
0.16865752637386322 0.04834509268403053 0.7599278092384338 179 173 77
0.008868572302162647 0.024341976270079613 0.727950930595398 146 132 35
-0.10397185385227203 -0.007242799736559391 0.7119523882865906 237 207 84
-0.0008024064591154456 0.34901538491249084 0.7680924534797668 135 118 71
0.3836486041545868 0.37987738847732544 0.840266227722168 75 65 21
0.4320646822452545 0.4011857807636261 0.880224883556366 159 147 104
0.44814977049827576 0.3690641224384308 0.8093636631965637 148 130 83
0.432059109210968 0.3990767002105713 0.880242109298706 40 34 1
0.4481174945831299 0.3669794499874115 0.8093223571777344 46 38 2
-0.1119275912642479 0.33533117175102234 0.7516019940376282 131 130 45
0.3838793933391571 0.37370166182518005 0.8407580256462097 63 59 7
0.40130192041397095 0.3840273320674896 0.8715745210647583 65 61 5
0.44805559515953064 0.3340602219104767 0.7927936315536499 39 35 0
0.048436228185892105 0.3041762709617615 0.7279386520385742 129 52 0
0.44007158279418945 0.33461692929267883 0.8171778917312622 68 65 12
-0.11291882395744324 0.300493448972702 0.7552295923233032 111 107 26
0.07666029036045074 0.29641056060791016 0.7361642122268677 157 142 55
0.1354289948940277 0.3076433539390564 0.7840408086776733 101 96 12
0.07730671763420105 0.2835733890533447 0.7371121048927307 141 53 0
0.42417338490486145 0.32723894715309143 0.8810489773750305 66 65 8
0.08062870055437088 0.2799670696258545 0.7599561214447021 147 57 0
0.41409021615982056 0.3297674059867859 0.8954700827598572 67 63 14
0.081221804022789 0.27907928824424744 0.7654905319213867 137 51 0
0.41434240341186523 0.32826054096221924 0.8960110545158386 67 63 14
0.2387719750404358 0.28705161809921265 0.8000229597091675 71 68 8
0.4320545494556427 0.29418662190437317 0.8255825638771057 32 29 0
0.04533638432621956 0.25718480348587036 0.7280888557434082 179 119 29
-0.1695770025253296 0.2535412311553955 0.7379407286643982 103 96 20
0.4321841299533844 0.27887246012687683 0.816897988319397 5 8 0
0.2479483187198639 0.27187973260879517 0.8000550270080566 77 71 8
0.17014552652835846 0.262288361787796 0.7842134833335876 182 180 89
0.4402279555797577 0.26357895135879517 0.7841581106185913 37 34 1
0.4400472342967987 0.2557871639728546 0.7784785032272339 36 34 1
0.4240942597389221 0.2791251540184021 0.8570920825004578 10 9 0
0.398039311170578 0.28001391887664795 0.8678864240646362 10 9 0
-0.10381533950567245 0.2370958924293518 0.7444719672203064 123 122 35
0.416132390499115 0.27001723647117615 0.8816661238670349 7 8 0
0.08734641969203949 0.2317381203174591 0.7680349349975586 248 201 101
0.27088621258735657 0.23994126915931702 0.8001999855041504 17 13 0
-0.015958042815327644 0.21178089082241058 0.7434107065200806 138 134 42
0.14295034110546112 0.22382764518260956 0.7760762572288513 122 118 33
0.4160965383052826 0.2464701235294342 0.8745052218437195 7 7 0
-0.01596614345908165 0.20745539665222168 0.7438340187072754 141 136 42
0.4075705409049988 0.2434770166873932 0.8886396884918213 9 7 0
0.23950356245040894 0.21492283046245575 0.7921794056892395 21 18 0
0.199709951877594 0.2042464017868042 0.7841605544090271 187 186 93
0.42405441403388977 0.21053056418895721 0.8251295685768127 7 7 0
-0.1447829306125641 0.18339411914348602 0.7281028032302856 186 168 67
0.4240196645259857 0.20656393468379974 0.8250434994697571 9 7 0
0.031113820150494576 0.18352003395557404 0.7520964741706848 148 140 47
0.09513232856988907 0.15997099876403809 0.760019838809967 150 145 53
0.4241514801979065 0.15113165974617004 0.7928900122642517 8 8 0
0.16848887503147125 0.1316199153661728 0.7578279972076416 183 178 80
0.4160451292991638 0.14370828866958618 0.8340566158294678 16 14 0
0.17629151046276093 0.13072052597999573 0.7666256427764893 185 181 84
0.40805888175964355 0.142634779214859 0.8644284009933472 21 18 0
-0.1445436030626297 0.11929580569267273 0.7200927734375 125 119 31
-0.08147937804460526 0.11938575655221939 0.728101372718811 122 130 33
0.42415177822113037 0.12584902346134186 0.7844576239585876 9 8 0
0.2953888773918152 0.1271410882472992 0.7920976877212524 86 85 12
0.4082247018814087 0.12349820882081985 0.8579885959625244 16 16 0
0.1356891244649887 0.1107480451464653 0.7600378394126892 148 144 49
0.21545004844665527 0.1111973375082016 0.7760663032531738 205 201 106
0.424099326133728 0.11116355657577515 0.7761991620063782 8 7 0
0.4082161784172058 0.1178755834698677 0.8576574325561523 19 16 0
0.41618138551712036 0.11001430451869965 0.8175594210624695 14 10 0
-0.0003887325001414865 0.09438008815050125 0.7360926270484924 154 147 49
0.0708172619342804 0.08688583225011826 0.7440971732139587 135 86 28
0.4241250157356262 0.08672214299440384 0.7681590914726257 5 4 0
0.2790273427963257 0.07670153677463531 0.7842013835906982 37 33 0
-0.09909235686063766 0.06380952894687653 0.7200431823730469 170 168 49
0.24654634296894073 0.06283191591501236 0.7760380506515503 39 34 0
0.24913300573825836 0.062349800020456314 0.7763723731040955 39 36 0
-0.11982803791761398 0.019804231822490692 0.7209966778755188 164 149 47
-0.008442789316177368 0.021565234288573265 0.7040494084358215 219 200 89
-0.007093149237334728 0.021211018785834312 0.7041581869125366 223 207 100
-0.11972657591104507 0.01558414101600647 0.720361590385437 234 210 98
0.0770210400223732 0.008772536180913448 0.5852961540222168 148 141 44
0.07692132145166397 0.007649827282875776 0.5845403075218201 148 141 44
0.07140113413333893 -0.00011899997480213642 0.5760154128074646 154 142 46
0.12754540145397186 -0.015728862956166267 0.5842477679252625 129 115 30
-0.12796474993228912 -0.061619359999895096 0.7125391960144043 209 175 43
-0.12781880795955658 -0.06698744744062424 0.7124626636505127 214 181 45
-0.1279097944498062 -0.0824410691857338 0.7122623324394226 192 146 22
-0.18473796546459198 -0.08050145208835602 0.6963217854499817 97 76 7
-0.18336635828018188 -0.08003268390893936 0.6961522102355957 92 72 2
-0.1755904257297516 -0.1076989620923996 0.6919322609901428 137 116 27
0.4161946475505829 0.3180973529815674 0.8962281346321106 26 29 2
0.04008329659700394 0.23947253823280334 0.7333112359046936 189 139 47
0.18029741942882538 0.2560269832611084 0.784122884273529 185 185 91
0.3681394159793854 0.180678129196167 0.8127045035362244 14 13 0
-0.04803261533379555 0.15068866312503815 0.7360038161277771 157 152 62
-0.1675897091627121 0.12686023116111755 0.7200040817260742 125 119 29
-0.0960245132446289 0.12685589492321014 0.7280658483505249 190 184 78
0.07075850665569305 0.00874768290668726 0.5844475626945496 151 141 43
-0.09563224017620087 -0.08105301856994629 0.7041794061660767 198 162 32
0.08615405857563019 0.29775694012641907 0.7707383036613464 142 54 0
0.36847737431526184 0.30361074209213257 0.8241662979125977 57 63 2
0.15933874249458313 0.27087661623954773 0.7840843200683594 175 174 81
-0.11930708587169647 0.2547459006309509 0.7438660860061646 123 122 31
-0.11830494552850723 0.25492966175079346 0.7464877367019653 126 125 36
0.16682136058807373 0.26342493295669556 0.7841600775718689 179 178 87
0.2631921172142029 0.24747562408447266 0.8000657558441162 12 11 0
-0.01597028598189354 0.2191469967365265 0.7438725233078003 133 132 41
0.18326476216316223 0.23060326278209686 0.7841396331787109 183 182 89
-0.1210796907544136 0.18078982830047607 0.74601811170578 137 132 40
0.36819469928741455 0.20045548677444458 0.8129050135612488 12 13 0
0.18581582605838776 0.17358627915382385 0.7759156227111816 185 180 88
-0.00038618515827693045 0.15085965394973755 0.7441036701202393 150 146 47
0.16786500811576843 0.12285223603248596 0.7680617570877075 181 175 83
0.016273802146315575 0.015966877341270447 0.7279865741729736 126 112 21
0.017663966864347458 0.015970002859830856 0.7281273603439331 122 107 17
0.023037880659103394 0.001994810998439789 0.5867969989776611 128 114 22
0.12026500701904297 -0.023232363164424896 0.5758181810379028 128 118 25
0.13542450964450836 0.3036210238933563 0.7840585112571716 108 100 17
0.25554513931274414 0.2550447881221771 0.8000509142875671 41 41 16
0.31198203563690186 0.23913748562335968 0.8080109357833862 14 11 0
0.41603076457977295 0.2227630764245987 0.8640937209129333 15 9 0
0.19968460500240326 0.1984829306602478 0.7840620279312134 187 186 95
-0.17641325294971466 0.1642453521490097 0.728220522403717 133 128 36
-0.05536004155874252 0.04162817448377609 0.7040838003158569 142 108 15
-0.0553598590195179 0.03961697593331337 0.7040787935256958 147 119 20
-0.13698454201221466 -0.01423462200909853 0.7137433886528015 209 183 55
-0.1358271837234497 -0.01433801744133234 0.7184129357337952 209 184 61
-0.1438748985528946 -0.024751747027039528 0.7041735649108887 224 191 61
-0.16699936985969543 -0.04058919474482536 0.6999067664146423 133 114 22
-0.13628005981445312 -0.06998829543590546 0.720716655254364 207 173 35
-0.1362496167421341 -0.0720309168100357 0.7205513119697571 194 154 19
